ทางหลวงสาย,ตอนควบคุม,ชื่อสายทาง,จุดสำรวจ,รถยนต์นั่ง (ไม่เกิน 7 คน),รถยนต์นั่ง (เกิน 7 คน),รถโดยสารขนาดเล็ก,รถโดยสารขนาดกลาง,รถโดยสารขนาดใหญ่,   รถบรรทุกขนาดเล็ก    ( 4 ล้อ),รถบรรทุกขนาด 2 เพลา  (6 ล้อ),     รถบรรทุกขนาด 3 เพลา (10 ล้อ),   รถบรรทุกพ่วง  (มากกว่า 3 เพลา),   รถบรรทุกกึ่งพ่วง (มากกว่า 3 เพลา),รวม,   % ของยานยนต์หนัก,จักรยาน 2 ล้อ และ จักรยาน 3 ล้อ,สามล้อเครื่องและจักรยานยนต์,แขวงทางหลวง,จังหวัด
1,102,แยก คปอ. - สนามกีฬาธูปะเตมีย์,25+556,"22,176","8,681",11,458,"1,123","12,156",379,73,62,26,"45,145",4.698,142,10755,ขท.กรุงเทพ,กรุงเทพมหานคร
1,201,สนามกีฬาธูปะเตมีย์ - ต่างระดับคลองหลวง,35+550,"108,048","24,599","1,498","2,934","8,320","41,874","6,129","2,849",909,862,"198,022",11.111,235,12095,ขท.ปทุมธานี,ปทุมธานี
1,202,ต่างระดับคลองหลวง - ประตูน้ำพระอินทร์,48+100,"85,746","38,515","3,302","5,779","10,714","51,939","20,276","3,301","2,110","1,227","222,909",19.473,69,13854,ขท.ปทุมธานี,พระนครศรีอยุธยา
1,302,ต่างระดับบางปะอิน - หนองแค,60+800,"31,322","26,783","7,831","2,846","3,528","8,246","7,409","8,442","7,291","7,198","110,896",33.107,0,1516,ขท.อยุธยา,พระนครศรีอยุธยา
1,302,ต่างระดับบางปะอิน - หนองแค,67+300,"35,261","21,318","8,753","2,341","3,479","17,126","16,146","10,703","10,827","9,738","135,692",39.231,0,1545,ขท.อยุธยา,พระนครศรีอยุธยา
1,401,หนองแค - หินกอง,92+000,"25,270","21,504",376,914,"3,146","31,421","4,627","6,756","7,949","7,314","109,277",28.099,46,2611,ขท.สระบุรี,สระบุรี
1,403,ปากข้าวสาร - แยกสวนพฤกษศาสตร์พุแค,121+000,"13,613","15,372","2,724","2,127","2,152","6,529","3,803","3,352","6,666","7,231","63,569",39.848,342,2889,ขท.สระบุรี,สระบุรี
1,404,แยกสวนพฤกษศาสตร์พุแค - แยกโรงเรียนสุธีวิทยา,136+208,"8,592","6,658","2,276","3,184","2,244","6,376","4,695","3,406","4,072","3,640","45,143",47.053,280,5275,ขท.สระบุรี,สระบุรี
1,501,แยกโรงเรียนสุธีวิทยา - ดงจำปา,142+200,"6,382","7,716","2,133",627,552,"2,193","1,592","1,409","2,108","1,444","26,156",29.561,139,1888,ขท.ลพบุรีที่ 1,สระบุรี
1,503,แยก ร.พ.อานันทมหิดล - โคกสำโรง,167+355,"6,610","3,158",233,17,86,"4,573",231,104,225,84,"15,321",4.876,25,2596,ขท.ลพบุรีที่ 1,ลพบุรี
1,504,โคกสำโรง - หนองม่วง,192+000,"4,952","1,790",68,42,122,"2,187",321,255,370,241,"10,348",13.056,3,1899,ขท.ลพบุรีที่ 1,ลพบุรี
1,601,ลำพยนต์ - เกษตรชัย,222+176,656,235,5,3,18,"2,283",182,155,489,164,"4,190",24.129,8,634,ขท.นครสวรรค์ที่ 2 (ตากฟ้า),นครสวรรค์
1,602,เกษตรชัย - ตาคลี,235+000,"1,024",209,0,0,7,"2,216",169,143,137,100,"4,005",13.883,4,776,ขท.นครสวรรค์ที่ 2 (ตากฟ้า),นครสวรรค์
1,603,ตาคลี - ดอนรังนก,254+000,"2,206","1,220",51,0,18,"2,332",210,186,289,118,"6,630",12.383,14,2094,ขท.นครสวรรค์ที่ 2 (ตากฟ้า),นครสวรรค์
1,700,ดอนรังนก - หางน้ำหนองแขม,267+758,"2,687","2,231",4,1,7,"1,714",392,332,634,146,"8,148",18.557,13,674,ขท.ชัยนาท,ชัยนาท
1,700,ดอนรังนก - หางน้ำหนองแขม,289+504,"7,601","1,875",0,5,31,"3,558",633,366,671,282,"15,022",13.234,15,1573,ขท.ชัยนาท,ชัยนาท
1,700,ดอนรังนก - หางน้ำหนองแขม,291+711,"4,488","1,993",18,33,35,"5,011",489,346,515,230,"13,158",12.525,17,976,ขท.ชัยนาท,ชัยนาท
1,801,หางน้ำหนองแขม - บ้านหว้า,306+776,"8,843","9,899",0,56,384,"14,708","1,560","1,928","1,938","1,941","41,257",18.923,0,936,ขท.นครสวรรค์ที่ 1,นครสวรรค์
1,801,หางน้ำหนองแขม - บ้านหว้า,316+676,"6,141","6,015",0,0,349,"9,732","1,741","1,750","1,763","1,762","29,253",25.177,31,924,ขท.นครสวรรค์ที่ 1,นครสวรรค์
1,802,บ้านหว้า - วังไผ่,331+276,"8,767","8,522",9,"1,609","1,757","14,463","1,625","1,807","1,724","1,612","41,895",24.189,14,7427,ขท.นครสวรรค์ที่ 1,นครสวรรค์
1,802,บ้านหว้า - วังไผ่,341+076,"11,836","9,292","1,516","1,423","1,543","13,200","1,494","1,467","1,308","1,432","44,511",19.472,157,9073,ขท.นครสวรรค์ที่ 1,นครสวรรค์
1,803,วังไผ่ -โนนปอแดง,356+936,"7,016","2,359",23,18,31,"1,600","1,149","1,088","1,171","1,307","15,762",30.225,4,1021,ขท.นครสวรรค์ที่ 1,นครสวรรค์
1,803,วังไผ่ -โนนปอแดง,377+276,"4,788","2,548",29,9,39,"4,534",982,997,"1,539","1,569","17,034",30.146,23,573,ขท.นครสวรรค์ที่ 1,นครสวรรค์
1,901,โนนปอแดง - ปากดง,390+276,"7,771","2,126",63,36,47,"8,611","1,102",929,"1,398","1,881","23,964",22.505,45,1059,ขท.กำแพงเพชร,กำแพงเพชร
1,901,โนนปอแดง - ปากดง,417+776,"4,300","1,830",35,61,55,"5,197",864,675,"1,057","1,411","15,485",26.626,50,1008,ขท.กำแพงเพชร,กำแพงเพชร
1,901,โนนปอแดง - ปากดง,423+900,"6,000","2,537",32,6,66,"7,700","1,156",833,"1,111","1,540","20,981",22.458,22,817,ขท.กำแพงเพชร,กำแพงเพชร
1,902,ปากดง - นครชุม,457+876,"7,535","3,099",38,18,56,"3,973","1,297","1,487","1,813","1,897","21,213",30.962,42,2836,ขท.กำแพงเพชร,กำแพงเพชร
1,903,นครชุม - วังเจ้า,485+476,"3,494","2,111",25,11,43,"6,756","1,060",629,821,"1,432","16,382",24.393,5,850,ขท.กำแพงเพชร,กำแพงเพชร
1,1001,วังเจ้า - ตาก,511+796,"2,263","1,784",10,8,38,"4,516",856,651,769,"1,315","12,210",29.787,15,552,ขท.ตากที่ 1,ตาก
1,1003,วังม่วง - แม่เชียงรายบน,543+117,"3,161","3,332",99,0,0,"1,246",423,"1,436","1,636",65,"11,398",31.234,21,648,ขท.ตากที่ 1,ตาก
1,1101,แม่เชียงรายบน - ดอนไชย,589+255,"3,362","3,047",14,7,92,"1,112","1,070",906,"1,168","1,400","12,178",38.126,23,257,ขท.ลำปางที่ 1,ลำปาง
1,1102,ดอนไชย - สบปราบ,617+097,"5,469",828,31,0,0,"1,440",825,520,766,442,"10,321",24.736,0,1188,ขท.ลำปางที่ 1,ลำปาง
1,1103,สบปราบ - เกาะคา,650+917,"3,257",936,314,123,38,"4,012","1,025",681,819,963,"12,168",29.988,5,672,ขท.ลำปางที่ 1,ลำปาง
1,1103,สบปราบ - เกาะคา,688+017,"3,882",779,226,121,50,"3,947","1,323",811,978,"1,035","13,152",32.832,5,908,ขท.ลำปางที่ 1,ลำปาง
1,1104,เกาะคา - สามัคคี,697+942,"19,330","19,186",557,484,636,"9,267","1,706","1,686","1,129","1,052","55,033",12.162,369,10101,ขท.ลำปางที่ 1,ลำปาง
1,1104,เกาะคา - สามัคคี,701+817,"11,024","10,382",347,271,256,"7,048",698,547,439,485,"31,497",8.56,188,7067,ขท.ลำปางที่ 1,ลำปาง
1,1104,เกาะคา - สามัคคี,708+317,"9,096","9,062",885,610,389,"5,179","1,502","1,489","1,177","1,186","30,575",20.778,406,6689,ขท.ลำปางที่ 1,ลำปาง
1,1201,สามัคคี - บ้านหวด,720+367,"4,097","4,254","1,087",912,766,"3,013","1,074",952,912,903,"17,970",30.712,488,3680,ขท.ลำปางที่ 2,ลำปาง
1,1201,สามัคคี - บ้านหวด,769+397,"2,243","1,639",782,494,603,"2,044",749,718,731,724,"10,727",37.466,346,1370,ขท.ลำปางที่ 2,ลำปาง
1,1202,บ้านหวด - แม่กา,784+017,"3,799","1,916",552,513,762,"2,146","1,359","1,173","1,193","1,131","14,544",42.155,302,2894,ขท.ลำปางที่ 2,ลำปาง
1,1202,บ้านหวด - แม่กา,787+129,"3,140","2,788","1,117",685,768,"2,071","1,286","1,257","1,159",924,"15,195",40.007,414,2819,ขท.ลำปางที่ 2,ลำปาง
1,1202,บ้านหวด - แม่กา,790+517,"2,340","1,569",798,667,703,"3,056","1,023","1,034","1,003",971,"13,164",41.029,453,2511,ขท.ลำปางที่ 2,ลำปาง
1,1301,แม่กา - แยกประตูชัย,822+117,"5,721","2,625",71,29,49,"5,394",528,585,654,664,"16,320",15.374,23,2188,ขท.พะเยา,พะเยา
1,1301,แม่กา - แยกประตูชัย,836+967,"9,719","2,476",44,15,26,"9,636",286,154,312,95,"22,763",3.901,75,3007,ขท.พะเยา,พะเยา
1,1302,แยกประตูชัย - พาน,867+967,"2,491",319,5,12,41,"3,863",316,257,250,275,"7,829",14.702,38,1249,ขท.พะเยา,พะเยา
1,1401,พาน - ร่องขุ่น,909+967,"8,693","1,322",76,37,49,"2,962",674,425,343,264,"14,845",12.071,29,1679,ขท.เชียงรายที่ 1,เชียงราย
1,1402,ร่องขุ่น - แยกแม่กรณ์,924+617,"6,362","6,666",198,195,189,"8,392",826,824,815,844,"25,311",14.59,800,6658,ขท.เชียงรายที่ 1,เชียงราย
1,1403,แยกแม่กรณ์ - ห้วยพลู,930+617,"9,275","7,490",52,51,43,"10,828",49,44,40,48,"27,920",0.985,60,6885,ขท.เชียงรายที่ 1,เชียงราย
1,1403,แยกแม่กรณ์ - ห้วยพลู,942+167,"8,508","2,948",89,55,57,"11,838",45,47,35,45,"23,667",1.2,56,5728,ขท.เชียงรายที่ 1,เชียงราย
1,1403,แยกแม่กรณ์ - ห้วยพลู,948+000,"7,648","3,597",203,161,146,"7,608",824,655,542,437,"21,821",12.671,166,5273,ขท.เชียงรายที่ 1,เชียงราย
1,1405,แม่คำ - กลางสะพานแม่น้ำสาย(เขตแดนไทย/พม่า),975+777,"2,975","2,005",29,152,43,"4,178",132,78,43,37,"9,672",5.014,36,2785,ขท.เชียงรายที่ 1,เชียงราย
2,102,ตาลเดี่ยว - ซับบอน,11+000,"22,621","20,766","1,716","3,960","2,215","11,959","10,428","11,008","11,133","11,301","107,107",46.724,204,2519,ขท.สระบุรี,สระบุรี
2,102,ตาลเดี่ยว - ซับบอน,21+250,"15,240","17,414","1,422","1,687","2,516","11,443","12,639","11,831","11,090","10,074","95,356",52.264,239,3489,ขท.สระบุรี,สระบุรี
2,103,ซับบอน - มวกเหล็ก,35+200,"16,414","11,555",489,767,234,"7,358","2,662","2,457","1,954","2,206","46,096",22.301,61,1940,ขท.สระบุรี,สระบุรี
2,201,มวกเหล็ก - บ่อทอง,45+600,"7,460","5,204","2,813","2,988",843,"9,541","5,610","5,197","6,001","5,929","51,586",51.502,0,1493,ขท.นครราชสีมาที่ 2,นครราชสีมา
2,201,มวกเหล็ก - บ่อทอง,58+015,"7,828","6,723","1,110","1,125","1,190","12,313","2,620","2,276","2,312","1,747","39,244",28.718,0,2510,ขท.นครราชสีมาที่ 2,นครราชสีมา
2,202,บ่อทอง - มอจะบก,87+438,"21,194","8,193",237,121,326,"5,456","2,738","3,404","4,377","6,584","52,630",33.346,13,708,ขท.นครราชสีมาที่ 2,นครราชสีมา
2,203,มอจะบก - ไร่โคกสูง,103+438,"8,803","7,683",82,89,329,"1,697","3,774","3,717","1,794","1,488","29,456",37.992,5,1858,ขท.นครราชสีมาที่ 2,นครราชสีมา
2,203,มอจะบก - ไร่โคกสูง,109+962,"8,346","8,395",53,55,528,"1,873","1,939","1,861","1,677","1,273","26,000",28.204,3,1157,ขท.นครราชสีมาที่ 2,นครราชสีมา
2,204,ไร่โคกสูง - โคกกรวด,117+262,"8,781","5,691",609,679,890,"6,769","2,119","1,598","1,696","1,666","30,498",28.356,29,1797,ขท.นครราชสีมาที่ 2,นครราชสีมา
2,205,โคกกรวด - นครราชสีมา,146+072,"30,698","28,921","2,568","1,640","1,610","4,364","1,809","1,411",355,451,"73,827",9.855,257,14331,ขท.นครราชสีมาที่ 2,นครราชสีมา
2,301,นครราชสีมา - ดอนหวาย,148+657,"47,485","19,750","1,361",311,"1,187","31,197",229,76,9,15,"101,620",1.798,15,21975,ขท.นครราชสีมาที่ 1,นครราชสีมา
2,302,ดอนหวาย - บ้านวัด,193+612,"5,183","2,321",37,52,152,"11,146","1,828","1,563","1,297","2,786","26,365",29.122,11,495,ขท.นครราชสีมาที่ 1,นครราชสีมา
2,302,ดอนหวาย - บ้านวัด,197+162,"7,679","4,294",8,31,118,"10,926","1,776","1,303","1,406","2,371","29,912",23.419,8,959,ขท.นครราชสีมาที่ 1,นครราชสีมา
2,302,ดอนหวาย - บ้านวัด,204+357,"6,499","4,898",39,33,129,"8,635","1,590","1,175","2,115","1,346","26,459",24.143,4,558,ขท.นครราชสีมาที่ 1,นครราชสีมา
2,403,บ้านไผ่ - ท่าพระ,310+578,"13,008","5,737",35,16,75,"3,155","1,283",797,866,"1,967","26,939",18.575,6,1888,ขท.ขอนแก่นที่ 3 (บ้านไผ่),ขอนแก่น
2,501,ท่าพระ - ขอนแก่น,334+181,"11,459","12,300","1,396",0,542,"16,934",807,595,483,383,"44,899",6.258,0,5307,ขท.ขอนแก่นที่ 1,ขอนแก่น
2,502,ขอนแก่น - หินลาด,344+331,"26,624","20,308",786,609,489,667,832,523,470,474,"51,782",6.56,319,5191,ขท.ขอนแก่นที่ 1,ขอนแก่น
2,503,หินลาด - โนนสะอาด,365+007,"5,005","4,359",202,164,477,"2,286","1,516","1,680","1,504","1,398","18,591",36.249,42,2068,ขท.ขอนแก่นที่ 1,ขอนแก่น
2,503,หินลาด - โนนสะอาด,374+669,"5,667","5,717",102,78,113,"2,126","1,204","1,246","1,073","1,310","18,636",26.959,38,1429,ขท.ขอนแก่นที่ 1,ขอนแก่น
2,601,โนนสะอาด - อุดรธานี,400+945,"3,271","1,919",67,7,46,"4,013",583,531,404,753,"11,594",20.045,8,1345,ขท.อุดรธานีที่ 1,อุดรธานี
2,601,โนนสะอาด - อุดรธานี,443+084,"13,282",742,419,81,76,"8,816",856,414,397,670,"25,753",9.684,54,3018,ขท.อุดรธานีที่ 1,อุดรธานี
2,602,อุดรธานี - น้ำสวย,458+935,"8,054","4,403",345,232,213,"8,979","1,148",615,538,407,"24,934",12.645,13,4307,ขท.อุดรธานีที่ 1,อุดรธานี
2,602,อุดรธานี - น้ำสวย,471+435,"8,338","4,990",235,130,92,"6,738","1,261",649,510,314,"23,257",12.71,16,3110,ขท.อุดรธานีที่ 1,อุดรธานี
2,700,น้ำสวย - สะพานมิตรภาพที่หนองคาย(เขตแดนไทย/ลาว),487+006,"8,035","4,340","1,470",649,633,"4,218","1,535","1,232","1,292","1,350","24,754",27.03,548,2657,ขท.หนองคาย,หนองคาย
2,700,น้ำสวย - สะพานมิตรภาพที่หนองคาย(เขตแดนไทย/ลาว),498+256,"9,809","4,998","1,615",606,555,"4,561","2,385","2,145","2,119","1,596","30,389",30.952,905,3993,ขท.หนองคาย,หนองคาย
2,700,น้ำสวย - สะพานมิตรภาพที่หนองคาย(เขตแดนไทย/ลาว),505+850,"6,193","3,103","1,371",610,576,"2,030","1,228","1,181",835,"1,281","18,408",31.025,862,4029,ขท.หนองคาย,หนองคาย
3,102,แบริ่ง - ท้ายบ้าน,20+000,"7,571","7,066",992,716,"1,061","2,004","1,019",394,124,38,"20,985",15.973,108,5311,ขท.สมุทรปราการ,สมุทรปราการ
3,104,บางตำหรุ - คลองด่าน,40+800,"13,053","4,455",735,648,716,"11,511","3,860",948,801,743,"37,470",20.592,440,5711,ขท.สมุทรปราการ,สมุทรปราการ
3,200,คลองด่าน - บางปะกง,74+000,"5,540","4,613","4,098","4,143","4,355","7,991","5,003","4,806","4,787","4,380","49,716",55.262,0,4038,ขท.ฉะเชิงเทรา,ฉะเชิงเทรา
3,200,คลองด่าน - บางปะกง,75+738,"4,631","4,640","3,534","3,594","4,196","5,847","5,050","4,302","4,317","4,097","44,208",57.809,0,3518,ขท.ฉะเชิงเทรา,ฉะเชิงเทรา
3,300,หนองไม้แดง - ชลบุรี,91+767,"10,080","6,658",684,641,"1,598","14,069",95,3,0,0,"33,828",6.908,23,9667,ขท.ชลบุรีที่ 1,ชลบุรี
3,401,ชลบุรี - ศรีราชา,97+270,"17,873","11,334","1,860",158,189,"14,222",270,155,20,24,"46,105",1.77,16,7807,ขท.ชลบุรีที่ 2,ชลบุรี
3,401,ชลบุรี - ศรีราชา,111+000,"14,711","14,286",452,96,215,"15,089",403,480,146,90,"45,968",3.111,12,5378,ขท.ชลบุรีที่ 2,ชลบุรี
3,402,ศรีราชา - พัทยา,130+000,"22,883","16,576","3,067",581,"1,417","10,078","3,064","2,785","2,908","4,544","67,903",22.531,6,11828,ขท.ชลบุรีที่ 2,ชลบุรี
3,403,พัทยา - พลูตาหลวง,175+000,"11,595","9,158","1,749",334,268,"5,069","1,624",129,23,6,"29,955",7.959,0,6311,ขท.ชลบุรีที่ 2,ชลบุรี
3,501,พลูตาหลวง - มาบตาพุด,206+000,"11,031","5,428",241,421,576,"12,304",896,954,959,648,"33,458",13.312,12,6716,ขท.ระยอง,ระยอง
3,503,ระยอง - กะเฉด,246+000,"5,426","3,983",365,7,4,"9,600",412,891,390,376,"21,454",9.695,45,2459,ขท.ระยอง,ระยอง
3,504,กะเฉด - นายายอาม,272+500,"9,839",697,0,0,210,"11,312",581,839,553,269,"24,300",10.091,32,5410,ขท.ระยอง,ระยอง
3,601,นายายอาม - บ้านสิ้ว,306+375,"4,964","3,680",67,47,49,"15,558",591,687,525,476,"26,644",8.914,6,1029,ขท.จันทบุรี,จันทบุรี
3,602,บ้านสิ้ว - โพธิ์ทอง,324+400,"11,890","5,548",67,111,164,"18,252","1,636",983,459,89,"39,199",8.781,51,2389,ขท.จันทบุรี,จันทบุรี
3,603,โพธิ์ทอง - บ้านพลิ้ว,340+000,"9,195","6,447",0,16,29,"10,469","1,385",275,108,183,"28,107",7.101,22,2629,ขท.จันทบุรี,จันทบุรี
3,701,บ้านพลิ้ว - แม่น้ำเวฬุ,374+753,"2,673","3,468",4,12,17,"6,749",639,503,414,395,"14,874",13.312,16,1770,ขท.ตราด,จันทบุรี
3,704,แม่น้ำตราด - หาดเล็ก,404+042,"4,522",825,160,18,13,"4,404",226,185,132,125,"10,610",6.588,27,2876,ขท.ตราด,ตราด
3,704,แม่น้ำตราด - หาดเล็ก,440+333,"1,007",466,36,8,7,"1,025",69,81,99,110,"2,908",12.861,10,410,ขท.ตราด,ตราด
3,704,แม่น้ำตราด - หาดเล็ก,474+575,"2,106",556,262,8,0,"3,490",213,104,83,130,"6,952",7.739,35,2274,ขท.ตราด,ตราด
4,100,อ้อมใหญ่ - นครชัยศรี,26+500,"26,290","8,985","1,004",266,449,"20,574","1,303","1,202",752,174,"60,999",6.797,100,14873,ขท.สมุทรสาคร,นครปฐม
4,100,อ้อมใหญ่ - นครชัยศรี,31+500,"20,608","8,672",414,151,473,"16,071","1,029",622,613,200,"48,853",6.321,97,8381,ขท.สมุทรสาคร,นครปฐม
4,201,นครชัยศรี - พระประโทน,41+500,"35,969","17,637","1,708","1,627","1,469","19,626","5,698","5,563","5,604","1,316","96,217",22.114,15,3839,ขท.นครปฐม,นครปฐม
4,202,พระประโทน - สระกระเทียม,55+087,"25,156","17,630","2,980","3,238","3,349","23,686","6,451","7,823","7,653","5,089","103,055",32.607,83,9258,ขท.นครปฐม,นครปฐม
4,202,พระประโทน - สระกระเทียม,64+387,"27,461","7,204","2,301","2,772","2,367","25,963","6,886","5,642","6,406","4,743","91,745",31.409,0,5379,ขท.นครปฐม,นครปฐม
4,301,สระกระเทียม - คลองอีจาง,69+087,"10,075","5,712",860,745,767,"8,180","3,297","3,257","3,124","1,860","37,877",34.454,87,1924,ขท.ราชบุรี,ราชบุรี
4,301,สระกระเทียม - คลองอีจาง,77+850,"11,557","5,450",257,539,90,"22,990","2,446","2,406","1,694","1,321","48,750",17.428,11,2671,ขท.ราชบุรี,ราชบุรี
4,301,สระกระเทียม - คลองอีจาง,79+087,"10,862","8,138","2,503","2,533","2,693","26,438","5,755","4,387","3,569","2,309","69,187",30.708,59,7548,ขท.ราชบุรี,ราชบุรี
4,302,คลองอีจาง - หลุมดิน,92+667,"11,028","8,800","3,349","2,784","3,302","21,248","4,720","4,322","2,914","2,362","64,829",31.474,50,10733,ขท.ราชบุรี,ราชบุรี
4,303,หลุมดิน - ห้วยชินสีห์,103+887,"9,956","8,909",301,35,23,"10,805","1,675","1,058",765,692,"34,219",12.414,10,4876,ขท.ราชบุรี,ราชบุรี
4,401,ห้วยชินสีห์ - ปากท่อ,111+587,"10,376","9,204",52,85,203,"11,368",843,"1,177",917,638,"34,863",11.081,21,4012,ขท.สมุทรสงคราม,ราชบุรี
4,501,สระพัง - เขาวัง,135+587,"9,685","9,033","2,183",267,"1,287","6,869","2,610","2,594","1,487","1,239","37,254",25.458,143,5646,ขท.เพชรบุรี,เพชรบุรี
4,502,เขาวัง - หนองบ้วย,158+339,"10,996","8,127",487,"1,017",385,"8,305","4,443","1,791","1,468","1,278","38,297",27.109,15,6455,ขท.เพชรบุรี,เพชรบุรี
4,503,หนองบ้วย - ห้วยทรายใต้,185+782,"9,416","8,752","1,694","1,613","1,593","8,627","5,227","1,717","1,835","1,621","42,095",32.322,27,7036,ขท.เพชรบุรี,เพชรบุรี
4,503,หนองบ้วย - ห้วยทรายใต้,202+767,"8,348","8,690","1,347",785,154,"1,298","1,076",859,137,131,"22,825",13.766,23,6296,ขท.เพชรบุรี,เพชรบุรี
4,602,วังยาว - หนองหมู,237+500,"11,514","7,513",87,128,613,"11,942","1,644","1,829","1,511","1,114","37,895",18.047,58,5686,ขท.ประจวบคีรีขันธ์ (หัวหิน),ประจวบคีรีขันธ์
4,603,หนองหมู - ห้วยยาง,278+213,"4,808","2,511",240,0,241,"2,507","2,278","3,110","2,868","3,111","21,674",53.557,0,1802,ขท.ประจวบคีรีขันธ์ (หัวหิน),ประจวบคีรีขันธ์
4,603,หนองหมู - ห้วยยาง,299+888,"5,933","4,340",305,0,288,"3,553","2,812","3,453","3,502","2,539","26,725",47.124,0,1001,ขท.ประจวบคีรีขันธ์ (หัวหิน),ประจวบคีรีขันธ์
4,603,หนองหมู - ห้วยยาง,315+813,"3,669","3,457",217,0,322,"3,282","2,578","3,193","3,494","3,000","23,212",54.226,0,1361,ขท.ประจวบคีรีขันธ์ (หัวหิน),ประจวบคีรีขันธ์
4,604,ห้วยยาง -  บางสะพาน,350+013,"5,639","4,067",61,36,71,"3,895","1,658","1,609","1,717","1,955","20,708",34.025,48,2922,ขท.ประจวบคีรีขันธ์ (หัวหิน),ประจวบคีรีขันธ์
4,605,บางสะพาน - น้ำรอด,387+313,"8,033","5,352",22,14,27,"4,230","1,911","1,923","1,817","3,627","26,956",34.571,5,1256,ขท.ประจวบคีรีขันธ์ (หัวหิน),ประจวบคีรีขันธ์
4,701,น้ำรอด - พ่อตาหินช้าง,428+490,"5,722",802,5,9,58,"9,270","1,661","1,663",892,"2,387","22,469",29.685,2,1219,ขท.ชุมพร,ชุมพร
4,702,พ่อตาหินช้าง - วังครก,451+513,"5,764","2,609",157,1,235,"2,694","1,725","1,664","1,659","1,714","18,222",38.404,168,1513,ขท.ชุมพร,ชุมพร
4,801,เสียบญวณ - กระบุรี,490+753,"4,570",924,99,39,24,"2,260",369,266,250,205,"9,006",12.803,4,1508,ขท.ระนอง,ชุมพร
4,801,เสียบญวณ - กระบุรี,528+103,"1,134",688,69,10,5,"3,573",206,245,116,110,"6,156",11.241,13,1274,ขท.ระนอง,ระนอง
4,802,กระบุรี - หงาว,565+823,"2,187","1,802",94,56,12,"1,187",259,296,181,112,"6,186",14.808,6,1594,ขท.ระนอง,ระนอง
4,802,กระบุรี - หงาว,590+103,"1,942","1,445",297,48,9,"1,745",438,366,156,74,"6,520",16.733,32,979,ขท.ระนอง,ระนอง
4,802,กระบุรี - หงาว,608+465,"6,231","1,252",94,48,16,"1,923",297,294,53,50,"10,258",7.389,34,2802,ขท.ระนอง,ระนอง
4,803,หงาว - อ่าวเคย,644+321,956,471,55,58,12,"2,374",160,97,43,22,"4,248",9.228,15,1360,ขท.ระนอง,ระนอง
4,803,หงาว - อ่าวเคย,675+021,"1,307","1,062",18,2,6,966,132,144,96,44,"3,777",11.226,14,1062,ขท.ระนอง,ระนอง
4,803,หงาว - อ่าวเคย,691+821,395,316,15,4,8,"1,414",71,52,80,7,"2,362",9.399,5,893,ขท.ระนอง,ระนอง
4,901,อ่าวเคย - บางนายสี,711+821,"2,570",250,51,16,11,"1,704",275,332,212,88,"5,509",16.954,16,1789,ขท.พังงา,พังงา
4,901,อ่าวเคย - บางนายสี,741+421,"2,235",90,12,13,13,"1,463",94,271,74,43,"4,308",11.792,8,1015,ขท.พังงา,พังงา
4,901,อ่าวเคย - บางนายสี,762+021,"2,704",244,35,34,22,763,270,238,179,89,"4,578",18.174,2,1312,ขท.พังงา,พังงา
4,902,ตะกั่วป่า - บางสัก,770+127,"5,026","4,803",468,268,69,866,403,349,297,219,"12,768",12.57,195,3252,ขท.พังงา,พังงา
4,903,คลองบางดินสอ - นาเหนือ,874+208,"2,758","1,441",108,102,124,"2,020",526,485,426,484,"8,474",25.336,8,1331,ขท.พังงา,พังงา
4,903,คลองบางดินสอ - นาเหนือ,900+727,321,135,0,0,0,64,31,23,20,5,599,13.189,19,263,ขท.พังงา,พังงา
4,904,นาเหนือ - เขาคราม,925+127,"2,489","2,309",63,25,114,"2,904",472,426,166,121,"9,089",14.567,43,1612,ขท.พังงา,กระบี่
4,904,นาเหนือ - เขาคราม,941+327,"5,477","2,630",171,96,127,"3,157",410,455,293,260,"13,076",12.55,36,2363,ขท.พังงา,กระบี่
4,1001,บางสัก - ท้ายเหมือง,825+553,"1,779","1,073",18,2,20,"2,406",142,68,56,41,"5,605",5.87,8,1537,ขท.ภูเก็ต,พังงา
4,1002,ท้ายเหมือง - คลองบางดินสอ,837+753,"2,817","1,491",159,31,47,"3,829",247,223,176,119,"9,139",9.224,10,1741,ขท.ภูเก็ต,พังงา
4,1102,ตลาดเก่า - คลองท่อม,979+327,"13,204","14,201","7,666",939,848,"13,760","1,483","1,050",899,387,"54,437",10.298,27,8113,ขท.กระบี่,กระบี่
4,1103,คลองท่อม - นาวง,1010+765,"3,111","3,218",64,21,39,706,470,380,373,226,"8,608",17.53,10,1566,ขท.กระบี่,กระบี่
4,1103,คลองท่อม - นาวง,1016+865,"2,939","3,421",213,98,47,"1,104",407,355,424,341,"9,349",17.884,3,1199,ขท.กระบี่,กระบี่
4,1103,คลองท่อม - นาวง,1046+265,"3,268",494,75,23,53,404,263,305,212,166,"5,263",19.419,4,1455,ขท.กระบี่,ตรัง
4,1201,นาวง - ห้วยยอด,1062+265,"3,295",714,53,22,34,"2,129",133,133,70,85,"6,668",7.154,9,2084,ขท.ตรัง,ตรัง
4,1201,นาวง - ห้วยยอด,1076+665,"2,624","1,189",5,4,4,"4,211",140,132,51,41,"8,401",4.428,11,2655,ขท.ตรัง,ตรัง
4,1202,ห้วยยอด - ลำภูรา,1095+200,"2,606",247,27,4,2,"2,739",116,71,29,26,"5,867",4.227,2,1588,ขท.ตรัง,ตรัง
4,1203,ลำภูรา - ตรัง,1099+615,"7,195","7,196",170,167,162,"7,937",221,200,150,161,"23,559",4.504,43,5554,ขท.ตรัง,ตรัง
4,1204,ตรัง - เขาพับผ้า,1115+547,"7,659","2,513",46,61,35,"7,780",290,201,228,181,"18,994",5.244,30,6251,ขท.ตรัง,ตรัง
4,1301,เขาพับผ้า - พัทลุง,1144+104,"3,338","1,514",21,40,35,"4,234",258,164,113,268,"9,985",8.793,6,1335,ขท.พัทลุง,พัทลุง
4,1301,เขาพับผ้า - พัทลุง,1160+640,"5,622","3,412",167,93,83,"7,032",481,434,248,222,"17,794",8.773,36,3595,ขท.พัทลุง,พัทลุง
4,1302,พัทลุง - นาโหนด,1173+259,"6,560","6,344",340,332,319,"4,803","4,513","4,700","4,756","5,035","37,702",52.133,0,4364,ขท.พัทลุง,พัทลุง
4,1304,ห้วยทราย - พรุพ้อ,1205+559,"2,753","1,502",1,15,43,"6,622",397,869,873,"1,155","14,230",23.556,0,1011,ขท.พัทลุง,พัทลุง
4,1401,พรุพ้อ - เนินพิชัย,1220+559,"10,507","8,144",975,382,286,"1,731","1,193","1,501","1,582","1,179","27,480",22.282,143,3728,ขท.สงขลาที่ 1,สงขลา
4,1401,พรุพ้อ - เนินพิชัย,1230+459,"10,068","8,044","1,160",417,340,"2,157","1,521","1,751","2,053","1,659","29,170",26.538,138,3837,ขท.สงขลาที่ 1,สงขลา
4,1402,เนินพิชัย - คลองหวะ,1250+759,"8,034","5,429",143,147,38,"8,931","1,249","1,698","1,523","1,340","28,532",21.011,7,1570,ขท.สงขลาที่ 1,สงขลา
4,1402,เนินพิชัย - คลองหวะ,1253+359,"10,178","5,197",225,238,100,"10,529","1,381","1,781",878,512,"31,019",15.765,22,3517,ขท.สงขลาที่ 1,สงขลา
4,1403,คลองหวะ - พังลา,1260+942,"11,098","6,645",414,3,38,"7,698",682,499,338,"1,004","28,419",9.022,8,7823,ขท.สงขลาที่ 1,สงขลา
4,1500,พังลา - จุดผ่านแดนถาวรสะเดา (เขตแดนไทย/มาเลเซีย),1280+042,"4,125","1,328",85,83,28,"5,659",299,220,183,"1,572","13,582",17.56,19,3890,ขท.สงขลาที่ 2 (นาหม่อม),สงขลา
4,1500,พังลา - จุดผ่านแดนถาวรสะเดา (เขตแดนไทย/มาเลเซีย),1300+842,"3,084","1,300",169,202,27,"2,940",314,324,240,"1,235","9,835",23.813,42,3200,ขท.สงขลาที่ 2 (นาหม่อม),สงขลา
7,103,แขวงคลองสองต้นนุ่น - พิมพา,17+000,"67,498","34,323",0,"4,643","1,529","47,068","27,876","20,132","3,231","8,842","215,142",30.795,0,0,ขท.พิเศษระหว่างเมือง,กรุงเทพมหานคร
7,103,แขวงคลองสองต้นนุ่น - พิมพา,25+900,"57,200","57,781",0,"1,684","4,837","46,184","12,102","6,360","9,890","9,865","205,903",21.728,0,0,ขท.พิเศษระหว่างเมือง,สมุทรปราการ
7,104,พิมพา - หนองข้างคอก,45+400,"12,627","9,390","4,561",97,102,"16,716","4,615","1,903","1,329","3,994","55,334",21.759,0,0,ขท.พิเศษระหว่างเมือง,ฉะเชิงเทรา
7,104,พิมพา - หนองข้างคอก,67+900,"20,289","15,618","2,913",203,195,"11,629","4,945","1,912","1,548","5,891","65,143",22.557,0,0,ขท.พิเศษระหว่างเมือง,ชลบุรี
7,105,หนองข้างคอก - ตะเคียนเตี้ย,79+258,"21,621","13,895",10,6,27,"12,913","6,184","5,430","8,124",16,"68,226",29.002,0,0,ขท.พิเศษระหว่างเมือง,ชลบุรี
7,105,หนองข้างคอก - ตะเคียนเตี้ย,89+344,"23,809","17,394",10,5,24,"14,017","6,319","6,382","8,312",8,"76,280",27.596,0,0,ขท.พิเศษระหว่างเมือง,ชลบุรี
7,105,หนองข้างคอก - ตะเคียนเตี้ย,105+144,"20,518","15,256",4,4,24,"11,694","5,466","6,100","7,306",7,"66,379",28.483,0,0,ขท.พิเศษระหว่างเมือง,ชลบุรี
7,106,ตะเคียนเตี้ย - พลา,123+000,"12,754","5,052",682,73,122,"4,196",67,116,294,293,"23,649",4.081,0,0,ขท.พิเศษระหว่างเมือง,ชลบุรี
7,107,ทางต่างระดับบางควาย - ทางต่างระดับบางวัว,2+300,"5,191","3,198",746,29,24,"5,407","2,388",494,445,"1,266","19,188",24.213,0,0,ขท.พิเศษระหว่างเมือง,ฉะเชิงเทรา
7,108,ทางต่างระดับคีรี - ทางต่างระดับหนองข้างคอก,2+000,"14,351","13,571",4,2,18,"13,412","6,206","4,836","7,991",15,"60,406",31.566,0,0,ขท.พิเศษระหว่างเมือง,ชลบุรี
7,109,ทางต่างระดับหนองขาม - ท่าเรือแหลมฉบัง,4+000,"9,877","11,117",2,1,8,"11,356","6,195","6,542","7,939",17,"53,054",39.021,0,0,ขท.พิเศษระหว่างเมือง,ชลบุรี
9,102,บางแค - คลองมหาสวัสดิ์,20+430,"46,094","45,273",185,193,271,"47,847","5,817","4,816","2,513","4,164","157,173",11.309,0,0,ขท.ธนบุรี,กรุงเทพมหานคร
9,201,คลองมหาสวัสดิ์ - คลองบางไผ่,36+594,"99,327","18,595",0,0,"5,362","25,972","4,863","8,304","8,129","2,574","173,126",16.885,0,0,ขท.นนทบุรี,นนทบุรี
9,201,คลองมหาสวัสดิ์ - คลองบางไผ่,40+800,"77,412","15,711",0,0,"4,966","30,541","4,303","4,031","3,901","2,189","143,054",13.554,0,0,ขท.นนทบุรี,นนทบุรี
9,202,คลองบางไผ่ - คลองบางหลวง,47+744,"69,949","27,479",0,0,"8,267","10,924","7,680","5,117","4,208","4,103","137,727",21.328,0,0,ขท.นนทบุรี,นนทบุรี
9,301,คลองบางหลวง - ต่างระดับเชียงรากน้อย,64+069,"13,361","3,093","2,822","3,081","3,649","6,936","7,997","7,724","7,644","7,982","64,289",59.228,548,2340,ขท.ปทุมธานี,ปทุมธานี
9,301,คลองบางหลวง - ต่างระดับเชียงรากน้อย,78+099,"13,737","3,365","3,002","3,056","2,974","6,023","8,593","8,542","8,692","8,237","66,221",60.546,666,2422,ขท.ปทุมธานี,ปทุมธานี
9,401,บางปะอิน - แขวงรามอินทรา,1+500,"41,580","18,574",374,306,381,"52,470","9,553","4,032","6,084","5,218","138,572",18.455,0,0,ขท.พิเศษระหว่างเมือง,พระนครศรีอยุธยา
9,401,บางปะอิน - แขวงรามอินทรา,20+500,"43,784","24,820",243,253,321,"45,744","7,159","5,527","4,448","3,359","135,658",15.529,0,0,ขท.พิเศษระหว่างเมือง,ปทุมธานี
9,402,แขวงรามอินทรา - บางพลี,59+500,"70,977","12,481",0,0,292,"14,035","3,844","4,489",481,"4,284","110,883",12.076,0,0,ขท.พิเศษระหว่างเมือง,กรุงเทพมหานคร
11,201,ช่องแค - ตากฟ้า,16+800,"1,131",226,59,14,3,"2,290",172,296,695,318,"5,204",28.786,4,254,ขท.นครสวรรค์ที่ 2 (ตากฟ้า),นครสวรรค์
11,201,ช่องแค - ตากฟ้า,38+850,"1,301",678,18,8,7,"2,507",163,229,932,516,"6,359",29.171,5,446,ขท.นครสวรรค์ที่ 2 (ตากฟ้า),นครสวรรค์
11,202,ตากฟ้า - ไดตาล,71+000,"1,235",160,27,0,12,"2,312",158,190,830,365,"5,289",29.401,10,203,ขท.นครสวรรค์ที่ 2 (ตากฟ้า),นครสวรรค์
11,204,น้ำสาดเหนือ - หนองกลับ,99+500,"1,210","1,487",42,26,18,"1,119",310,350,942,505,"6,009",35.796,0,660,ขท.นครสวรรค์ที่ 2 (ตากฟ้า),นครสวรรค์
11,204,น้ำสาดเหนือ - หนองกลับ,111+650,688,696,19,2,5,"1,976",167,364,624,579,"5,120",34.004,3,379,ขท.นครสวรรค์ที่ 2 (ตากฟ้า),นครสวรรค์
11,301,หนองกลับ - เขาทราย,122+100,"1,047",898,18,9,13,823,267,147,212,163,"3,597",22.547,7,321,ขท.พิจิตร,พิจิตร
11,302,เขาทราย - สากเหล็ก,143+294,"1,574",667,16,8,27,"2,578",277,201,275,284,"5,907",18.148,14,741,ขท.พิจิตร,พิจิตร
11,401,สากเหล็ก - กกไม้แดง,186+983,"2,998",549,66,4,37,"2,990",301,155,253,146,"7,499",11.948,44,1485,ขท.พิษณุโลกที่ 2 (วังทอง),พิษณุโลก
11,402,กกไม้แดง - บ้านป่า,210+841,"2,629","2,222",72,0,195,"4,511",573,667,547,128,"11,544",18.278,32,1562,ขท.พิษณุโลกที่ 2 (วังทอง),พิษณุโลก
11,403,บ้านป่า - นาอิน,236+235,"8,898","3,560",38,38,166,"5,080",637,723,726,396,"20,262",13.256,8,1055,ขท.พิษณุโลกที่ 2 (วังทอง),พิษณุโลก
11,501,นาอิน - ชัยมงคล,276+099,"4,079","2,097",36,22,71,"1,756",604,476,653,788,"10,582",24.702,5,169,ขท.อุตรดิตถ์ที่ 1,อุตรดิตถ์
11,502,ชัยมงคล- บึงหลัก,316+698,"6,155","2,114",45,18,33,"4,185",702,450,347,442,"14,491",13.746,28,1342,ขท.อุตรดิตถ์ที่ 1,อุตรดิตถ์
11,503,บึงหลัก - หนองน้ำเขียว,328+826,"3,700","1,212",162,15,60,"6,718",618,331,367,378,"13,561",13.045,7,896,ขท.อุตรดิตถ์ที่ 1,อุตรดิตถ์
11,503,บึงหลัก - หนองน้ำเขียว,351+340,"3,144","1,189",1,6,91,"4,268",670,725,633,474,"11,201",23.203,14,396,ขท.อุตรดิตถ์ที่ 1,อุตรดิตถ์
11,601,หนองน้ำเขียว - ปางเคาะ,369+006,"3,070","1,395",40,33,58,"6,051",499,418,348,216,"12,128",12.962,9,1877,ขท.แพร่,แพร่
11,601,หนองน้ำเขียว - ปางเคาะ,374+406,"3,701",832,44,49,38,187,397,213,209,166,"5,836",18.369,25,816,ขท.แพร่,แพร่
11,602,ปางเคาะ - ปางมะโอ,412+009,"1,317",505,72,39,44,"2,800",264,107,72,98,"5,318",11.734,20,378,ขท.แพร่,แพร่
11,701,ปางมะโอ - ป่าขาม,425+509,"2,845",257,64,57,35,"3,835",278,268,111,242,"7,992",12.4,0,781,ขท.ลำปางที่ 1,ลำปาง
11,701,ปางมะโอ - ป่าขาม,453+219,"6,990",451,95,149,78,"7,678",303,140,260,292,"16,436",7.435,2,2215,ขท.ลำปางที่ 1,ลำปาง
11,702,แยกภาคเหนือ - ขุนตาน,469+099,"5,957",617,121,20,56,"7,150","1,319","1,119","1,261",934,"18,554",25.38,35,2086,ขท.ลำปางที่ 1,ลำปาง
11,800,ขุนตาน - อุโมงค์,526+949,"8,913","3,397",371,204,503,"5,182","1,606",981,776,492,"22,425",20.343,0,4202,ขท.ลำพูน,ลำพูน
11,800,ขุนตาน - อุโมงค์,532+949,"9,651","4,991",371,171,542,"4,722","2,116","1,657","1,175",840,"26,236",24.779,0,3926,ขท.ลำพูน,ลำพูน
11,900,อุโมงค์ - รินคำ,543+850,"22,497","9,082","2,335","2,109","2,267","5,403","3,082","2,648","1,420","2,138","52,981",25.79,464,3984,ขท.เชียงใหม่ที่ 2,เชียงใหม่
11,900,อุโมงค์ - รินคำ,551+500,"19,011","12,087","2,424","1,958","2,617","8,882","3,637","3,192","2,239","2,635","58,682",27.739,652,5776,ขท.เชียงใหม่ที่ 2,เชียงใหม่
12,100,กลางสะพานมิตรภาพที่แม่สอด(เขตแดน ไทย / พม่า) - แม่ละเมา,10+015,"2,481","1,341",229,17,11,"4,526",669,267,380,391,"10,312",16.825,165,2672,ขท.ตากที่ 2 (แม่สอด),ตาก
12,201,แม่ละเมา - ตาก,56+405,"2,211","1,109",25,47,9,"1,262",331,154,272,727,"6,147",25.053,2,225,ขท.ตากที่ 1,ตาก
12,202,ตาก - หนองเสือ,114+630,"1,782","1,299",17,9,14,"1,747",88,117,143,181,"5,397",10.228,5,960,ขท.ตากที่ 1,ตาก
12,203,หนองเสือ - วังวน,151+480,"2,572","3,905",585,490,602,"2,029",867,630,577,478,"12,735",28.614,142,1397,ขท.ตากที่ 1,สุโขทัย
12,302,เมืองเก่า - สุโขทัย,168+980,"10,034","3,480",88,218,134,794,554,406,352,338,"16,398",12.209,554,4145,ขท.สุโขทัย,สุโขทัย
12,303,สุโขทัย - บ้านกร่าง,184+769,"3,895","2,994",184,106,87,644,313,118,89,72,"8,502",9.233,133,1559,ขท.สุโขทัย,สุโขทัย
12,401,บ้านกร่าง - พิษณุโลก,198+000,"3,118","3,224","1,436","1,455",526,"2,141",761,719,710,599,"14,689",32.473,502,1493,ขท.พิษณุโลกที่ 1,สุโขทัย
12,401,บ้านกร่าง - พิษณุโลก,218+546,"6,630","7,304",286,201,230,"3,323",828,488,415,427,"20,132",12.86,346,3706,ขท.พิษณุโลกที่ 1,พิษณุโลก
12,402,พิษณุโลก - ร้องโพธิ์,232+609,"33,600","28,283",345,62,110,"16,114",850,76,19,4,"79,463",1.411,42,17210,ขท.พิษณุโลกที่ 1,พิษณุโลก
12,501,ร้องโพธิ์ - วังทอง,247+513,"5,508","5,172",101,28,319,"10,375",775,759,549,130,"23,716",10.794,42,2429,ขท.พิษณุโลกที่ 2 (วังทอง),พิษณุโลก
12,502,วังทอง - เข็กน้อย,297+859,"2,767","2,949",8,10,55,646,144,88,30,34,"6,731",5.363,4,249,ขท.พิษณุโลกที่ 2 (วังทอง),พิษณุโลก
12,601,เข็กน้อย - แยกอาเซียน,325+373,"1,691",316,6,2,9,"3,748",202,71,44,8,"6,097",5.511,8,1054,ขท.เพชรบูรณ์ที่ 1,เพชรบูรณ์
12,601,เข็กน้อย - แยกอาเซียน,343+373,"1,747",492,18,1,11,"3,840",180,49,41,20,"6,399",4.719,6,746,ขท.เพชรบูรณ์ที่ 1,เพชรบูรณ์
12,602,แยกอาเซียน - น้ำดุก,357+943,"2,766","1,619",12,10,2,"5,168",499,111,70,42,"10,299",7.127,58,2169,ขท.เพชรบูรณ์ที่ 1,เพชรบูรณ์
12,603,น้ำดุก - ห้วยซำมะคาว,383+989,482,614,2,0,0,"1,166",105,41,25,16,"2,451",7.63,0,277,ขท.เพชรบูรณ์ที่ 1,เพชรบูรณ์
12,603,น้ำดุก - ห้วยซำมะคาว,409+043,482,629,0,0,0,"1,181",103,40,26,16,"2,477",7.469,0,282,ขท.เพชรบูรณ์ที่ 1,เพชรบูรณ์
12,701,ห้วยซำมะคาว - ร่องแซง,436+385,826,568,3,9,8,"2,348",216,63,416,204,"4,661",19.652,13,522,ขท.ขอนแก่นที่ 2 (ชุมแพ),ชัยภูมิ
12,702,ร่องแซง - หนองแก,469+996,"6,446","4,536",283,318,375,"15,200","1,183","1,234","1,346","1,240","32,161",17.711,65,5473,ขท.ขอนแก่นที่ 2 (ชุมแพ),ขอนแก่น
12,702,ร่องแซง - หนองแก,472+549,"5,557","3,989",155,166,137,"24,912","1,200","1,268","1,248",984,"39,616",12.629,87,4618,ขท.ขอนแก่นที่ 2 (ชุมแพ),ขอนแก่น
12,703,หนองแก - บ้านฝาง,508+049,"5,589","1,586",120,59,94,"13,479",505,423,544,368,"22,767",8.754,116,1839,ขท.ขอนแก่นที่ 2 (ชุมแพ),ขอนแก่น
12,703,หนองแก - บ้านฝาง,532+149,"10,308",789,106,60,45,"7,920",559,329,530,326,"20,972",8.817,12,2582,ขท.ขอนแก่นที่ 2 (ชุมแพ),ขอนแก่น
12,801,บ้านฝาง - ขอนแก่น,545+249,"23,262","11,600",589,493,295,522,804,655,530,464,"39,214",8.265,207,5063,ขท.ขอนแก่นที่ 1,ขอนแก่น
12,802,ขอนแก่น - พรหมนิมิตร,562+054,"5,417","4,557",334,98,472,"10,371",436,450,291,270,"22,696",8.887,3,6009,ขท.ขอนแก่นที่ 1,ขอนแก่น
12,803,พรหมนิมิตร - ห้วยสีดา,584+354,"7,865","2,394",43,36,33,"9,695",375,321,287,341,"21,390",6.512,48,5784,ขท.ขอนแก่นที่ 1,มหาสารคาม
12,901,ห้วยสีดา - ลำน้ำพาน,599+554,"4,607","5,003",41,33,34,"6,871","3,108","1,843",971,101,"22,612",26.933,36,2785,ขท.กาฬสินธุ์,กาฬสินธุ์
12,901,ห้วยสีดา - ลำน้ำพาน,620+666,"5,860","10,072",215,47,43,"2,496","1,156",430,284,219,"20,822",10.465,27,1767,ขท.กาฬสินธุ์,กาฬสินธุ์
12,902,ลำน้ำพาน - บ้านหลุบ,630+016,639,803,92,81,85,466,143,83,105,109,"2,606",23.254,194,636,ขท.กาฬสินธุ์,กาฬสินธุ์
12,903,บ้านหลุบ - นาไคร้,647+300,"2,324","1,995",0,0,14,233,342,219,139,54,"5,320",14.436,15,858,ขท.กาฬสินธุ์,กาฬสินธุ์
12,1100,ขุมขี้ยาง - มุกดาหาร,770+353,"6,509","2,359",275,19,233,"6,937",61,20,11,15,"16,439",2.184,79,4520,ขท.มุกดาหาร,มุกดาหาร
21,100,สามแยกพุแค - สะพานพุแค,0+300,"4,618","4,821",840,"1,682",904,"1,630","1,350","1,438","2,603","2,577","22,463",46.984,330,1314,ขท.สระบุรี,สระบุรี
21,200,สะพานพุแค - แยกมะนาวหวาน,4+800,"6,688","6,491","1,894","1,967","1,210","2,221","1,895","1,528","1,650","1,657","27,201",36.421,43,2295,ขท.ลพบุรีที่ 1,สระบุรี
21,200,สะพานพุแค - แยกมะนาวหวาน,23+065,"6,854","6,788","1,619","1,634","1,028","2,230","2,042","1,866","1,881","1,744","27,686",36.824,42,2188,ขท.ลพบุรีที่ 1,ลพบุรี
21,301,แยกมะนาวหวาน - ม่วงค่อม,42+550,"6,741","3,526","1,267","1,874","2,844","6,047","1,147","2,239","3,025",858,"29,568",40.54,0,3584,ขท.ลพบุรีที่ 2 (ลำนารายณ์),ลพบุรี
21,302,ม่วงค่อม - คลองกระจัง,72+000,"6,232","4,907",946,714,"2,248","5,290","2,079","1,862","1,635","1,533","27,446",36.694,0,3219,ขท.ลพบุรีที่ 2 (ลำนารายณ์),ลพบุรี
21,402,ศรีเทพ - ซับสมอทอด,118+800,"4,458","2,227",690,202,26,"7,079",658,627,442,323,"16,732",13.615,72,2961,ขท.เพชรบูรณ์ที่ 2 (บึงสามพัน),เพชรบูรณ์
21,403,ซับสมอทอด - หนองไผ่,139+600,"4,797","3,228",35,27,74,"2,189",970,857,732,196,"13,105",21.793,25,4177,ขท.เพชรบูรณ์ที่ 2 (บึงสามพัน),เพชรบูรณ์
21,404,หนองไผ่ - นาเฉลียง,161+375,"2,868",861,116,109,116,"1,720",857,612,407,259,"7,925",29.779,71,1225,ขท.เพชรบูรณ์ที่ 2 (บึงสามพัน),เพชรบูรณ์
21,405,นาเฉลียง - วังชมภู,182+000,"4,304",966,38,11,30,657,211,154,151,65,"6,587",9.443,39,925,ขท.เพชรบูรณ์ที่ 2 (บึงสามพัน),เพชรบูรณ์
21,501,วังชมภู - บ้านโตก,204+000,"5,672","5,299",110,16,381,"2,278",638,314,229,150,"15,087",11.454,107,3751,ขท.เพชรบูรณ์ที่ 1,เพชรบูรณ์
21,502,บ้านโตก - หัวนา,234+944,"3,998","3,585",99,58,103,"4,288",201,149,127,113,"12,721",5.904,114,3093,ขท.เพชรบูรณ์ที่ 1,เพชรบูรณ์
21,503,หัวนา - สักหลง,254+884,"3,978","1,630",82,5,14,"7,848",563,206,223,95,"14,644",7.553,14,2328,ขท.เพชรบูรณ์ที่ 1,เพชรบูรณ์
21,503,หัวนา - สักหลง,260+137,"1,477",552,0,0,0,"3,295",250,93,80,40,"5,787",8.001,21,1077,ขท.เพชรบูรณ์ที่ 1,เพชรบูรณ์
21,504,สักหลง - กกกะทอน,274+011,"2,662",227,15,14,16,"1,035",269,112,178,25,"4,553",13.486,35,1185,ขท.เพชรบูรณ์ที่ 1,เพชรบูรณ์
21,504,สักหลง - กกกะทอน,282+793,"2,528",79,6,0,7,"1,265",531,27,38,11,"4,492",13.669,22,1440,ขท.เพชรบูรณ์ที่ 1,เพชรบูรณ์
21,505,กกกะทอน - ด่านดู่,295+030,509,153,5,0,0,"1,976",103,29,30,8,"2,813",6.043,4,653,ขท.เพชรบูรณ์ที่ 1,เพชรบูรณ์
21,601,ด่านดู่ - โคกงาม,312+874,"1,560",780,15,2,7,755,166,65,109,38,"3,497",11.067,12,1538,ขท.เลยที่ 2 (ด่านซ้าย),เลย
21,602,โคกงาม - หนองบง,355+374,"2,493","3,476",174,75,93,"1,097","1,012",671,477,334,"9,902",26.883,121,1526,ขท.เลยที่ 2 (ด่านซ้าย),เลย
21,603,หนองบง - ภูสวรรค์,376+774,"4,241",181,30,21,16,101,93,67,48,51,"4,849",6.104,18,688,ขท.เลยที่ 2 (ด่านซ้าย),เลย
21,700,ภูสวรรค์ - เลย,402+874,"3,157","1,211",19,7,3,582,2,2,1,2,"4,986",0.341,50,2273,ขท.เลยที่ 1,เลย
22,201,หนองขาม - หนองหาน,8+000,"12,693","2,030",36,76,103,"16,575","1,630","1,207",850,468,"35,668",12.151,44,11446,ขท.อุดรธานีที่ 2 (หนองหาน),อุดรธานี
22,201,หนองขาม - หนองหาน,21+300,"8,695","1,009",39,48,68,"10,457",897,343,435,323,"22,314",9.474,44,5105,ขท.อุดรธานีที่ 2 (หนองหาน),อุดรธานี
22,202,หนองหาน - บ้านยา,54+328,"3,570","3,731",193,115,308,"2,735",979,995,846,971,"14,443",29.177,118,1291,ขท.อุดรธานีที่ 2 (หนองหาน),อุดรธานี
22,301,บ้านยา - สว่างแดนดิน,60+421,"1,461",842,99,1,42,"3,105",398,241,325,277,"6,791",18.907,6,627,ขท.สกลนครที่ 2 (สว่างแดนดิน),สกลนคร
22,301,บ้านยา - สว่างแดนดิน,80+071,"4,433","2,707",199,85,48,"7,758",537,254,168,188,"16,377",7.816,12,4120,ขท.สกลนครที่ 2 (สว่างแดนดิน),สกลนคร
22,302,สว่างแดนดิน-สูงเนิน,103+820,"3,796",572,15,4,52,"6,877",613,178,164,220,"12,491",9.855,16,2636,ขท.สกลนครที่ 2 (สว่างแดนดิน),สกลนคร
22,302,สว่างแดนดิน-สูงเนิน,114+421,"3,228","1,330",8,2,49,"8,003",436,160,173,211,"13,600",7.581,12,1173,ขท.สกลนครที่ 2 (สว่างแดนดิน),สกลนคร
22,302,สว่างแดนดิน-สูงเนิน,135+021,"2,432",491,49,8,43,"5,947",377,132,145,142,"9,766",8.673,26,963,ขท.สกลนครที่ 2 (สว่างแดนดิน),สกลนคร
22,401,สูงเนิน - ท่าแร่,145+020,"3,745","2,847",274,239,265,"5,394",520,273,377,188,"14,122",13.185,96,2210,ขท.สกลนครที่ 1,สกลนคร
22,401,สูงเนิน - ท่าแร่,156+720,"4,937","3,889",558,277,263,"11,593",660,303,307,257,"23,044",8.97,192,5005,ขท.สกลนครที่ 1,สกลนคร
22,402,ท่าแร่ - โชคอำนวย,189+520,"1,237",877,7,22,23,"2,118",222,126,98,109,"4,839",12.399,10,1337,ขท.สกลนครที่ 1,สกลนคร
22,402,ท่าแร่ - โชคอำนวย,195+520,890,453,16,8,26,"1,920",173,70,35,104,"3,695",11.258,15,795,ขท.สกลนครที่ 1,สกลนคร
22,502,กุรุคุ - นครพนม,234+996,"5,176","3,858",287,29,79,406,533,504,619,590,"12,081",19.485,280,1921,ขท.นครพนม,นครพนม
23,100,บ้านไผ่  - ไพศาล,5+185,"5,463",701,121,37,71,"10,055",818,418,361,436,"18,481",11.585,26,2685,ขท.ขอนแก่นที่ 3 (บ้านไผ่),ขอนแก่น
23,201,ไพศาล - บรบือ,17+835,"2,425","2,514",91,27,35,"1,137","1,014",804,893,818,"9,758",36.801,4,902,ขท.มหาสารคาม,มหาสารคาม
23,201,ไพศาล - บรบือ,22+435,"5,773",756,113,11,45,"1,707","1,251","1,052","1,044",201,"11,953",30.151,7,925,ขท.มหาสารคาม,มหาสารคาม
23,201,ไพศาล - บรบือ,41+435,"2,752","3,400",38,175,66,"1,736",940,904,938,712,"11,661",32.03,61,1228,ขท.มหาสารคาม,มหาสารคาม
23,201,ไพศาล - บรบือ,43+670,"6,870","2,583",106,69,28,"1,334",768,369,402,261,"12,790",14.832,3,1096,ขท.มหาสารคาม,มหาสารคาม
23,203,หนองจิก - ห้วยแอ่ง,65+780,"8,100","3,758",101,72,247,"5,618",620,305,95,57,"18,973",7.358,10,3391,ขท.มหาสารคาม,มหาสารคาม
23,203,หนองจิก - ห้วยแอ่ง,67+271,"6,361","4,444",59,70,71,"7,278",156,109,76,76,"18,700",2.984,44,5150,ขท.มหาสารคาม,มหาสารคาม
23,203,หนองจิก - ห้วยแอ่ง,82+071,"7,610","2,960",67,82,114,"7,486","1,401",231,153,116,"20,220",10.371,31,5627,ขท.มหาสารคาม,มหาสารคาม
23,301,ห้วยแอ่ง - ร้อยเอ็ด,101+571,"15,119","1,365",860,210,410,"1,997",969,340,235,219,"21,724",10.969,10,9077,ขท.ร้อยเอ็ด,ร้อยเอ็ด
23,302,ร้อยเอ็ด - เสลภูมิ,114+412,"5,757","6,211",91,63,41,369,54,41,23,3,"12,653",1.778,28,2680,ขท.ร้อยเอ็ด,ร้อยเอ็ด
23,302,ร้อยเอ็ด - เสลภูมิ,117+412,"5,507","5,898",83,60,37,528,59,41,30,12,"12,255",1.95,37,2287,ขท.ร้อยเอ็ด,ร้อยเอ็ด
23,401,เสลภูมิ - ยโสธร,149+237,"8,567","1,577",11,3,42,107,345,152,170,81,"11,055",7.173,18,2391,ขท.ยโสธร,ร้อยเอ็ด
23,401,เสลภูมิ - ยโสธร,175+412,"14,161","1,534",147,31,70,"1,969",626,234,222,180,"19,174",7.109,34,4667,ขท.ยโสธร,ยโสธร
23,402,ยโสธร - บ้านย่อ,184+449,"5,161","2,542",90,77,90,"4,879",535,273,161,119,"13,927",9.011,31,4510,ขท.ยโสธร,ยโสธร
23,403,บ้านย่อ - บ้านสวน,193+012,"6,193","5,860",38,34,37,"1,801","1,630",28,25,27,"15,673",11.363,40,1851,ขท.ยโสธร,ยโสธร
23,403,บ้านย่อ - บ้านสวน,201+912,"5,065","3,567",45,43,40,"1,724","1,026",63,53,47,"11,673",10.897,48,1951,ขท.ยโสธร,ยโสธร
23,502,เขื่องใน - อุบลราชธานี,265+637,"9,998","3,118",56,64,81,"3,297",271,51,61,64,"17,061",3.47,93,3198,ขท.อุบลราชธานีที่ 1,อุบลราชธานี
24,201,ซับประดู่ - สี่แยกปักธงชัย,10+000,"4,892","1,173",6,18,9,"7,631",756,760,912,920,"17,077",19.763,5,732,ขท.นครราชสีมาที่ 3,นครราชสีมา
24,202,สี่แยกปักธงชัย - สี่แยกโชคชัย,50+000,"6,397","5,749",542,540,518,"6,059","2,077","2,026","1,880","1,861","27,649",32.196,230,3713,ขท.นครราชสีมาที่ 3,นครราชสีมา
24,203,สี่แยกโชคชัย - หนองมัน,70+097,"6,542","3,994",367,206,204,"3,501",686,810,841,738,"17,889",19.481,73,1388,ขท.นครราชสีมาที่ 3,นครราชสีมา
24,301,หนองมัน - หนองกี่,88+497,"3,714","1,964",326,288,114,"5,433",951,"1,106",905,977,"15,778",27.513,50,1187,ขท.บุรีรัมย์,บุรีรัมย์
24,302,หนองกี่ - นางรอง,95+597,"7,796",868,306,14,77,"1,147","1,054",857,813,"1,053","13,985",27.658,43,930,ขท.บุรีรัมย์,บุรีรัมย์
24,303,นางรอง - โคกตะแบก,126+700,"6,138","4,570",111,40,87,"8,371","1,049","1,032",967,"1,284","23,649",18.855,31,2422,ขท.บุรีรัมย์,บุรีรัมย์
24,304,โคกตะแบก - ประโคนชัย,142+797,"3,925","1,718",60,30,59,"5,582","1,100",747,917,"1,205","15,343",26.449,60,833,ขท.บุรีรัมย์,บุรีรัมย์
24,305,ประโคนชัย - จรอกใหญ่,160+933,"3,453",835,49,29,52,"3,516",975,"1,155","1,110","1,029","12,203",35.647,57,1070,ขท.บุรีรัมย์,บุรีรัมย์
24,401,จรอกใหญ่ - กระเทียม,182+289,"4,841","1,036",60,4,55,"4,952",578,442,796,667,"13,431",18.926,4,996,ขท.สุรินทร์,สุรินทร์
24,401,จรอกใหญ่ - กระเทียม,197+184,"2,457","2,741",46,6,32,"1,288",521,427,877,536,"8,931",26.861,2,1234,ขท.สุรินทร์,สุรินทร์
24,402,กระเทียม - ห้วยสำราญ,240+584,"2,625",532,155,5,26,"1,194",430,343,684,778,"6,772",33.461,0,215,ขท.สุรินทร์,สุรินทร์
24,402,กระเทียม - ห้วยสำราญ,250+246,"2,201","1,526",7,9,31,"2,084",433,589,851,834,"8,565",32.072,9,383,ขท.สุรินทร์,สุรินทร์
24,501,ห้วยสำราญ - แยกโคกตาล,279+198,"3,200",666,56,9,33,"1,247",562,316,495,482,"7,066",26.847,4,821,ขท.ศรีสะเกษที่ 1,ศรีสะเกษ
24,601,หัวช้าง - แยกการช่าง,304+298,"2,283","4,457",0,0,16,657,612,477,566,483,"9,551",22.553,10,949,ขท.ศรีสะเกษที่ 2,ศรีสะเกษ
24,602,แยกการช่าง - นากระแซง,330+998,"3,809",223,6,7,12,422,273,280,248,209,"5,489",18.747,21,984,ขท.ศรีสะเกษที่ 2,ศรีสะเกษ
24,702,เดชอุดม - อุบลราชธานี,398+643,"3,914","2,551",120,73,115,"7,493",669,371,179,31,"15,516",9.268,50,4089,ขท.อุบลราชธานีที่ 2,อุบลราชธานี
24,702,เดชอุดม - อุบลราชธานี,418+943,"9,832","2,894",708,235,246,"11,839",526,290,171,44,"26,785",5.645,94,11524,ขท.อุบลราชธานีที่ 2,อุบลราชธานี
32,101,บางปะอิน - อยุธยา,1+243,"38,939","10,459","12,222","9,105","3,572","30,128","5,449","5,252","2,990","2,739","120,855",24.084,70,5372,ขท.อยุธยา,พระนครศรีอยุธยา
32,102,อยุธยา - นครหลวง,19+393,"13,842","9,608","2,394","2,291","2,892","3,195","2,920","2,611","1,454",195,"41,402",29.861,0,6195,ขท.อยุธยา,พระนครศรีอยุธยา
32,201,นครหลวง - อ่างทอง,43+000,"26,974","22,219","2,461",986,"1,127","6,320","3,650","2,442","2,947","3,231","72,357",19.878,3,1564,ขท.อ่างทอง,พระนครศรีอยุธยา
32,202,อ่างทอง - ไชโย,49+087,"20,951","4,127",805,350,566,"6,137","2,105","1,724","2,358","2,961","42,084",23.914,14,1916,ขท.อ่างทอง,อ่างทอง
32,302,สิงห์ใต้ - สิงห์เหนือ,84+000,"12,336","4,417",85,163,215,"7,645","2,090","1,732","3,383","3,397","35,463",30.962,8,735,ขท.สิงห์บุรี,สิงห์บุรี
32,400,โพนางดำออก - ท่าฉนวน,130+000,"17,028","6,426",2,72,101,"4,992","1,662","1,218","2,396","3,362","37,259",23.648,2,350,ขท.ชัยนาท,ชัยนาท
32,400,โพนางดำออก - ท่าฉนวน,133+000,"12,793","5,972",28,86,103,"2,277","1,554","3,143","4,657","4,703","35,316",40.339,21,449,ขท.ชัยนาท,ชัยนาท
32,400,โพนางดำออก - ท่าฉนวน,139+625,"13,643","8,132",16,79,94,"4,430","2,509","2,125","2,945","3,963","37,936",30.881,39,377,ขท.ชัยนาท,ชัยนาท
33,100,สุพรรณบุรี - นาคู,1+333,"7,638",393,9,6,6,"7,346",180,135,7,10,"15,730",2.187,19,7919,ขท.สุพรรณบุรีที่ 1,สุพรรณบุรี
33,202,ป่าโมก - บางปะหัน,46+242,"2,130","2,556",727,491,274,"1,008",809,"1,032","1,108",868,"11,003",41.643,4,721,ขท.อ่างทอง,พระนครศรีอยุธยา
33,300,บางปะหัน - โคกแดง,67+049,"5,343",636,36,126,92,394,482,666,"1,326",987,"10,088",36.469,9,895,ขท.อยุธยา,พระนครศรีอยุธยา
33,401,โคกแดง - หินกอง,79+748,"4,715","4,067",69,48,151,"6,990",889,589,682,219,"18,419",13.996,39,3600,ขท.สระบุรี,สระบุรี
33,402,หินกอง - คลองยาง,104+515,"5,127","1,779",644,214,601,"2,799","1,793","1,701","1,822","1,376","17,856",42.042,77,2766,ขท.สระบุรี,สระบุรี
33,501,คลองยาง - นครนายก,114+915,"3,675","3,837",774,712,725,"2,770","2,603","2,881","2,703","2,631","23,311",52.572,153,3260,ขท.นครนายก,นครนายก
33,502,นครนายก - จิกสูง,134+515,"11,107","2,763",623,404,794,920,"1,113","1,003",861,680,"20,268",23.954,140,2255,ขท.นครนายก,นครนายก
33,602,ประจันตคาม - พระปรง,217+177,"4,322","1,755",190,73,211,"3,327",628,652,662,404,"12,224",21.515,13,1118,ขท.ปราจีนบุรี,ปราจีนบุรี
33,701,พระปรง - โนนจิก,229+177,"4,071","2,831",115,114,135,"2,259",454,445,467,353,"11,244",17.503,38,988,ขท.สระแก้ว (วัฒนานคร),สระแก้ว
33,702,โนนจิก - อรัญประเทศ (เขตแดนไทย/กัมพูชา),278+500,"8,212","2,023","1,100",255,338,"3,297",597,597,407,446,"17,272",15.285,379,2752,ขท.สระแก้ว (วัฒนานคร),สระแก้ว
34,101,บางนา - ทางเข้าท่าอากาศยานสุวรรณภูมิ,3+904,"116,678","25,615","1,375",26,"11,608","32,131","3,403","5,041","8,826",0,"204,703",14.12,10,18703,ขท.สมุทรปราการ,กรุงเทพมหานคร
34,102,ทางเข้าท่าอากาศยานสุวรรณภูมิ - บางวัว,15+100,"51,812","33,254",357,"6,459","6,692","58,380","13,781","12,475","11,555","12,613","207,378",30.657,0,2888,ขท.สมุทรปราการ,สมุทรปราการ
34,200,บางวัว - บางปะกง,42+460,"12,920","10,641","8,677","8,499","8,685","11,534","10,102","9,340","8,909","7,617","96,924",54.839,0,7345,ขท.ฉะเชิงเทรา,ฉะเชิงเทรา
34,200,บางวัว - บางปะกง,46+200,"7,514","7,246","5,750","5,850","6,043","7,016","6,632","6,041","5,826","5,314","63,232",56.468,0,7116,ขท.ฉะเชิงเทรา,ฉะเชิงเทรา
34,300,บางปะกง - หนองไม้แดง,55+528,"12,557","9,165","1,145",862,"1,567","12,058","7,559","6,223","4,381","5,521","61,038",42.782,23,4745,ขท.ชลบุรีที่ 1,ชลบุรี
35,100,ดาวคะนอง -  แสมดำ,6+500,"142,557","41,140",288,164,545,"43,902","10,958","7,178","3,364","1,827","251,923",9.541,13,4545,ขท.ธนบุรี,กรุงเทพมหานคร
35,201,แสมดำ - สะพานข้ามแม่น้ำท่าจีนฝั่งตะวันตก,24+550,"29,785","17,125","1,207","1,147","1,316","18,536","10,216","11,973","11,013","7,715","110,033",39.425,999,5027,ขท.สมุทรสาคร,สมุทรสาคร
35,202,สะพานข้ามแม่น้ำท่าจีนฝั่งตะวันตก - นาโคก,30+700,"30,173","18,300",298,623,363,"34,378","7,882","11,241","9,645","9,829","122,732",32.252,52,18961,ขท.สมุทรสาคร,สมุทรสาคร
35,301,นาโคก - แพรกหนามแดง,62+150,"8,010","7,239","6,395","6,392","5,116","7,089","6,571","5,074","6,111","4,903","62,900",54.32,622,5667,ขท.สมุทรสงคราม,สมุทรสงคราม
35,302,แพรกหนามแดง - วังมะนาว,82+833,"10,245","10,007","8,392","7,291","7,861","8,808","8,475","6,285","6,259","7,862","81,485",54.038,35,6658,ขท.สมุทรสงคราม,ราชบุรี
36,101,กระทิงลาย - บ้านโป่ง,2+000,"12,863","7,552",116,111,954,"9,523","1,413","1,957","1,607","2,276","38,372",21.677,14,3967,ขท.ชลบุรีที่ 2,ชลบุรี
36,102,บ้านโป่ง - มะขามคู่,14+000,"12,637","8,049","1,172","1,368","1,501","6,608","3,729","4,071","5,435","3,913","48,483",41.287,10,954,ขท.ชลบุรีที่ 2,ชลบุรี
36,202,มาบข่า - ทับมา,37+087,"6,908","5,422",362,356,240,"6,450",634,"1,299","2,624","1,130","25,425",24.712,10,3833,ขท.ระยอง,ระยอง
36,202,มาบข่า - ทับมา,42+145,"13,018","9,094",387,338,127,"11,174","2,185","2,254","2,132","1,768","42,477",20.727,10,4126,ขท.ระยอง,ระยอง
36,203,ทับมา - ปลวกเกตุ,56+369,"5,797","4,425",38,401,36,"7,628","1,027","1,241",879,"1,040","22,512",20.54,34,2730,ขท.ระยอง,ระยอง
37,100,ชะอำ - วังโบสถ์,0+500,"9,545","8,735","1,659","1,386","1,442","2,137","2,122","1,934","2,179","1,707","32,846",32.789,9,1604,ขท.เพชรบุรี,เพชรบุรี
38,100,ทางยกระดับอนุสรณ์สถาน - รังสิต,2+850,"9,936","5,647","1,727","1,940",367,"7,391",709,414,0,0,"28,131",12.193,0,0,ขท.ปทุมธานี,ปทุมธานี
41,102,เขาบ่อ - ท่าทอง,22+200,"4,144","4,109",172,230,206,"12,550","1,717","1,723","1,850","1,777","28,478",26.347,30,1993,ขท.ชุมพร,ชุมพร
41,102,เขาบ่อ - ท่าทอง,52+500,"3,934","3,721",123,175,152,"12,170","1,770","1,783","1,569","1,556","26,953",25.99,27,2003,ขท.ชุมพร,ชุมพร
41,103,ท่าทอง - สวนสมบูรณ์,65+450,"6,192","2,062",54,53,98,"6,074","1,603","1,383","1,324","1,581","20,424",29.583,12,2177,ขท.ชุมพร,ชุมพร
41,103,ท่าทอง - สวนสมบูรณ์,78+200,"3,861","1,695",218,107,77,"4,743",929,917,"1,131",695,"14,373",26.828,43,884,ขท.ชุมพร,ชุมพร
41,202,เกาะมุกข์ - ควนรา,123+000,"6,588","5,507",78,168,154,"3,157","2,223","2,871","2,459","2,164","25,369",39.572,0,1426,ขท.สุราษฎร์ธานีที่ 1 ,สุราษฎร์ธานี
41,202,เกาะมุกข์ - ควนรา,139+726,"7,394","4,908",42,81,117,"4,961",972,"1,027",997,978,"21,477",19.425,0,777,ขท.สุราษฎร์ธานีที่ 1 ,สุราษฎร์ธานี
41,300,ท่าโรงช้าง - ท่าชี,172+726,"3,167","2,114",401,84,103,"5,888","1,285","1,607","1,478","1,398","17,525",33.98,19,1399,ขท.สุราษฎร์ธานีที่ 2 (กาญจนดิษฐ์),สุราษฎร์ธานี
41,400,ท่าชี - ถ้ำพรรณรา,211+803,"7,818","7,101",18,16,117,"5,041","2,900","2,992","2,914","2,928","31,845",37.265,7,2880,ขท.สุราษฎร์ธานีที่ 3 (เวียงสระ),สุราษฎร์ธานี
41,400,ท่าชี - ถ้ำพรรณรา,225+603,"8,137","8,082",0,13,123,"3,958","2,880","2,799","2,626","2,451","31,069",35.057,8,4423,ขท.สุราษฎร์ธานีที่ 3 (เวียงสระ),สุราษฎร์ธานี
41,400,ท่าชี - ถ้ำพรรณรา,227+976,"5,811","5,608",0,0,71,"4,622","2,706","2,322","2,193","1,948","25,281",36.549,15,6868,ขท.สุราษฎร์ธานีที่ 3 (เวียงสระ),สุราษฎร์ธานี
41,501,ถ้ำพรรณรา - ทุ่งสง,291+210,"7,668",974,64,15,18,"6,819","1,167","1,276","1,219","1,411","20,631",24.749,2,2926,ขท.นครศรีธรรมราชที่ 2 (ทุ่งสง),นครศรีธรรมราช
41,502,ทุ่งสง - ร่อนพิบูลย์,314+986,"3,526","3,370",194,146,85,"8,512","1,099","1,269","1,356","1,348","20,905",25.367,0,2206,ขท.นครศรีธรรมราชที่ 2 (ทุ่งสง),นครศรีธรรมราช
41,503,ร่อนพิบูลย์  - ไม้เสียบ,329+486,"3,414","2,867",59,40,44,"6,051","1,005","1,220","1,273","1,552","17,525",29.295,26,1379,ขท.นครศรีธรรมราชที่ 2 (ทุ่งสง),นครศรีธรรมราช
41,503,ร่อนพิบูลย์  - ไม้เสียบ,348+386,"3,227","2,716",52,39,52,"6,193",823,"1,094","1,189","1,400","16,785",27.388,21,940,ขท.นครศรีธรรมราชที่ 2 (ทุ่งสง),นครศรีธรรมราช
41,601,ไม้เสียบ - สี่แยกโพธิ์ทอง,363+061,"4,832","2,572",234,126,72,"6,998",411,828,934,"1,079","18,086",19.076,14,1883,ขท.พัทลุง,พัทลุง
42,101,คลองแงะ - นาทวี,4+150,"3,537",134,13,87,7,569,311,233,219,305,"5,415",21.459,2,1927,ขท.สงขลาที่ 2 (นาหม่อม),สงขลา
42,101,คลองแงะ - นาทวี,10+480,"1,406",220,24,10,1,"1,420",359,291,250,353,"4,334",29.165,16,1113,ขท.สงขลาที่ 2 (นาหม่อม),สงขลา
42,102,นาทวี - ลำไพล,27+600,"2,806","2,452",21,7,0,"2,148",154,123,123,63,"7,897",5.952,0,2291,ขท.สงขลาที่ 2 (นาหม่อม),สงขลา
42,102,นาทวี - ลำไพล,49+771,"1,149",805,4,2,0,"1,223",74,74,82,40,"3,453",7.877,9,1261,ขท.สงขลาที่ 2 (นาหม่อม),สงขลา
42,103,ลำไพล - นาจวก,66+275,775,256,0,1,0,"1,398",63,32,31,9,"2,565",5.302,5,857,ขท.สงขลาที่ 2 (นาหม่อม),สงขลา
42,201,นาจวก - ดอนยาง,80+105,"3,023",70,54,3,3,"2,647",132,75,48,40,"6,095",4.938,3,2373,ขท.ปัตตานี,ปัตตานี
42,202,ดอนยาง - บ้านดี,93+511,"3,831","1,091",71,15,21,"2,369",339,254,153,99,"8,243",10.688,0,1919,ขท.ปัตตานี,ปัตตานี
42,202,ดอนยาง - บ้านดี,108+986,"5,768","1,837",21,37,6,"3,533",633,618,232,74,"12,759",12.54,2,6901,ขท.ปัตตานี,ปัตตานี
42,204,ปาลัส - กอตอ,143+336,"2,950","3,009",322,334,42,967,"1,096",809,341,353,"10,223",29.101,27,2277,ขท.ปัตตานี,ปัตตานี
42,204,ปาลัส - กอตอ,155+486,"2,421","2,654",299,277,26,395,708,595,316,293,"7,984",27.743,15,1835,ขท.ปัตตานี,ปัตตานี
42,301,กอตอ - ปูต๊ะ,171+686,"2,782","2,630",28,0,13,"1,861",974,789,254,109,"9,440",22.659,32,1639,ขท.นราธิวาส,นราธิวาส
42,302,ปูต๊ะ - สะปอม,197+536,"2,119","1,191",27,9,7,"1,988",28,24,21,18,"5,432",1.97,59,2090,ขท.นราธิวาส,นราธิวาส
42,303,สะปอม - ปาเสมัส,256+362,"2,427","1,820",69,35,6,"2,628",171,128,33,27,"7,344",5.447,194,1969,ขท.นราธิวาส,นราธิวาส
43,201,นาหม่อม - จะนะ,8+317,"7,453","6,815",139,61,70,"6,661","1,326",932,824,627,"24,908",15.417,85,2395,ขท.สงขลาที่ 2 (นาหม่อม),สงขลา
43,201,นาหม่อม - จะนะ,29+617,"9,656","4,719",139,42,55,"4,862",795,648,551,430,"21,897",11.513,7,2717,ขท.สงขลาที่ 2 (นาหม่อม),สงขลา
43,202,จะนะ - ปาแด,50+667,"4,949","2,079",9,23,44,"7,009",508,535,440,378,"15,974",12.07,21,992,ขท.สงขลาที่ 2 (นาหม่อม),สงขลา
43,300,ปาแด - มะพร้าวต้นเดียว,87+089,"3,627",809,10,18,52,"4,081",550,480,283,337,"10,247",16.785,4,1972,ขท.ปัตตานี,ปัตตานี
44,100,อ่าวลึก - บางสวรรค์,29+000,"2,584","1,991",42,29,35,"1,874",296,401,251,137,"7,640",15.039,11,1709,ขท.พังงา,กระบี่
44,200,บางสวรรค์ - ทรัพย์ทวี,66+300,"2,673",344,89,6,8,"2,169",281,335,351,402,"6,658",20.772,0,462,ขท.สุราษฎร์ธานีที่ 3 (เวียงสระ),สุราษฎร์ธานี
44,302,ท่าเรือ - หินโงก,110+057,"3,919","2,133",89,72,72,"2,609",918,719,818,534,"11,883",26.365,63,646,ขท.สุราษฎร์ธานีที่ 2 (กาญจนดิษฐ์),สุราษฎร์ธานี
101,100,นครชุม - น้ำดิบ,3+163,"15,359","1,705",84,37,15,"1,078",203,106,161,80,"18,828",3.197,44,7020,ขท.กำแพงเพชร,กำแพงเพชร
101,200,น้ำดิบ - คุยประดู่,18+663,"4,038",140,28,5,10,"1,029",0,143,359,175,"5,927",11.675,5,720,ขท.ตากที่ 1,กำแพงเพชร
101,200,น้ำดิบ - คุยประดู่,28+200,"1,394",335,19,2,57,"3,428",225,292,643,207,"6,602",21.6,17,1190,ขท.ตากที่ 1,กำแพงเพชร
101,301,คุยประดู่ - คลองโพธิ์,45+062,"8,290",639,0,6,39,596,294,325,287,307,"10,783",11.667,53,3382,ขท.สุโขทัย,สุโขทัย
101,301,คุยประดู่ - คลองโพธิ์,59+951,"7,788",514,0,15,23,518,282,183,130,98,"9,551",7.654,66,3132,ขท.สุโขทัย,สุโขทัย
101,302,คลองโพธิ์ - ท่าช้าง,82+375,"7,480","2,349",342,212,153,181,238,175,118,97,"11,345",8.753,93,2855,ขท.สุโขทัย,สุโขทัย
101,303,ท่าช้าง - สวรรคโลก,93+874,"3,585","2,502",147,95,99,802,323,216,132,148,"8,049",12.585,50,2192,ขท.สุโขทัย,สุโขทัย
101,304,สวรรคโลก - ศรีสัชนาลัย,115+044,"1,453",894,13,0,11,"1,133",313,159,106,83,"4,165",16.134,16,847,ขท.สุโขทัย,สุโขทัย
101,305,ศรีสัชนาลัย - แม่สิน,151+919,"1,108","1,560",53,7,2,393,144,56,82,48,"3,453",9.818,33,953,ขท.สุโขทัย,สุโขทัย
101,305,ศรีสัชนาลัย - แม่สิน,190+272,409,406,14,5,4,432,68,41,40,12,"1,431",11.88,8,467,ขท.สุโขทัย,สุโขทัย
101,401,แม่สิน - ปางเคาะ,210+272,"1,766","1,536",53,47,49,932,183,93,89,86,"4,834",11.316,35,1201,ขท.แพร่,แพร่
101,402,แยกปากจั๊วะ - แยกเจริญราษฎร์,229+872,"3,472","1,264",84,0,57,"4,778",353,319,197,131,"10,655",9.92,27,1524,ขท.แพร่,แพร่
101,403,แยกนาแหลม - หนองห้า,259+511,"4,740","2,489",57,48,44,"6,416",617,357,341,246,"15,355",10.765,19,1061,ขท.แพร่,แพร่
101,404,หนองห้า - สวนป่า,274+772,"1,624",987,109,79,49,"3,145",211,135,48,39,"6,426",8.73,23,3175,ขท.แพร่,แพร่
101,500,สวนป่า - สะพานพญาวัด,314+974,"3,742",624,0,0,67,497,337,277,197,80,"5,821",16.458,0,515,ขท.น่านที่ 1,น่าน
101,500,สวนป่า - สะพานพญาวัด,348+439,"4,996","1,084",0,25,95,731,471,272,272,82,"8,028",15.159,3,1379,ขท.น่านที่ 1,น่าน
101,601,สี่แยกช้างเผือก - ปัว,399+284,"3,826",885,53,45,40,"1,240",683,257,107,141,"7,277",17.493,52,1168,ขท.น่านที่ 2,น่าน
101,601,สี่แยกช้างเผือก - ปัว,412+134,"6,498","1,575",106,76,83,"1,480",569,370,143,185,"11,085",12.864,72,3187,ขท.น่านที่ 2,น่าน
101,602,ปัว - ปางหก,458+174,"1,231",870,0,16,0,"1,544",180,147,105,21,"4,114",11.4,0,2011,ขท.น่านที่ 2,น่าน
101,602,ปัว - ปางหก,472+674,494,460,0,0,0,843,150,139,90,38,"2,214",18.835,0,1094,ขท.น่านที่ 2,น่าน
101,603,ปางหก - จุดผ่านแดนถาวรห้วยโก๋น/น้ำเงิน (เขตแดนไทย/ลาว),486+774,206,45,0,0,61,147,126,125,131,129,970,58.969,0,234,ขท.น่านที่ 2,น่าน
101,603,ปางหก - จุดผ่านแดนถาวรห้วยโก๋น/น้ำเงิน (เขตแดนไทย/ลาว),494+674,204,18,0,0,0,121,84,107,127,130,791,56.637,0,220,ขท.น่านที่ 2,น่าน
101,603,ปางหก - จุดผ่านแดนถาวรห้วยโก๋น/น้ำเงิน (เขตแดนไทย/ลาว),502+958,275,116,0,0,0,167,140,189,181,163,"1,231",54.671,0,304,ขท.น่านที่ 2,น่าน
102,101,อุตรดิตถ์ - ห้วยไผ่,0+200,"3,479","1,060",81,41,35,"3,460",237,114,48,50,"8,605",6.101,65,2041,ขท.อุตรดิตถ์ที่ 1,อุตรดิตถ์
102,102,ห้วยไผ่ - ห้วยช้าง,12+944,"1,590",478,12,1,23,"3,188",162,111,59,19,"5,643",6.645,5,1502,ขท.อุตรดิตถ์ที่ 1,อุตรดิตถ์
102,201,ห้วยช้าง - ศรีสัชนาลัย,22+444,"1,127","1,467",17,11,17,264,105,145,83,14,"3,250",11.538,10,445,ขท.สุโขทัย,สุโขทัย
102,202,ศรีสัชนาลัย - ดอนโก,40+794,"4,188",416,3,2,12,107,195,169,58,3,"5,153",8.519,64,2840,ขท.สุโขทัย,สุโขทัย
102,202,ศรีสัชนาลัย - ดอนโก,50+000,"2,091",175,0,0,0,220,307,569,399,12,"3,773",34.111,24,1009,ขท.สุโขทัย,สุโขทัย
102,203,ดอนโก - เมืองเก่า,86+365,"2,667",259,5,2,8,33,183,101,303,99,"3,660",19.016,13,408,ขท.สุโขทัย,สุโขทัย
103,102,แม่ยางฮ่อ - แม่ตีบ,9+200,"2,731","1,839",165,97,130,"4,437",416,290,182,132,"10,419",11.969,26,1854,ขท.แพร่,แพร่
103,102,แม่ยางฮ่อ - แม่ตีบ,33+218,"2,593","1,903",99,98,130,"4,340",375,300,214,151,"10,203",12.428,21,1100,ขท.แพร่,แพร่
103,200,แม่ตีบ - งาว,56+000,"2,519","2,026","1,140",498,"1,161","2,447","1,798","1,583","1,504","1,445","16,121",49.556,308,1327,ขท.ลำปางที่ 2,ลำปาง
104,100,ตาก - สะพานวุฒิกุล,6+605,724,500,12,2,0,525,67,22,8,15,"1,875",6.08,7,592,ขท.ตากที่ 1,ตาก
105,101,แม่สอด - ห้วยบง,4+590,"5,312",515,156,31,3,"1,230",337,210,88,87,"7,969",9.487,117,2335,ขท.ตากที่ 2 (แม่สอด),ตาก
105,102,ห้วยบง - แม่สลิดหลวง,35+000,"1,248",489,122,47,34,328,109,41,48,25,"2,491",12.204,43,734,ขท.ตากที่ 2 (แม่สอด),ตาก
105,103,แม่สลิดหลวง - แม่เงา,114+300,504,142,23,18,0,155,31,7,3,0,883,6.682,0,755,ขท.ตากที่ 2 (แม่สอด),ตาก
105,103,แม่สลิดหลวง - แม่เงา,137+800,598,206,22,6,0,176,46,9,1,0,"1,064",5.827,5,535,ขท.ตากที่ 2 (แม่สอด),ตาก
105,200,แม่เงา - แม่สะเรียง,221+500,"1,567",21,13,0,0,369,44,6,8,1,"2,029",2.908,2,1218,ขท.แม่ฮ่องสอน,แม่ฮ่องสอน
106,100,สวรรคโลก - หอรบ,16+639,"1,095",105,2,5,4,"2,392",170,64,81,35,"3,953",9.082,25,633,ขท.สุโขทัย,สุโขทัย
106,201,หอรบ - ดอนไชย,58+277,682,300,4,0,0,372,116,25,6,7,"1,512",10.185,0,399,ขท.ลำปางที่ 1,ลำปาง
106,201,หอรบ - ดอนไชย,66+062,502,352,4,0,0,299,70,21,5,8,"1,261",8.247,1,354,ขท.ลำปางที่ 1,ลำปาง
106,202,ดอนไชย - ห้วยหญ้าไทร,95+391,680,"1,184",30,0,0,282,153,58,57,79,"2,523",13.753,119,894,ขท.ลำปางที่ 1,ลำปาง
106,301,ห้วยหญ้าไซ - ลี้,135+231,"1,884","1,031",28,9,4,810,599,449,251,66,"5,131",26.856,20,1369,ขท.ลำพูน,ลำพูน
106,302,ลี้ - ม่วงโตน,169+788,"3,385",599,115,8,6,833,335,183,119,88,"5,671",13.031,23,1996,ขท.ลำพูน,ลำพูน
106,303,ม่วงโตน - ท่าจักร,215+891,"4,459",606,101,63,12,823,262,144,148,64,"6,682",10.371,19,739,ขท.ลำพูน,ลำพูน
106,303,ม่วงโตน - ท่าจักร,232+322,"6,880",382,114,15,25,"1,152",488,131,177,43,"9,407",9.344,28,2073,ขท.ลำพูน,ลำพูน
106,304,ท่าจักร - อุโมงค์,247+491,"14,806",603,191,59,37,152,58,86,36,30,"16,058",1.906,66,14601,ขท.ลำพูน,ลำพูน
106,304,ท่าจักร - อุโมงค์,253+891,"15,601",716,164,51,38,146,114,71,28,20,"16,949",1.9,83,13674,ขท.ลำพูน,ลำพูน
107,100,เชียงใหม่ - ขี้เหล็กหลวง,9+300,"14,414","6,579",625,97,66,"13,916",497,172,166,0,"36,532",2.732,8,10530,ขท.เชียงใหม่ที่ 2,เชียงใหม่
107,201,ขี้เหล็กหลวง - แม่ทะลาย,37+315,"5,077","1,649",454,25,30,"1,249",694,257,190,63,"9,688",12.995,36,2618,ขท.เชียงใหม่ที่ 3,เชียงใหม่
107,202,แม่ทะลาย - หัวโท,64+700,"3,811",990,72,20,55,"5,430",246,187,36,15,"10,862",5.146,22,2208,ขท.เชียงใหม่ที่ 3,เชียงใหม่
107,202,แม่ทะลาย - หัวโท,73+055,"1,380",363,41,18,39,"2,854",136,78,34,15,"4,958",6.454,21,1091,ขท.เชียงใหม่ที่ 3,เชียงใหม่
107,202,แม่ทะลาย - หัวโท,84+215,"1,991","1,170",80,26,84,"7,379",71,91,56,20,"10,968",3.173,26,1370,ขท.เชียงใหม่ที่ 3,เชียงใหม่
107,203,หัวโท - ล้องอ้อ,115+842,"2,035","1,071",58,99,53,"4,103",704,224,26,17,"8,390",13.385,19,808,ขท.เชียงใหม่ที่ 3,เชียงใหม่
107,204,ล้องอ้อ - เมืองงาม,145+462,"4,476","2,953",36,27,10,"7,599",321,74,24,18,"15,538",3.051,41,6416,ขท.เชียงใหม่ที่ 3,เชียงใหม่
107,204,ล้องอ้อ - เมืองงาม,166+112,"2,056","1,155",32,13,25,"3,349",400,135,29,16,"7,210",8.571,27,1693,ขท.เชียงใหม่ที่ 3,เชียงใหม่
107,204,ล้องอ้อ - เมืองงาม,189+121,"1,493",761,17,1,35,"2,072",193,66,8,3,"4,649",6.582,25,1928,ขท.เชียงใหม่ที่ 3,เชียงใหม่
107,300,เมืองงาม - แม่จัน,209+431,460,209,61,7,0,841,61,43,17,6,"1,705",7.859,18,276,ขท.เชียงรายที่ 1,เชียงราย
107,300,เมืองงาม - แม่จัน,238+238,716,465,62,1,0,"1,454",139,36,22,19,"2,914",7.447,51,576,ขท.เชียงรายที่ 1,เชียงราย
108,101,เชียงใหม่ - ปากทางท่าลี่,7+650,"28,992","7,331","1,313",417,283,"14,617",495,178,89,53,"53,768",2.818,261,17497,ขท.เชียงใหม่ที่ 1,เชียงใหม่
108,102,ปากทางท่าลี่ - สะพานแม่กลาง,57+000,"3,464","1,547",242,74,29,"4,678",630,729,"1,111",698,"13,202",24.777,32,2417,ขท.เชียงใหม่ที่ 1,เชียงใหม่
108,103,สะพานแม่กลาง - บ้านบ่อแก้ว,70+000,"2,473","4,617",102,150,32,398,628,"1,269",328,25,"10,022",24.267,1,980,ขท.เชียงใหม่ที่ 1,เชียงใหม่
108,104,บ้านบ่อแก้ว - สะพานแม่ริด,143+400,337,234,10,4,0,"1,425",126,64,52,23,"2,275",11.824,0,702,ขท.เชียงใหม่ที่ 1,เชียงใหม่
108,201,สะพานแม่ริด - ห้วยงู,156+700,711,31,19,0,1,728,103,37,89,17,"1,736",14.228,0,294,ขท.แม่ฮ่องสอน,แม่ฮ่องสอน
108,201,สะพานแม่ริด - ห้วยงู,197+100,"1,038",159,16,0,2,968,94,29,29,24,"2,359",7.546,3,1101,ขท.แม่ฮ่องสอน,แม่ฮ่องสอน
108,202,ห้วยงู - หนองแห้ง,240+850,702,237,1,2,5,"1,027",143,67,35,9,"2,228",11.715,4,1190,ขท.แม่ฮ่องสอน,แม่ฮ่องสอน
108,203,หนองแห้ง - แม่สุริน,269+100,341,128,10,3,1,247,111,56,40,17,954,23.899,0,337,ขท.แม่ฮ่องสอน,แม่ฮ่องสอน
108,203,หนองแห้ง - แม่สุริน,284+800,963,118,2,3,0,297,97,56,8,9,"1,553",11.14,4,758,ขท.แม่ฮ่องสอน,แม่ฮ่องสอน
108,204,แม่สุริน - ปางหมู,352+100,"2,275",196,41,17,12,"1,640",148,51,34,0,"4,414",5.936,7,4106,ขท.แม่ฮ่องสอน,แม่ฮ่องสอน
109,100,แม่สรวย - ห้วยป่าไร่,28+000,"1,649",120,38,0,0,626,72,56,48,10,"2,619",7.102,21,691,ขท.เชียงรายที่ 1,เชียงราย
109,200,ห้วยป่าไร่ - ฝาง,61+000,"1,309","1,159",31,0,0,"1,872",244,45,15,11,"4,686",6.722,25,1407,ขท.เชียงใหม่ที่ 3,เชียงใหม่
111,100,ทางเลี่ยงเมืองพิจิตร,5+900,"4,137","1,315",20,2,5,"2,840",194,114,39,44,"8,710",4.569,62,4025,ขท.พิจิตร,พิจิตร
112,100,ทางเลี่ยงเมืองกำแพงเพชร,3+000,"3,410","1,908",8,3,6,"4,623",354,238,278,173,"11,001",9.563,1,2485,ขท.กำแพงเพชร,กำแพงเพชร
112,100,ทางเลี่ยงเมืองกำแพงเพชร,6+500,"4,452","2,265",16,3,4,"5,504",300,279,279,130,"13,232",7.52,16,2648,ขท.กำแพงเพชร,กำแพงเพชร
113,101,สามแยกวังชมภู - ชนแดน,15+253,"1,825",38,8,1,1,451,53,19,38,14,"2,448",5.147,9,347,ขท.เพชรบูรณ์ที่ 2 (บึงสามพัน),เพชรบูรณ์
113,102,ชนแดน - ดงขุย,38+678,587,132,40,0,1,"1,303",86,58,116,66,"2,389",13.688,8,633,ขท.เพชรบูรณ์ที่ 2 (บึงสามพัน),เพชรบูรณ์
113,202,เขาทราย - ฆะมัง,69+253,"3,812","1,924",13,8,4,"1,249",217,177,292,160,"7,856",10.922,4,1488,ขท.พิจิตร,พิจิตร
113,203,ฆะมัง - พิจิตร,106+209,"5,724","1,227",76,52,35,"4,762",314,228,85,97,"12,600",6.437,43,3603,ขท.พิจิตร,พิจิตร
114,100,ดอยติ - ลำพูน,2+168,"16,325",935,57,60,49,118,115,87,74,66,"17,886",2.522,53,16388,ขท.ลำพูน,ลำพูน
115,100,กำแพงเพชร - แก้วสุวรรณ,4+000,"6,091","1,570",5,18,6,"9,906",330,280,187,141,"18,534",5.19,47,5243,ขท.กำแพงเพชร,กำแพงเพชร
115,200,แก้วสุวรรณ - บึงบัว,40+400,"2,282","1,282",1,1,0,"3,105",298,245,210,282,"7,706",13.444,59,1064,ขท.พิษณุโลกที่ 1,กำแพงเพชร
115,301,บึงบัว - คลองโนน,73+135,"4,788",971,1,0,1,"1,898",315,106,136,172,"8,388",8.703,18,2040,ขท.พิจิตร,พิจิตร
115,302,คลองโนน - เนินสมอ,89+000,"3,924","1,186",24,0,4,"4,342",167,180,66,145,"10,038",5.599,19,5351,ขท.พิจิตร,พิจิตร
115,302,คลองโนน - เนินสมอ,95+011,"2,442",588,8,1,6,282,135,272,56,139,"3,929",15.5,63,1234,ขท.พิจิตร,พิจิตร
116,101,ป่าสัก - สะปุ๋ง,1+000,"17,735",812,57,45,40,335,407,103,64,38,"19,636",3.55,56,15980,ขท.ลำพูน,ลำพูน
116,101,ป่าสัก - สะปุ๋ง,15+600,"11,046",746,54,91,22,496,569,219,193,141,"13,577",9.096,56,8219,ขท.ลำพูน,ลำพูน
116,200,บ้านเรือน - ท่าวังพร้าว,24+300,"3,304",944,25,0,0,"1,117",683,406,433,157,"7,069",23.752,16,713,ขท.เชียงใหม่ที่ 1,เชียงใหม่
117,101,นครสวรรค์ - หนองเต่า,8+900,"16,436","3,640",103,73,90,"1,109",870,539,488,216,"23,564",9.659,9,5308,ขท.นครสวรรค์ที่ 1,นครสวรรค์
117,201,คลองพลังด้านใต้ - เนินสว่าง,42+357,"9,303","3,372",0,19,29,"1,721",762,595,806,783,"17,390",17.217,1,560,ขท.พิจิตร,พิจิตร
117,202,เนินสว่าง - หนองนา,88+934,"10,673","4,571",37,94,73,"5,730",950,520,780,829,"24,257",13.382,11,945,ขท.พิจิตร,พิจิตร
117,301,หนองนา - พิษณุโลก,123+587,"8,218","5,536",58,52,132,"7,679",815,"1,089",957,878,"25,414",15.436,84,3316,ขท.พิษณุโลกที่ 1,พิษณุโลก
117,302,คลองเมม - พญาแมน,150+053,728,442,0,0,0,232,159,157,152,0,"1,870",25.027,0,370,ขท.พิษณุโลกที่ 1,พิษณุโลก
117,302,คลองเมม - พญาแมน,184+551,"1,330","1,313",0,0,0,915,802,492,403,335,"5,590",36.351,212,1505,ขท.พิษณุโลกที่ 1,พิษณุโลก
117,401,พญาแมน - ไร่อ้อย,197+000,425,263,25,0,4,"1,002",87,97,96,54,"2,053",16.464,0,482,ขท.อุตรดิตถ์ที่ 1,อุตรดิตถ์
117,402,ไร่อ้อย - อุตรดิตถ์,228+500,"1,961","1,317",0,8,1,"3,644",441,198,219,87,"7,876",12.113,11,1919,ขท.อุตรดิตถ์ที่ 1,อุตรดิตถ์
117,402,ไร่อ้อย - อุตรดิตถ์,237+726,"2,172",314,5,4,5,"1,508",83,26,28,20,"4,165",3.986,12,2292,ขท.อุตรดิตถ์ที่ 1,อุตรดิตถ์
117,403,ป่าขนุน - วังผาชัน,256+700,932,367,101,15,0,488,187,49,95,42,"2,276",17.047,11,595,ขท.อุตรดิตถ์ที่ 1,อุตรดิตถ์
117,501,วังผาชัน - น้ำปาด,310+700,626,555,23,15,10,"1,203",410,381,15,2,"3,240",25.71,0,992,ขท.อุตรดิตถ์ที่ 2,อุตรดิตถ์
117,502,น้ำปาด - นาไพร,325+156,"1,408","1,274",161,126,95,"1,390",317,377,317,257,"5,722",26.022,260,1536,ขท.อุตรดิตถ์ที่ 2,อุตรดิตถ์
117,502,น้ำปาด - นาไพร,365+506,"1,324",860,106,98,98,"1,218",486,313,438,360,"5,301",33.824,348,1284,ขท.อุตรดิตถ์ที่ 2,อุตรดิตถ์
118,100,เชียงใหม่ - ดอยนางแก้ว,0+500,"23,083","15,834","3,641","2,024","1,622","19,167","1,650",974,396,309,"68,700",10.153,486,20684,ขท.เชียงใหม่ที่ 2,เชียงใหม่
118,100,เชียงใหม่ - ดอยนางแก้ว,20+200,"4,907","4,678",767,351,546,"4,847","1,114",641,500,258,"18,609",18.324,659,3333,ขท.เชียงใหม่ที่ 2,เชียงใหม่
118,201,ดอยนางแก้ว - แม่สรวย,53+200,"5,212","4,383","1,090",766,780,"5,234","1,264",794,724,551,"20,798",23.459,3,1272,ขท.เชียงรายที่ 1,เชียงราย
118,201,ดอยนางแก้ว - แม่สรวย,87+800,"6,246","5,374","1,053",972,"1,010","6,364","1,901",996,928,859,"25,703",25.935,549,5289,ขท.เชียงรายที่ 1,เชียงราย
118,201,ดอยนางแก้ว - แม่สรวย,124+600,"4,137","3,351",504,380,405,"4,790","1,228",450,410,404,"16,059",20.406,183,3573,ขท.เชียงรายที่ 1,เชียงราย
118,202,แม่สรวย - ดงมะดะ,156+500,"3,691",361,63,36,33,"4,145",296,146,187,63,"9,021",8.436,12,954,ขท.เชียงรายที่ 1,เชียงราย
120,100,พะเยา - ปากบอก,9+000,"1,240",671,10,0,10,"1,411",82,30,14,16,"3,484",4.363,60,254,ขท.พะเยา,พะเยา
120,200,ปากบอก - แม่เฮียว,46+300,"1,578","1,696",691,656,612,"2,474",841,748,683,586,"10,565",39.053,586,1921,ขท.ลำปางที่ 2,ลำปาง
121,101,เหมืองกุง - ต้นเปา,1+000,"21,689","2,339",240,190,99,"12,757",974,397,211,104,"39,000",5.064,93,7022,ขท.เชียงใหม่ที่ 2,เชียงใหม่
121,102,ต้นเปา - ดอนแก้ว,16+000,"9,361","4,792",280,137,167,"10,079","1,955","1,548",436,309,"29,064",15.662,209,7791,ขท.เชียงใหม่ที่ 2,เชียงใหม่
121,103,ดอนแก้ว - ต้นพยอม,38+000,"10,445",499,48,30,0,"6,548",27,20,31,0,"17,648",0.612,19,5430,ขท.เชียงใหม่ที่ 2,เชียงใหม่
121,104,ต้นพยอม - เหมืองกุง,44+400,"17,900","1,118",153,16,2,"9,092",165,56,44,14,"28,560",1.04,77,7852,ขท.เชียงใหม่ที่ 2,เชียงใหม่
122,102,ทางเลี่ยงเมืองนครสวรรค์ด้านตะวันตก,9+100,"6,965","3,450",0,0,96,"1,806","1,865","2,106","2,402","2,743","21,433",42.98,0,1113,ขท.นครสวรรค์ที่ 1,นครสวรรค์
123,100,ทางเลี่ยงเมืองแม่สาย,3+984,641,294,4,91,3,"1,340",427,179,173,65,"3,217",29.158,32,1189,ขท.เชียงรายที่ 1,เชียงราย
125,101,วังวน - แจกัน,7+000,"1,807","1,979",101,42,48,783,332,286,412,202,"5,992",22.063,43,642,ขท.สุโขทัย,สุโขทัย
126,101,ถนนวงแหวนรอบเมืองพิษณุโลกด้านทิศเหนือ,0+000,"6,338","5,436",204,231,141,"3,516","3,144","2,200","1,635","1,277","24,122",35.768,2,3871,ขท.พิษณุโลกที่ 1,พิษณุโลก
126,102,ถนนวงแหวนรอบเมืองพิษณุโลกด้านทิศเหนือ,19+000,"5,178","4,476",321,313,489,"3,076",823,512,442,393,"16,023",18.548,250,2260,ขท.พิษณุโลกที่ 1,พิษณุโลก
126,103,ถนนวงแหวนรอบเมืองพิษณุโลกด้านทิศใต้,33+891,"8,291",582,122,0,28,"6,938",670,391,404,371,"17,797",10.474,0,1109,ขท.พิษณุโลกที่ 1,พิษณุโลก
126,104,ถนนวงแหวนรอบเมืองพิษณุโลกด้านทิศใต้,47+718,"3,234","2,264",120,174,139,"7,280","1,288","1,091",846,368,"16,804",23.244,59,1597,ขท.พิษณุโลกที่ 1,พิษณุโลก
127,100,ทางเลี่ยงเมืองลำปาง,1+600,"8,014","5,972",541,523,526,"4,680","1,944","1,495","1,047",798,"25,540",24.796,307,4125,ขท.ลำปางที่ 1,ลำปาง
128,100,ทางเลี่ยงเมืองแม่ฮ่องสอน,0+500,"1,799",340,20,3,5,"1,445",162,34,7,0,"3,815",5.531,6,2041,ขท.แม่ฮ่องสอน,แม่ฮ่องสอน
129,102,ทางเลี่ยงเมืองแพร่,8+939,"3,298",839,66,0,48,"3,414",441,295,264,237,"8,902",14.435,20,1354,ขท.แพร่,แพร่
130,100,ทางเข้าสะพานข้ามแม่น้ำเมยแห่งที่ 2 ที่แม่สอด,8+500,634,53,36,1,18,160,434,301,428,562,"2,627",66.388,8,229,ขท.ตากที่ 2 (แม่สอด),ตาก
131,100,ทางเลี่ยงเมืองเชียงราย,3+000,"6,461","6,828",5,3,5,"8,396",122,82,94,88,"22,084",1.784,165,5179,ขท.เชียงรายที่ 1,เชียงราย
201,101,ทางต่างระดับสีคิ้ว - หินหล่อง,11+993,"4,446","4,749",130,63,143,"1,409","1,617","1,390",905,758,"15,610",31.236,7,1338,ขท.นครราชสีมาที่ 2,นครราชสีมา
201,101,ทางต่างระดับสีคิ้ว - หินหล่อง,25+493,"1,913","2,071",49,46,106,"1,399","1,193",940,766,720,"9,203",40.976,5,749,ขท.นครราชสีมาที่ 2,นครราชสีมา
201,103,ด่านขุนทด - หนองบัวโคก,48+830,"1,945","2,248",154,137,172,337,337,343,302,321,"6,296",25.604,9,1280,ขท.นครราชสีมาที่ 2,นครราชสีมา
201,201,หนองบัวโคก - บ้านลี่,66+664,"5,130",575,0,0,95,"7,696","1,268","1,423","2,098","2,090","20,375",34.228,18,746,ขท.ชัยภูมิ,ชัยภูมิ
201,201,หนองบัวโคก - บ้านลี่,81+164,"4,645",599,5,2,76,"10,242",858,742,"1,040","1,062","19,271",19.615,7,1053,ขท.ชัยภูมิ,ชัยภูมิ
201,202,บ้านลี่ - สี่แยกโรงต้ม,125+164,"3,826","1,091",6,1,39,"7,002",482,415,571,566,"13,999",14.815,11,817,ขท.ชัยภูมิ,ชัยภูมิ
201,301,ช่องสามหมอ - บ้านแข้,163+067,"4,298",897,13,12,67,"9,122",736,629,831,"1,055","17,660",18.856,4,1191,ขท.ขอนแก่นที่ 2 (ชุมแพ),ชัยภูมิ
201,301,ช่องสามหมอ - บ้านแข้,191+731,"3,811",317,14,0,18,"4,726",449,385,518,240,"10,478",15.366,4,761,ขท.ขอนแก่นที่ 2 (ชุมแพ),ชัยภูมิ
201,303,ท่าเดื่อ - ชุมแพ,218+754,"3,417","2,824",139,150,194,"5,490","1,010",893,906,846,"15,869",25.2,89,3561,ขท.ขอนแก่นที่ 2 (ชุมแพ),ขอนแก่น
201,304,โนนหัน - ผานกเค้า,237+211,"1,804","1,041",79,19,50,"5,010",491,167,611,408,"9,680",18.037,19,1379,ขท.ขอนแก่นที่ 2 (ชุมแพ),ขอนแก่น
201,401,ผานกเค้า - หลักร้อยหกสิบ,268+857,"2,026",358,192,177,137,266,203,141,152,95,"3,747",24.153,9,1214,ขท.เลยที่ 1,เลย
201,401,ผานกเค้า - หลักร้อยหกสิบ,277+757,"2,092",258,34,29,61,421,260,187,254,169,"3,765",25.498,1,680,ขท.เลยที่ 1,เลย
201,402,หลักร้อยหกสิบ - โนนสว่าง,300+733,"1,971",168,30,9,54,"3,058",214,166,256,252,"6,178",15.393,18,1258,ขท.เลยที่ 1,เลย
201,404,ปากปวน - ปากภู,341+398,"8,829","1,963",49,22,11,"1,251",14,11,3,4,"12,157",0.535,67,6866,ขท.เลยที่ 1,เลย
201,404,ปากปวน - ปากภู,352+057,"13,404","3,451",81,43,21,"1,121",17,16,10,7,"18,171",0.627,83,10167,ขท.เลยที่ 1,เลย
201,405,ปากภู - เชียงคาน,369+357,"2,098",201,18,34,35,"3,587",146,79,69,29,"6,296",6.226,9,1313,ขท.เลยที่ 1,เลย
202,102,โพนทอง - แก้งสนามนาง,11+500,840,561,347,183,126,"4,527",423,330,298,256,"7,891",20.479,78,2932,ขท.ชัยภูมิ,ชัยภูมิ
202,201,แก้งสนามนาง - ดอนตะหนิน,26+000,"2,798",202,8,14,11,181,191,112,264,156,"3,937",18.999,10,893,ขท.นครราชสีมาที่ 1,นครราชสีมา
202,201,แก้งสนามนาง - ดอนตะหนิน,64+200,"1,749","3,065",32,11,4,803,244,127,440,362,"6,837",17.376,29,1397,ขท.นครราชสีมาที่ 1,นครราชสีมา
202,202,ดอนตะหนิน - ตลาดไทร,77+700,"2,614",77,32,2,4,598,412,95,383,170,"4,387",24.299,5,680,ขท.นครราชสีมาที่ 1,นครราชสีมา
202,300,ตลาดไทร - ลำพังชู,123+622,"2,613",604,9,3,22,"4,299",422,401,213,202,"8,788",14.372,6,1081,ขท.บุรีรัมย์,บุรีรัมย์
202,400,ลำพังชู - ห้วยลำเตา,138+122,"1,644","1,662",81,74,106,"1,791","1,389","1,162","1,147","1,130","10,186",49.166,0,738,ขท.มหาสารคาม,มหาสารคาม
202,400,ลำพังชู - ห้วยลำเตา,145+122,"1,672",575,40,29,33,"2,385",180,121,115,94,"5,244",10.908,0,1363,ขท.มหาสารคาม,มหาสารคาม
202,501,ห้วยลำเตา - เกษตรวิสัย,180+122,"1,305",636,0,0,80,"3,869",437,209,318,285,"7,139",18.616,2,491,ขท.ร้อยเอ็ด,ร้อยเอ็ด
202,601,สุวรรณภูมิ - โนนชัยศรี,213+816,"5,205","4,704",374,323,249,"1,813","1,908","1,587","1,729","1,736","19,628",38.374,46,3176,ขท.ยโสธร,ร้อยเอ็ด
202,601,สุวรรณภูมิ - โนนชัยศรี,221+822,"4,794","5,048",466,270,201,"2,038","1,788","1,471","1,889","1,866","19,831",37.744,41,3525,ขท.ยโสธร,ร้อยเอ็ด
202,601,สุวรรณภูมิ - โนนชัยศรี,228+400,"1,851",243,17,15,12,"3,788",276,253,343,445,"7,243",18.556,21,679,ขท.ยโสธร,ร้อยเอ็ด
202,602,โนนชัยศรี - บ้านบ่อ,258+382,"6,911",215,108,47,37,604,418,490,611,752,"10,193",23.104,13,1336,ขท.ยโสธร,ยโสธร
202,603,ยโสธร- สะพานคลองลำเซ,271+425,"2,793","1,302",65,65,24,"3,524",640,338,183,102,"9,036",14.962,17,2589,ขท.ยโสธร,ยโสธร
202,701,สะพานคลองลำเซ - ปทุมราชวงศา,298+680,"4,916","2,056",555,489,446,"2,764",453,353,293,174,"12,499",17.665,249,2349,ขท.อำนาจเจริญ,อำนาจเจริญ
202,701,สะพานคลองลำเซ - ปทุมราชวงศา,322+780,"2,967","2,551",250,267,290,"2,177",267,249,225,200,"9,443",15.864,257,2296,ขท.อำนาจเจริญ,อำนาจเจริญ
202,703,หนองผือ - เขมราฐ,368+680,"2,305",938,268,276,251,"2,632",386,317,222,444,"8,039",23.585,211,1656,ขท.อำนาจเจริญ,อุบลราชธานี
204,100,ทางเลี่ยงเมืองนครราชสีมา,2+500,"14,192","12,100",547,621,667,"15,867","2,246","3,402","3,473","3,761","56,876",24.914,85,5075,ขท.นครราชสีมาที่ 2,นครราชสีมา
204,200,ทางเลี่ยงเมืองนครราชสีมา,17+666,"17,179","2,558",6,11,39,"10,435","2,008","2,753","3,712","5,553","44,254",31.807,13,2539,ขท.นครราชสีมาที่ 1,นครราชสีมา
205,102,ดงพลับ -  ม่วงค่อม,11+500,"1,469","1,779",85,161,58,494,209,122,160,79,"4,616",17.093,23,945,ขท.ลพบุรีที่ 1,ลพบุรี
205,102,ดงพลับ -  ม่วงค่อม,27+254,"4,629","4,098",324,223,357,"1,263",736,456,202,169,"12,457",17.203,26,2299,ขท.ลพบุรีที่ 1,ลพบุรี
205,201,ม่วงค่อม - คลองห้วยไผ่,55+948,"4,442","2,103","1,308",980,"1,078","3,941","1,433","1,652","1,466","1,012","19,415",39.253,0,2210,ขท.ลพบุรีที่ 2 (ลำนารายณ์),ลพบุรี
205,203,เทศบาลลำนารายณ์ - ช่องสำราญ,75+972,"3,560","2,192",290,157,262,290,524,541,623,411,"8,850",28.452,18,1764,ขท.ลพบุรีที่ 2 (ลำนารายณ์),ลพบุรี
205,203,เทศบาลลำนารายณ์ - ช่องสำราญ,97+800,"3,908",383,113,40,42,443,247,262,517,341,"6,296",23.015,11,1238,ขท.ลพบุรีที่ 2 (ลำนารายณ์),ลพบุรี
205,301,ช่องสำราญ - คำปิง,119+872,"1,478",875,23,26,21,"1,657",483,480,"1,235",579,"6,857",41.184,19,971,ขท.ชัยภูมิ,ชัยภูมิ
205,301,ช่องสำราญ - คำปิง,140+072,"2,103","1,268",10,14,9,"1,055",545,624,"1,408",706,"7,742",42.702,33,913,ขท.ชัยภูมิ,ชัยภูมิ
205,401,หนองบัวโคก - โคกสวาย,169+672,"1,478",674,29,17,69,846,294,401,417,401,"4,626",34.565,37,897,ขท.นครราชสีมาที่ 1,ชัยภูมิ
205,401,หนองบัวโคก - โคกสวาย,191+342,"1,451",600,8,2,85,"2,743",193,255,285,255,"5,877",18.292,13,1060,ขท.นครราชสีมาที่ 1,นครราชสีมา
205,402,โคกสวาย - แขวงทางหลวงนครราชสีมาที่ 1,213+102,"9,675",718,180,10,77,781,462,283,256,155,"12,597",9.867,14,2712,ขท.นครราชสีมาที่ 1,นครราชสีมา
205,402,โคกสวาย - แขวงทางหลวงนครราชสีมาที่ 1,232+502,"18,150","2,343",526,62,80,"1,167",136,81,46,33,"22,624",1.936,31,8696,ขท.นครราชสีมาที่ 1,นครราชสีมา
206,100,ตลาดแค - วังหิน,7+000,"5,016","1,369",57,51,51,"5,130",805,774,764,331,"14,348",19.348,35,3097,ขท.นครราชสีมาที่ 1,นครราชสีมา
206,100,ตลาดแค - วังหิน,9+197,"3,606","1,287",10,3,10,"8,027",625,304,406,273,"14,551",11.14,9,2180,ขท.นครราชสีมาที่ 1,นครราชสีมา
206,200,วังหิน - หินดาด,16+202,"2,365","1,635",82,56,50,"2,088","1,012",910,591,370,"9,159",32.635,62,1825,ขท.นครราชสีมาที่ 3,นครราชสีมา
206,200,วังหิน - หินดาด,35+202,"1,855","1,542",63,43,53,875,554,337,220,129,"5,671",23.558,47,1361,ขท.นครราชสีมาที่ 3,นครราชสีมา
207,100,บ้านวัด - ประทาย,13+906,"5,109",663,16,9,12,"1,475",539,473,652,827,"9,775",25.698,20,2216,ขท.นครราชสีมาที่ 1,นครราชสีมา
208,100,ท่าพระ - หนองสระพัง,0+400,"7,782","1,125",36,7,25,"1,908",653,507,472,479,"12,994",16.492,7,1337,ขท.ขอนแก่นที่ 3 (บ้านไผ่),ขอนแก่น
208,200,หนองสระพัง - มหาสารคาม,27+500,"5,592","4,245",88,86,75,"2,426","1,722",688,777,630,"16,329",24.362,54,2894,ขท.มหาสารคาม,มหาสารคาม
208,200,หนองสระพัง - มหาสารคาม,51+100,"4,877","5,067",239,350,226,"1,807","1,105",655,673,497,"15,496",22.625,73,2732,ขท.มหาสารคาม,มหาสารคาม
210,100,อุดรธานี - นิคมเชียงพิณ,8+417,"7,618","5,016",154,31,61,"4,383",642,408,582,255,"19,150",10.334,47,1873,ขท.อุดรธานีที่ 1,อุดรธานี
210,201,นิคมเชียงพิณ - หนองบัวลำภู,34+841,"4,359",569,68,24,53,"3,573",388,315,533,237,"10,119",15.318,5,1154,ขท.หนองบัวลำภู,หนองบัวลำภู
210,202,หนองบัวลำภู - นาคำไฮ,48+810,"6,953","2,297",80,25,47,624,399,242,577,290,"11,534",13.699,5,2382,ขท.หนองบัวลำภู,หนองบัวลำภู
210,203,นาคำไฮ - วังสำราญ,93+976,"3,492","3,056",127,108,170,"2,798","2,183","2,162","2,361","2,253","18,710",49.369,95,2005,ขท.หนองบัวลำภู,หนองบัวลำภู
210,300,วังสำราญ - วังสะพุง,107+848,"3,945",295,4,2,27,"1,205",283,80,199,135,"6,175",11.757,28,712,ขท.เลยที่ 1,เลย
211,101,หนองสองห้อง - ศรีเชียงใหม่,10+000,"1,845",791,411,279,292,"2,878",471,360,314,207,"7,848",24.503,262,1627,ขท.หนองคาย,หนองคาย
211,101,หนองสองห้อง - ศรีเชียงใหม่,42+700,"2,262",748,313,260,256,"3,575",402,351,246,194,"8,607",19.856,222,2423,ขท.หนองคาย,หนองคาย
211,102,ศรีเชียงใหม่ - ห้วยเชียงดา,50+500,856,362,355,15,9,839,26,17,16,4,"2,499",3.481,63,664,ขท.หนองคาย,หนองคาย
211,102,ศรีเชียงใหม่ - ห้วยเชียงดา,86+800,901,316,156,12,9,697,23,11,11,1,"2,137",3.135,57,610,ขท.หนองคาย,หนองคาย
211,201,ห้วยเชียงดา - ปากชม,145+000,"1,191",363,21,15,11,"1,147",145,47,21,7,"2,968",8.288,31,1224,ขท.เลยที่ 1,เลย
211,202,ปากชม - เชียงคาน,148+000,980,317,4,9,16,992,59,55,48,7,"2,487",7.801,25,873,ขท.เลยที่ 1,เลย
211,202,ปากชม - เชียงคาน,183+500,"2,055",193,10,7,11,"2,404",101,97,114,42,"5,034",7.39,29,1279,ขท.เลยที่ 1,เลย
212,101,หนองคาย - ปากสวย,5+000,"5,208","3,559",801,192,215,"3,001",818,693,721,556,"15,764",20.268,753,4099,ขท.หนองคาย,หนองคาย
212,102,ปากสวย - น้ำเป,43+100,"3,188","1,499",137,48,35,"1,220",220,194,286,92,"6,919",12.646,89,1394,ขท.หนองคาย,หนองคาย
212,103,น้ำเป - ห้วยก้านเหลือง,91+200,"3,385",366,59,6,9,323,161,82,132,66,"4,589",9.937,5,1683,ขท.หนองคาย,บึงกาฬ
212,201,ห้วยก้านเหลือง - ดงบัง,131+428,"3,087","1,320",104,76,45,"2,289",537,482,308,280,"8,528",20.263,59,1898,ขท.บึงกาฬ,บึงกาฬ
212,201,ห้วยก้านเหลือง - ดงบัง,178+000,"1,155",545,35,44,32,"1,144",221,139,86,38,"3,439",16.284,12,1038,ขท.บึงกาฬ,บึงกาฬ
212,202,ดงบัง - นาพระชัย,219+100,"1,224","1,751",19,10,8,"1,186",146,254,225,194,"5,017",16.683,5,1628,ขท.บึงกาฬ,นครพนม
212,301,นาพระชัย - ท่าอุเทน,268+950,"1,925","1,768",591,549,500,870,544,505,439,424,"8,115",36.488,503,1555,ขท.นครพนม,นครพนม
212,302,ท่าอุเทน - ท่าควาย,294+324,"1,836",865,570,470,426,"1,923",475,530,482,417,"7,994",35.026,364,1247,ขท.นครพนม,นครพนม
212,303,ท่าควาย - กลางน้อย,325+336,"4,481","2,077",81,55,36,283,580,484,541,470,"9,088",23.834,265,2295,ขท.นครพนม,นครพนม
212,304,กลางน้อย - ย้อมพัฒนา,370+754,"3,717",268,116,171,121,987,947,289,306,432,"7,354",30.813,88,3142,ขท.นครพนม,นครพนม
212,304,กลางน้อย - ย้อมพัฒนา,383+171,"4,216",183,82,197,87,352,358,263,596,129,"6,463",25.22,92,734,ขท.นครพนม,นครพนม
212,401,ย้อมพัฒนา - นาโพธิ์,421+601,"8,912","1,971",227,102,89,"10,024",268,134,107,44,"21,878",3.401,87,4545,ขท.มุกดาหาร,มุกดาหาร
212,501,ห้วยสะแบก - อำนาจเจริญ,506+333,"3,953","2,162",334,323,321,"3,930",282,251,252,158,"11,966",13.263,263,3128,ขท.อำนาจเจริญ,อำนาจเจริญ
212,502,อำนาจเจริญ - ลืออำนาจ,529+133,"2,748","2,180",373,270,275,"5,704",456,331,254,317,"12,908",14.743,232,4131,ขท.อำนาจเจริญ,อำนาจเจริญ
212,601,ลืออำนาจ - หนองยอ,551+733,"9,724","6,733",133,59,40,"3,839",134,134,94,79,"20,969",2.575,36,1136,ขท.อุบลราชธานีที่ 1,อุบลราชธานี
212,602,หนองยอ - อุบลราชธานี,570+575,"8,456","3,063",104,127,79,"6,494","1,964",160,138,76,"20,661",12.313,66,1588,ขท.อุบลราชธานีที่ 1,อุบลราชธานี
213,101,มหาสารคาม - หนองขอน,1+700,"7,782","5,530",84,84,73,"7,782",77,77,86,71,"21,646",2.162,45,5951,ขท.มหาสารคาม,มหาสารคาม
213,102,หนองขอน - ห้วยปลาหลด,19+000,"7,294","4,383",171,178,150,"1,242","1,362",506,475,249,"16,010",18.239,79,2148,ขท.มหาสารคาม,มหาสารคาม
213,202,สี่แยกสมเด็จ - โรงพยาบาลสมเด็จ,86+000,"2,617","1,881",153,160,171,"2,502","1,408","1,219","1,139",992,"12,242",41.57,150,2836,ขท.กาฬสินธุ์,กาฬสินธุ์
213,301,สมเด็จ - สร้างค้อ,106+963,684,243,2,4,16,"1,330",157,131,92,114,"2,773",18.536,9,110,ขท.สกลนครที่ 1,กาฬสินธุ์
213,302,สร้างค้อ - สกลนคร,139+500,844,296,77,57,32,"1,837",266,209,175,107,"3,900",21.692,33,619,ขท.สกลนครที่ 1,สกลนคร
213,302,สร้างค้อ - สกลนคร,167+000,"3,334","1,877",119,75,90,"5,414",976,628,493,350,"13,356",19.557,92,3119,ขท.สกลนครที่ 1,สกลนคร
213,303,ทางเข้าพระตำหนักภูพานราชนิเวศน์,0+050,110,57,13,2,1,165,8,0,0,0,356,3.09,30,114,ขท.สกลนครที่ 1,สกลนคร
214,102,บ้านหลุบ - ลำชี,8+764,"5,671","5,945",22,4,18,"1,108",811,350,217,161,"14,307",10.911,118,3713,ขท.กาฬสินธุ์,กาฬสินธุ์
214,201,ลำชี - ร้อยเอ็ด,46+000,"3,059","2,265",40,33,33,551,330,259,257,119,"6,946",14.843,6,1546,ขท.ร้อยเอ็ด,ร้อยเอ็ด
214,202,ร้อยเอ็ด - จตุพักตรพิมาน,63+153,"4,303","3,054",150,23,28,"4,254",378,103,77,25,"12,395",5.115,64,2699,ขท.ร้อยเอ็ด,ร้อยเอ็ด
214,203,จตุพักตรพิมาน - ห้วยพลับพลา,99+379,944,320,2,0,15,"1,382",135,49,35,35,"2,917",9.222,4,887,ขท.ร้อยเอ็ด,ร้อยเอ็ด
214,301,ห้วยพลับพลา - โคกปูน,130+000,722,435,182,148,121,"1,381",386,165,194,143,"3,877",29.843,114,1262,ขท.สุรินทร์,สุรินทร์
214,302,ตาฮะ - จอมพระ,135+622,623,465,99,81,102,780,500,327,237,144,"3,358",41.423,9,674,ขท.สุรินทร์,สุรินทร์
214,302,ตาฮะ - จอมพระ,157+696,"1,045","1,196",408,430,417,377,678,521,903,441,"6,416",52.837,261,756,ขท.สุรินทร์,สุรินทร์
214,303,จอมพระ - เชื้อเพลิง,178+561,"4,299",760,113,17,21,"3,188",388,204,291,187,"9,468",11.703,43,1454,ขท.สุรินทร์,สุรินทร์
214,303,จอมพระ - เชื้อเพลิง,209+717,"3,464","2,470",84,9,79,"6,404","1,278","1,013","1,216","1,011","17,028",27.05,33,2930,ขท.สุรินทร์,สุรินทร์
214,305,ปราสาท - ช่องจอม,231+053,"3,383",687,187,12,5,945,217,82,154,119,"5,791",10.171,27,1362,ขท.สุรินทร์,สุรินทร์
215,100,ร้อยเอ็ด - สุวรรณภูมิ,10+000,"2,034","1,405",32,49,27,"4,132",183,114,106,48,"8,130",6.482,12,1348,ขท.ร้อยเอ็ด,ร้อยเอ็ด
215,200,สุวรรณภูมิ - สาหร่าย,73+134,"2,792","2,627",495,422,311,"1,827","1,478","1,352","1,210","1,047","13,561",42.917,68,1835,ขท.ยโสธร,ร้อยเอ็ด
215,300,สาหร่าย - ตาฮะ,80+769,"1,614","1,264",143,121,107,"2,199",921,793,831,667,"8,660",39.723,98,1242,ขท.สุรินทร์,สุรินทร์
216,101,ถนนวงแหวนรอบเมืองอุดรธานีด้านทิศใต้,0+700,"11,641",360,81,26,5,"7,839",803,507,776,391,"22,429",11.182,25,3666,ขท.อุดรธานีที่ 1,อุดรธานี
216,102,ถนนวงแหวนรอบเมืองอุดรธานีด้านทิศตะวันตก,14+580,"9,145","6,466",144,80,146,"2,356","1,029",422,316,312,"20,416",11.29,52,2955,ขท.อุดรธานีที่ 1,อุดรธานี
216,103,ถนนวงแหวนรอบเมืองอุดรธานีด้านทิศตะวันออก,20+209,"4,954","3,899",386,315,356,"9,473","1,317",940,969,881,"23,490",20.341,127,3866,ขท.อุดรธานีที่ 1,อุดรธานี
217,101,วารินชำราบ - สว่างวีระวงศ์,15+860,"2,913","1,532",86,67,98,"5,770",696,344,258,56,"11,820",12.851,37,3111,ขท.อุบลราชธานีที่ 2,อุบลราชธานี
217,103,พิบูลมังสาหาร - ช่องเม็ก,52+820,"1,999","1,079",81,77,76,"3,837",297,239,270,176,"8,131",13.959,30,1090,ขท.อุบลราชธานีที่ 2,อุบลราชธานี
218,101,บุรีรัมย์ - โคกสูง,5+100,"3,711","1,588",418,344,291,"10,900","1,160",617,265,72,"19,366",14.195,11,9269,ขท.บุรีรัมย์,บุรีรัมย์
218,102,โคกสูง - นางรอง,38+800,"5,019",332,27,46,33,"4,271",387,230,220,309,"10,874",11.265,27,836,ขท.บุรีรัมย์,บุรีรัมย์
219,101,บรบือ -  ยางสีสุราช,21+321,"1,194",837,171,191,147,"1,732",484,236,171,127,"5,290",25.633,32,737,ขท.มหาสารคาม,มหาสารคาม
219,101,บรบือ -  ยางสีสุราช,33+611,"1,643","1,185",208,183,182,839,391,236,164,168,"5,199",25.466,47,1182,ขท.มหาสารคาม,มหาสารคาม
219,102,ยางสีสุราช - ห้วยพลับพลา,60+118,"1,408",272,53,34,59,576,177,62,45,23,"2,709",14.766,0,772,ขท.มหาสารคาม,มหาสารคาม
219,102,ยางสีสุราช - ห้วยพลับพลา,69+218,646,57,30,15,21,"1,504",63,49,41,17,"2,443",8.432,0,1015,ขท.มหาสารคาม,มหาสารคาม
219,102,ยางสีสุราช - ห้วยพลับพลา,78+289,664,532,36,23,41,"2,542",93,60,67,47,"4,105",8.063,5,659,ขท.มหาสารคาม,มหาสารคาม
219,200,ห้วยพลับพลา - สตึก,80+914,"3,506","2,654",393,435,347,"4,503",992,633,989,680,"15,132",26.936,143,1763,ขท.สุรินทร์,สุรินทร์
219,301,สตึก - หัวถนน,118+182,"2,509",244,23,27,23,"4,116",172,126,172,70,"7,482",7.886,15,905,ขท.บุรีรัมย์,บุรีรัมย์
219,302,หัวถนน - บุรีรัมย์,133+000,"1,666","1,205",38,40,40,"4,444",370,295,286,263,"8,647",14.965,9,1377,ขท.บุรีรัมย์,บุรีรัมย์
220,101,ศรีสะเกษ - วังหิน,12+500,"4,526","1,797",54,31,45,"3,629","2,154",112,132,114,"12,594",20.549,9,2148,ขท.ศรีสะเกษที่ 1,ศรีสะเกษ
220,102,วังหิน - ขุขันธ์,48+370,"3,098","1,028",103,89,78,"5,965",440,195,144,144,"11,284",9.66,36,3405,ขท.ศรีสะเกษที่ 1,ศรีสะเกษ
221,101,ศรีสะเกษ - ภูเงิน,4+780,"5,819","1,386",28,46,64,"8,350",369,188,172,95,"16,517",5.655,14,4708,ขท.ศรีสะเกษที่ 2,ศรีสะเกษ
221,101,ศรีสะเกษ - ภูเงิน,15+432,"4,047",816,58,49,55,"7,057",367,194,107,64,"12,814",6.524,30,2547,ขท.ศรีสะเกษที่ 2,ศรีสะเกษ
221,103,แยกการช่าง - เชิงบันไดเขาพระวิหาร,58+000,"4,110","2,295",121,117,60,"5,017",911,340,382,162,"13,515",14.591,19,4125,ขท.ศรีสะเกษที่ 2,ศรีสะเกษ
221,103,แยกการช่าง - เชิงบันไดเขาพระวิหาร,74+675,"1,098",733,36,7,1,"2,238",171,108,152,64,"4,608",10.916,34,2041,ขท.ศรีสะเกษที่ 2,ศรีสะเกษ
222,102,เดื่อศรีคันไชย - หนองแวง,16+225,"1,284",376,42,1,13,"2,976",163,89,56,29,"5,029",6.98,30,1233,ขท.สกลนครที่ 2 (สว่างแดนดิน),สกลนคร
222,201,หนองแวง - ท่ากกแดง,42+700,"2,788",405,23,9,16,"1,668",267,217,276,149,"5,818",16.054,19,1331,ขท.บึงกาฬ,สกลนคร
222,202,ท่ากกแดง - บึงกาฬ,61+385,"1,152",294,50,44,60,"2,613",300,193,151,174,"5,031",18.326,50,1050,ขท.บึงกาฬ,บึงกาฬ
222,202,ท่ากกแดง - บึงกาฬ,80+000,"2,950","2,723",126,67,68,"1,949",289,375,346,294,"9,187",15.663,54,2191,ขท.บึงกาฬ,บึงกาฬ
222,202,ท่ากกแดง - บึงกาฬ,120+000,"2,843","2,687",115,96,84,"2,260",303,310,224,174,"9,096",13.094,103,2337,ขท.บึงกาฬ,บึงกาฬ
223,100,สกลนคร - นาแก,2+500,"4,436","1,367",107,17,19,"8,984",497,203,86,82,"15,798",5.722,106,3863,ขท.สกลนครที่ 1,สกลนคร
223,100,สกลนคร - นาแก,19+567,"2,388","1,690",153,53,68,"5,356",338,200,162,109,"10,517",8.843,223,2364,ขท.สกลนครที่ 1,สกลนคร
223,100,สกลนคร - นาแก,42+617,"2,685",397,53,15,20,"5,076",203,143,68,42,"8,702",5.642,27,2947,ขท.สกลนครที่ 1,นครพนม
223,200,นาแก - บ้านต้อง,48+999,"5,348",297,91,76,65,221,358,253,243,140,"7,092",16.004,70,1735,ขท.นครพนม,นครพนม
224,100,นครราชสีมา - หัวทะเล,2+535,"25,045","15,732","1,023",633,711,"7,479","1,232",825,728,563,"53,971",8.694,44,9547,ขท.นครราชสีมาที่ 2,นครราชสีมา
224,201,หัวทะเล - โชคชัย,19+468,"10,243","7,649",371,375,377,"9,445",618,499,459,292,"30,328",8.639,201,7736,ขท.นครราชสีมาที่ 3,นครราชสีมา
224,203,พะโค - หนองสนวน,37+259,"3,752","3,852",479,444,404,"4,780","2,246","1,752","1,658","1,596","20,963",38.64,257,4654,ขท.นครราชสีมาที่ 3,นครราชสีมา
224,203,พะโค - หนองสนวน,61+171,"3,602","3,409",410,401,384,"3,663","1,878","1,515","1,491","1,263","18,016",38.477,363,4251,ขท.นครราชสีมาที่ 3,นครราชสีมา
224,203,พะโค - หนองสนวน,91+671,"5,374","5,084",468,387,362,"5,075","2,883","1,845","1,859","1,531","24,868",35.656,354,4311,ขท.นครราชสีมาที่ 3,นครราชสีมา
224,301,หนองสนวน - หนองต้อ,124+667,645,53,8,3,4,828,132,47,64,23,"1,807",15.108,8,503,ขท.บุรีรัมย์,บุรีรัมย์
224,302,หนองต้อ - ตาเมียง,168+635,"1,915",693,25,22,6,"1,796",293,112,179,99,"5,140",13.833,16,1836,ขท.บุรีรัมย์,บุรีรัมย์
224,302,หนองต้อ - ตาเมียง,175+376,"1,270",73,21,0,1,"1,235",114,67,92,57,"2,930",11.297,6,1076,ขท.บุรีรัมย์,บุรีรัมย์
224,400,ตาเมียง - หินโคน,202+966,689,343,0,5,4,329,88,73,72,24,"1,627",16.349,14,528,ขท.สุรินทร์,สุรินทร์
224,400,ตาเมียง - หินโคน,221+381,771,577,16,2,5,341,67,17,57,19,"1,872",8.921,28,830,ขท.สุรินทร์,สุรินทร์
225,100,แยกบึงบอระเพ็ด - เกรียงไกรกลาง,2+500,"3,139","2,351",0,0,164,"3,328",815,"1,748",515,418,"12,478",29.332,93,3603,ขท.นครสวรรค์ที่ 1,นครสวรรค์
225,201,เกรียงไกรกลาง - เกยไชย,22+000,"2,092",907,0,0,29,"1,324",183,145,132,57,"4,869",11.214,18,1189,ขท.นครสวรรค์ที่ 2 (ตากฟ้า),นครสวรรค์
225,202,เกยไชย - ศรีมงคล,42+500,754,620,0,0,0,"1,082",197,253,137,58,"3,101",20.8,1,543,ขท.นครสวรรค์ที่ 2 (ตากฟ้า),นครสวรรค์
225,202,เกยไชย - ศรีมงคล,47+525,923,734,35,13,1,"1,118",212,215,249,209,"3,709",24.238,7,876,ขท.นครสวรรค์ที่ 2 (ตากฟ้า),นครสวรรค์
225,202,เกยไชย - ศรีมงคล,76+582,537,213,0,0,0,"1,305",99,103,133,102,"2,492",17.536,1,484,ขท.นครสวรรค์ที่ 2 (ตากฟ้า),นครสวรรค์
225,300,ศรีมงคล - น้ำอ้อม,118+082,"2,157","1,311",721,68,33,"3,769",583,483,440,155,"9,720",18.128,58,2447,ขท.เพชรบูรณ์ที่ 2 (บึงสามพัน),เพชรบูรณ์
225,300,ศรีมงคล - น้ำอ้อม,128+809,"1,354","1,875",58,35,31,"1,334",652,561,273,168,"6,341",27.125,59,1254,ขท.เพชรบูรณ์ที่ 2 (บึงสามพัน),เพชรบูรณ์
225,300,ศรีมงคล - น้ำอ้อม,138+907,"1,706",139,59,42,46,"1,869",170,114,136,69,"4,350",13.264,42,553,ขท.เพชรบูรณ์ที่ 2 (บึงสามพัน),เพชรบูรณ์
225,401,น้ำอ้อม - หนองบัวระเหว,209+000,"1,573",353,4,5,9,"1,139",134,90,62,98,"3,467",11.48,10,407,ขท.ชัยภูมิ,ชัยภูมิ
225,401,น้ำอ้อม - หนองบัวระเหว,218+282,"2,322","2,417",3,1,7,"2,418",510,332,287,252,"8,549",16.248,5,922,ขท.ชัยภูมิ,ชัยภูมิ
225,402,หนองบัวระเหว - ชัยภูมิ,243+040,"6,298","2,338",2,7,11,"8,086",555,259,99,100,"17,755",5.807,17,2488,ขท.ชัยภูมิ,ชัยภูมิ
226,100,หัวทะเล - หนองกระทิง,1+850,"7,075","6,385",305,166,204,612,336,297,195,123,"15,698",8.415,68,4016,ขท.นครราชสีมาที่ 3,นครราชสีมา
226,100,หัวทะเล - หนองกระทิง,51+398,"2,477","2,927",190,115,106,851,430,456,184,119,"7,855",17.95,77,1082,ขท.นครราชสีมาที่ 3,นครราชสีมา
226,100,หัวทะเล - หนองกระทิง,66+980,"2,187","2,669",88,72,71,"1,781",447,256,182,97,"7,850",14.331,53,1026,ขท.นครราชสีมาที่ 3,นครราชสีมา
226,201,หนองกระทิง - ลำปลายมาศ,84+098,"2,067",508,98,85,122,"2,647",276,350,398,336,"6,887",22.753,30,1881,ขท.บุรีรัมย์,บุรีรัมย์
226,201,หนองกระทิง - ลำปลายมาศ,90+498,"2,069",405,109,22,120,"2,477",333,409,486,371,"6,801",25.599,29,1949,ขท.บุรีรัมย์,บุรีรัมย์
226,203,หนองม้า - กระสัง,108+798,"5,177","3,661",106,82,62,"8,710",255,173,73,48,"18,347",3.777,6,3642,ขท.บุรีรัมย์,บุรีรัมย์
226,204,กระสัง - ระกา,118+173,"3,915","1,214",40,13,19,"5,005",256,276,245,177,"11,160",8.835,23,2797,ขท.บุรีรัมย์,บุรีรัมย์
226,204,กระสัง - ระกา,126+798,"4,691",329,26,12,2,"5,123",327,341,194,142,"11,187",9.1,32,3511,ขท.บุรีรัมย์,บุรีรัมย์
226,205,ระกา - ลำน้ำชี,155+428,"3,239","1,413",98,68,65,"5,191",318,260,284,81,"11,017",9.767,50,2614,ขท.บุรีรัมย์,บุรีรัมย์
226,301,ลำน้ำชี - บ้านพม่า,162+592,"3,328",900,38,10,38,"2,371",235,52,14,12,"6,998",5.159,11,2241,ขท.สุรินทร์,สุรินทร์
226,301,ลำน้ำชี - บ้านพม่า,175+562,"7,056","1,893",165,180,29,"2,515",600,309,348,196,"13,291",12.505,21,3157,ขท.สุรินทร์,สุรินทร์
226,302,บ้านพม่า - ห้วยทับทัน,212+482,"2,582",742,36,30,18,"3,046",340,188,254,150,"7,386",13.268,8,2130,ขท.สุรินทร์,สุรินทร์
226,302,บ้านพม่า - ห้วยทับทัน,225+572,"1,884",736,59,11,45,"1,947",321,171,195,112,"5,481",15.599,3,714,ขท.สุรินทร์,สุรินทร์
226,401,ห้วยทับทัน - ศรีสะเกษ,246+405,"2,321",566,27,8,40,"2,957",327,206,225,136,"6,813",13.827,13,1192,ขท.ศรีสะเกษที่ 1,ศรีสะเกษ
226,401,ห้วยทับทัน - ศรีสะเกษ,253+053,"2,923","3,285",46,3,19,"2,684",397,283,272,213,"10,125",11.723,12,1983,ขท.ศรีสะเกษที่ 1,ศรีสะเกษ
226,401,ห้วยทับทัน - ศรีสะเกษ,269+089,"4,319","2,652",96,49,72,"4,644",688,359,212,158,"13,249",11.608,14,1747,ขท.ศรีสะเกษที่ 1,ศรีสะเกษ
226,402,ศรีสะเกษ - ห้วยขะยุง,278+212,"7,553","2,037",112,127,120,"4,343","1,362",484,338,180,"16,656",15.676,26,5607,ขท.ศรีสะเกษที่ 1,ศรีสะเกษ
226,402,ศรีสะเกษ - ห้วยขะยุง,300+712,"5,380","2,806",175,94,69,"7,722",449,297,229,281,"17,502",8.108,43,2084,ขท.ศรีสะเกษที่ 1,ศรีสะเกษ
226,402,ศรีสะเกษ - ห้วยขะยุง,311+884,"4,213","1,384",22,30,57,"4,752",644,282,145,193,"11,722",11.525,7,1005,ขท.ศรีสะเกษที่ 1,ศรีสะเกษ
226,500,ห้วยขะยุง - วารินชำราบ,331+384,"10,149","12,735",57,82,66,270,343,128,84,93,"24,007",3.316,43,5916,ขท.อุบลราชธานีที่ 1,อุบลราชธานี
227,101,กาฬสินธุ์ - แยกดงแหลม,4+000,940,689,677,413,379,"1,171",466,402,237,200,"5,574",37.621,419,974,ขท.กาฬสินธุ์,กาฬสินธุ์
227,101,กาฬสินธุ์ - แยกดงแหลม,33+700,"1,135",730,209,228,261,"1,662",214,200,196,190,"5,025",25.652,339,1343,ขท.กาฬสินธุ์,กาฬสินธุ์
227,102,แยกดงแหลม - ลำพันชาด,66+750,"3,508","2,309",270,237,312,"2,500","1,971","1,102","1,050",827,"14,086",39.039,225,3403,ขท.กาฬสินธุ์,กาฬสินธุ์
227,102,แยกดงแหลม - ลำพันชาด,77+000,"4,290","2,437",282,294,319,"2,481","1,781","1,456","1,001",960,"15,301",37.978,185,3327,ขท.กาฬสินธุ์,กาฬสินธุ์
227,200,ลำพันชาด - บ้านผาสุก,87+967,817,517,173,113,81,"1,638",324,243,244,209,"4,359",27.85,21,948,ขท.อุดรธานีที่ 2 (หนองหาน),อุดรธานี
227,200,ลำพันชาด - บ้านผาสุก,93+557,874,616,52,12,5,"2,713",244,254,162,103,"5,035",15.492,3,1614,ขท.อุดรธานีที่ 2 (หนองหาน),อุดรธานี
227,301,บ้านผาสุก - วาริชภูมิ,123+000,"2,356","2,088",172,151,113,"1,412",974,925,699,621,"9,511",36.621,413,2320,ขท.สกลนครที่ 2 (สว่างแดนดิน),สกลนคร
227,301,บ้านผาสุก - วาริชภูมิ,145+320,"3,062",897,112,39,30,"2,280",278,97,49,21,"6,865",7.487,88,2046,ขท.สกลนครที่ 2 (สว่างแดนดิน),สกลนคร
227,301,บ้านผาสุก - วาริชภูมิ,153+063,"3,014",559,76,61,15,"2,358",234,64,45,27,"6,453",6.912,2,2339,ขท.สกลนครที่ 2 (สว่างแดนดิน),สกลนคร
228,100,ชุมแพ - ห้วยสายหนัง,0+423,"1,805","1,438",142,137,143,"7,887",810,672,605,443,"14,082",19.955,60,3615,ขท.ขอนแก่นที่ 2 (ชุมแพ),ขอนแก่น
228,202,ศรีบุญเรือง - วังหมื่น,57+210,"3,496","2,741",79,35,36,812,545,346,501,247,"8,838",19.348,106,1998,ขท.หนองบัวลำภู,หนองบัวลำภู
228,202,ศรีบุญเรือง - วังหมื่น,84+384,"8,129","5,905",111,69,36,"1,365",438,253,355,305,"16,966",8.582,13,2650,ขท.หนองบัวลำภู,หนองบัวลำภู
229,101,บ้านไผ่ - มัญจาคีรี,6+595,"3,887","1,950",22,6,5,"3,790",315,167,258,35,"10,435",7.532,12,1921,ขท.ขอนแก่นที่ 3 (บ้านไผ่),ขอนแก่น
229,102,มัญจาคีรี - ห้วยสามหมอ,46+973,"3,345","3,547",168,115,115,"1,509","1,149","1,190","1,235","1,194","13,567",36.839,79,953,ขท.ขอนแก่นที่ 3 (บ้านไผ่),ขอนแก่น
230,101,ถนนวงแหวนรอบเมืองขอนแก่นด้านทิศตะวันตก,11+000,"11,613","6,514",158,160,145,"1,052","1,260","1,305","1,094",819,"24,120",19.83,204,2167,ขท.ขอนแก่นที่ 1,ขอนแก่น
230,102,ถนนวงแหวนรอบเมืองขอนแก่นด้านทิศตะวันออก,35+000,"4,244","3,651",0,0,658,"5,009",665,726,"1,131","1,025","17,109",24.578,39,2641,ขท.ขอนแก่นที่ 1,ขอนแก่น
231,101,ถนนวงแหวนรอบเมืองอุบลราชธานี,8+150,"20,446","14,471",61,79,131,"8,078",932,757,18,19,"44,992",4.303,35,6120,ขท.อุบลราชธานีที่ 1,อุบลราชธานี
231,200,ถนนวงแหวนรอบเมืองอุบลราชธานี,30+400,"1,415","1,228",0,0,0,"3,292",481,313,210,25,"6,964",14.776,27,1393,ขท.อุบลราชธานีที่ 2,อุบลราชธานี
232,100,ถนนวงแหวนรอบเมืองร้อยเอ็ด,1+500,"2,455","1,000",0,2,0,"2,465",562,391,448,369,"7,692",23.037,3,671,ขท.ร้อยเอ็ด,ร้อยเอ็ด
232,100,ถนนวงแหวนรอบเมืองร้อยเอ็ด,14+500,"3,919","1,974",53,40,44,"3,377",591,480,346,241,"11,065",15.743,17,1936,ขท.ร้อยเอ็ด,ร้อยเอ็ด
232,100,ถนนวงแหวนรอบเมืองร้อยเอ็ด,20+116,"3,871","2,377",32,23,14,"2,497",564,410,298,236,"10,322",14.968,20,1699,ขท.ร้อยเอ็ด,ร้อยเอ็ด
234,100,ทางเลี่ยงเมืองเพชรบูรณ์,9+000,756,629,4,2,0,"1,875",160,155,153,132,"3,866",15.572,65,577,ขท.เพชรบูรณ์ที่ 1,เพชรบูรณ์
238,100,ทางเลี่ยงเมืองมุกดาหาร,4+963,"3,049","1,655",9,4,6,"2,905",869,"1,034","1,079",933,"11,543",34.003,18,1484,ขท.มุกดาหาร,มุกดาหาร
241,100,ทางเลี่ยงเมืองสกลนคร,5+000,"3,343","2,983",131,159,202,"7,191",604,413,363,304,"15,693",13.031,70,2315,ขท.สกลนครที่ 1,สกลนคร
242,101,หนองคาย - หนองบัว,1+189,"5,353","1,927",766,425,363,"1,515",935,757,563,550,"13,154",27.315,997,3882,ขท.หนองคาย,หนองคาย
243,100,หนองคาย - ด่านพรมแดนสะพานมิตรภาพไทย/ลาว,1+000,"9,587","3,511","1,756",576,434,"2,159","1,153",763,803,756,"21,498",20.862,2084,3344,ขท.หนองคาย,หนองคาย
288,100,ถนนวงแหวนรอบเมืองบุรีรัมย์,2+100,"5,658","2,031",466,166,207,"10,899",721,378,164,32,"20,722",8.049,32,10148,ขท.บุรีรัมย์,บุรีรัมย์
288,100,ถนนวงแหวนรอบเมืองบุรีรัมย์,11+467,"2,768","2,316",314,105,58,"6,594",283,231,66,34,"12,769",6.085,15,2682,ขท.บุรีรัมย์,บุรีรัมย์
290,102,ถนนวงแหวนรอบเมืองนครราชสีมาด้านทิศใต้,109+236,"1,179",224,71,19,56,"2,170",316,329,273,285,"4,922",25.965,64,217,ขท.นครราชสีมาที่ 2,นครราชสีมา
291,100,ทางเลี่ยงเมืองมหาสารคาม,2+010,"7,948","6,902",62,61,53,"7,904",533,369,60,68,"23,960",4.775,26,6256,ขท.มหาสารคาม,มหาสารคาม
291,100,ทางเลี่ยงเมืองมหาสารคาม,6+718,"7,907","4,702",102,77,73,"6,120",857,413,198,63,"20,512",8.195,27,6608,ขท.มหาสารคาม,มหาสารคาม
291,100,ทางเลี่ยงเมืองมหาสารคาม,13+853,"7,239","4,060",166,86,71,"7,053",838,501,119,67,"20,200",8.327,6,5860,ขท.มหาสารคาม,มหาสารคาม
292,100,ทางเลี่ยงเมืองยโสธร,3+600,"8,201","2,267",114,93,129,"5,795",657,457,258,146,"18,117",9.604,33,3717,ขท.ยโสธร,ยโสธร
293,100,ถนนวงแหวนรอบเมืองสุรินทร์,1+177,"1,718",784,55,3,1,"1,984",545,205,294,168,"5,757",21.122,22,1157,ขท.สุรินทร์,สุรินทร์
293,100,ถนนวงแหวนรอบเมืองสุรินทร์,32+535,"2,228",561,16,15,28,"3,818",897,879,853,603,"9,898",33.087,25,1305,ขท.สุรินทร์,สุรินทร์
294,100,ทางเลี่ยงเมืองศรีสะเกษ,1+500,"5,167","3,083",67,54,57,"1,880",442,275,218,155,"11,398",10.537,44,2543,ขท.ศรีสะเกษที่ 1,ศรีสะเกษ
299,101,ลำน้ำพาน - หนองผ้าอ้อม,4+619,"4,280","3,153",552,624,609,"3,539",760,623,557,477,"15,174",24.054,330,3175,ขท.กาฬสินธุ์,กาฬสินธุ์
299,101,ลำน้ำพาน - หนองผ้าอ้อม,19+604,"1,938","1,347",201,180,207,"1,482",200,198,198,196,"6,147",19.18,215,1475,ขท.กาฬสินธุ์,กาฬสินธุ์
299,200,สี่แยกสมเด็จ - คำพอก,57+605,"2,037","1,065",34,19,18,"3,869",336,209,351,202,"8,140",13.943,9,1494,ขท.สกลนครที่ 1,กาฬสินธุ์
299,200,สี่แยกสมเด็จ - คำพอก,73+405,"1,390",670,16,16,38,"2,316",177,145,188,110,"5,066",13.304,43,1323,ขท.สกลนครที่ 1,กาฬสินธุ์
299,300,คำพอก - หนองบง,117+825,"3,801","2,851",119,17,252,"5,150",63,79,56,43,"12,431",4.103,33,3081,ขท.มุกดาหาร,มุกดาหาร
301,100,คลองบางเขน -  ติวานนท์,5+075,"55,630","36,955","1,317","1,346","1,969","16,761",812,22,0,0,"114,812",3.614,0,23921,ขท.นนทบุรี,นนทบุรี
302,201,แยกพงษ์เพชร - สะพานพระนั่งเกล้า,5+822,"50,520","48,034",930,847,"1,585","3,942","1,812",0,0,0,"107,670",3.942,0,26598,ขท.นนทบุรี,นนทบุรี
302,202,สะพานพระนั่งเกล้า - ต่างระดับบางใหญ่,12+500,"63,663","9,603","1,671","1,375","2,907","13,342","2,566","1,259",806,673,"97,865",9.795,37,11699,ขท.นนทบุรี,นนทบุรี
303,100,ราษฎร์บูรณะ - พระสมุทรเจดีย์,14+000,"26,164","9,918","2,373","2,101",865,"24,050","1,882","1,656","1,599",491,"71,099",12.087,347,17229,ขท.สมุทรปราการ,สมุทรปราการ
304,100,ปากเกร็ด -  คลองประปา,4+750,"32,449","26,446","3,493",734,"3,225","12,451",773,0,0,0,"79,571",5.947,0,27942,ขท.นนทบุรี,นนทบุรี
304,201,คลองประปา - คันนายาว,7+050,"20,017","20,705",35,20,"1,828","2,798",79,55,73,78,"45,688",4.669,5,2091,ขท.กรุงเทพ,กรุงเทพมหานคร
304,201,คลองประปา - คันนายาว,18+610,"22,744","21,762",17,23,"2,154","3,048",130,113,91,131,"50,213",5.262,5,1970,ขท.กรุงเทพ,กรุงเทพมหานคร
304,203,แยกเข้ามีนบุรี - คลองหลวงแพ่ง,28+250,"16,579","10,873","2,091","1,436","1,927","7,883","2,970","2,194",958,448,"47,359",20.974,328,8100,ขท.กรุงเทพ,กรุงเทพมหานคร
304,203,แยกเข้ามีนบุรี - คลองหลวงแพ่ง,40+107,"10,764","7,760","2,474",0,"2,272","5,541","2,830","2,761","2,741","2,601","39,744",33.225,1186,2765,ขท.กรุงเทพ,กรุงเทพมหานคร
304,303,เสม็ดเหนือ - พนมสารคาม,88+916,"22,412","6,285",391,0,564,"6,040","4,834","2,681","1,987","1,891","47,085",25.394,26,1681,ขท.ฉะเชิงเทรา,ฉะเชิงเทรา
304,304,พนมสารคาม - เขาหินซ้อน,125+322,"9,962","3,445",83,55,529,"10,437","3,255","3,223","3,200","3,615","37,804",36.708,6,2238,ขท.ฉะเชิงเทรา,ฉะเชิงเทรา
304,401,เขาหินซ้อน - ลาดตะเคียน,129+716,"6,063","7,192",606,220,203,"5,739","4,636","6,441","6,289","2,482","39,871",50.841,19,4748,ขท.ปราจีนบุรี,ปราจีนบุรี
304,402,ลาดตะเคียน - สี่แยกกบินทร์บุรี,153+785,"9,040","4,434",69,25,408,"6,833","2,625","2,078","1,962","2,516","29,990",32.057,22,2041,ขท.ปราจีนบุรี,ปราจีนบุรี
304,402,ลาดตะเคียน - สี่แยกกบินทร์บุรี,165+136,"8,140","3,631",94,24,103,"5,085","1,770","1,508","1,350","1,480","23,185",26.892,23,1765,ขท.ปราจีนบุรี,ปราจีนบุรี
304,403,สี่แยกกบินทร์บุรี - วังน้ำเขียว,166+650,"12,713","2,859",116,36,120,"3,999","2,493","1,824","1,948","2,256","28,364",30.592,31,2271,ขท.ปราจีนบุรี,ปราจีนบุรี
304,403,สี่แยกกบินทร์บุรี - วังน้ำเขียว,205+460,"5,940",518,134,130,92,879,591,324,462,"1,379","10,449",28.5,130,665,ขท.ปราจีนบุรี,ปราจีนบุรี
304,501,วังน้ำเขียว - ดอนขวาง,255+015,"14,098","4,385",40,41,29,"3,064","2,293","1,872","1,871","1,897","29,590",27.046,210,3633,ขท.นครราชสีมาที่ 3,นครราชสีมา
304,502,ดอนขวาง - โพธิ์กลาง,268+547,"7,324","5,008",28,57,13,"10,391",706,748,754,747,"25,776",11.736,5,5167,ขท.นครราชสีมาที่ 3,นครราชสีมา
304,502,ดอนขวาง - โพธิ์กลาง,269+615,"5,258","3,463",11,79,11,"7,082",675,482,497,821,"18,379",13.956,9,2844,ขท.นครราชสีมาที่ 3,นครราชสีมา
304,502,ดอนขวาง - โพธิ์กลาง,283+515,"7,191","6,125",14,142,8,"8,347",482,532,530,516,"23,887",9.252,8,4932,ขท.นครราชสีมาที่ 3,นครราชสีมา
305,100,ต่างระดับรังสิต - วัดนาบุญ,4+550,"40,171","40,163","9,680","7,909","6,969","10,838","7,977","2,521","1,811","1,456","129,495",22.119,400,8527,ขท.ปทุมธานี,ปทุมธานี
305,201,วัดนาบุญ - คลอง 14,25+870,"13,183","3,674",357,267,40,"3,979","1,383","1,020",528,288,"24,719",14.264,67,2078,ขท.นครนายก,ปทุมธานี
305,203,องครักษ์ - นครนายก,54+100,"4,811","4,995",162,298,42,"2,527",763,651,722,422,"15,393",18.827,73,516,ขท.นครนายก,นครนายก
306,101,พระราม 7 - แคราย,1+000,"48,546","33,254","2,357","1,925","4,254","1,570",597,0,0,0,"92,503",7.325,0,18548,ขท.นนทบุรี,กรุงเทพมหานคร
306,102,แคราย - คลองบ้านใหม่,19+390,"22,984","8,197","1,195",887,"4,658","3,969",925,"1,589",0,0,"44,404",18.149,0,14635,ขท.นนทบุรี,นนทบุรี
307,101,แยกสวนสมเด็จ - สะพานนนทบุรี,0+100,"44,296","45,601",972,941,"1,891","27,369","3,685","1,537",0,0,"126,292",6.377,0,20144,ขท.นนทบุรี,นนทบุรี
308,100,ทางเข้าบางปะอิน,1+609,"7,135","6,053","2,268","1,823","1,412","4,438","2,299","1,311","1,303","1,301","29,343",32.202,120,4019,ขท.อยุธยา,พระนครศรีอยุธยา
309,102,บ้านสร้าง - ทางแยกต่างระดับอยุธยา,10+337,"6,881","6,525","1,849","1,663","1,728","1,719","1,696","1,586","1,111",854,"25,612",33.726,0,6142,ขท.อยุธยา,พระนครศรีอยุธยา
309,103,ทางแยกต่างระดับอยุธยา - อยุธยา,18+000,"7,781","7,946","2,453","1,870","2,081","2,269","1,905",241,81,58,"26,685",23.369,0,5712,ขท.อยุธยา,พระนครศรีอยุธยา
309,104,อยุธยา - บางเสด็จ,25+200,"3,594","3,206",365,194,"1,161","1,790",699,518,622,397,"12,546",28.623,10,2943,ขท.อยุธยา,พระนครศรีอยุธยา
309,104,อยุธยา - บางเสด็จ,36+637,"3,848","3,485",71,563,136,"3,906",780,629,536,369,"14,323",21.036,9,3587,ขท.อยุธยา,พระนครศรีอยุธยา
309,201,บางเสด็จ - แยกที่ดิน,43+000,"4,028",781,80,67,61,"1,148",199,244,412,208,"7,228",16.478,20,1810,ขท.อ่างทอง,อ่างทอง
309,202,แยกที่ดิน - ไชโย,54+900,"7,109","1,029",64,61,63,"1,669",156,22,10,13,"10,196",3.188,16,3374,ขท.อ่างทอง,อ่างทอง
309,202,แยกที่ดิน - ไชโย,67+000,"1,815","1,021",77,46,49,"1,023",121,33,11,18,"4,214",6.597,26,1795,ขท.อ่างทอง,อ่างทอง
309,301,ไชโย - ทางแยกวัดสว่างอารมณ์,78+000,903,102,17,7,8,970,411,61,99,65,"2,643",24.631,18,686,ขท.สิงห์บุรี,สิงห์บุรี
310,100,ทางเข้าพระพุทธบาทสระบุรี,0+500,"5,214","4,360","1,433","1,204","1,152","5,288","2,207","2,318","2,011","1,833","27,020",39.693,234,4272,ขท.สระบุรี,สระบุรี
311,100,ลพบุรี -แยกวัดสนามไชย,5+768,"10,940","4,204",368,158,307,"1,854",313,59,1,0,"18,204",4.603,11,5700,ขท.ลพบุรีที่ 1,ลพบุรี
311,201,แยกวัดสนามไชย - วัดกระดังงา,15+977,"7,435",650,55,6,120,"1,911",335,203,301,513,"11,529",12.82,9,1867,ขท.สิงห์บุรี,ลพบุรี
311,300,บ้านม้า - ชัยนาท,64+242,"2,483","1,722",29,4,43,"1,498",243,231,137,82,"6,472",11.434,24,1985,ขท.ชัยนาท,ชัยนาท
314,101,บางปะกง - แสนภูดาษ,4+688,"5,572","4,642","4,121","4,176","4,322","8,060","5,058","4,917","4,806","4,406","50,080",55.282,0,4033,ขท.ฉะเชิงเทรา,ฉะเชิงเทรา
315,200,หัวไผ่ - ชลบุรี,11+500,"4,188","3,339","1,779","1,497","1,523","8,713","3,212","2,302","2,241","2,175","30,969",41.816,30,2919,ขท.ชลบุรีที่ 1,ชลบุรี
315,200,หัวไผ่ - ชลบุรี,32+914,"15,828","9,957",209,194,543,"2,329",552,"1,219",567,549,"31,947",11.344,11,1944,ขท.ชลบุรีที่ 1,ชลบุรี
315,200,หัวไผ่ - ชลบุรี,40+651,"16,585","14,763","4,978","3,270","3,405","20,974","7,652","4,747","4,770","4,656","85,800",33.217,31,8233,ขท.ชลบุรีที่ 1,ชลบุรี
316,100,เขาไร่ยา - จันทบุรี,3+000,"8,268","2,903","1,470",951,751,"16,449",578,417,164,127,"32,078",9.315,59,9506,ขท.จันทบุรี,จันทบุรี
317,101,ปากแซง - หน้าค่าย ตชด.,0+500,"10,539","3,748",0,12,68,"13,194",993,293,137,73,"29,057",5.424,19,3430,ขท.จันทบุรี,จันทบุรี
317,102,หน้าค่าย ตชด. - พังงอน,35+000,"3,500","2,674",34,50,32,"7,626",492,224,197,97,"14,926",7.316,15,1929,ขท.จันทบุรี,จันทบุรี
317,103,พังงอน - เขาแหลม,57+600,"4,493",367,38,34,25,"4,474",238,171,246,214,"10,300",9.01,28,1305,ขท.จันทบุรี,จันทบุรี
317,103,พังงอน - เขาแหลม,63+000,"6,542",257,44,41,37,"8,645",323,230,177,179,"16,475",5.991,18,3135,ขท.จันทบุรี,จันทบุรี
317,200,เขาแหลม - สระแก้ว,95+500,"3,134","2,972",18,15,36,"4,793",392,434,328,261,"12,383",11.839,17,2637,ขท.สระแก้ว (วัฒนานคร),สระแก้ว
317,200,เขาแหลม - สระแก้ว,114+500,"3,391","3,382",18,18,35,"4,818",427,571,550,414,"13,624",14.79,25,2724,ขท.สระแก้ว (วัฒนานคร),สระแก้ว
317,200,เขาแหลม - สระแก้ว,129+494,"2,733","2,726",19,15,29,"7,258",472,400,482,289,"14,423",11.697,20,2324,ขท.สระแก้ว (วัฒนานคร),สระแก้ว
319,102,ปราจีนบุรี - ไผ่ชะเลือด,12+138,"2,167","1,215",47,43,48,700,678,495,459,368,"6,220",33.617,35,785,ขท.ปราจีนบุรี,ปราจีนบุรี
319,103,ไผ่ชะเลือด - โคกไทย,31+465,"3,546","1,641",393,185,186,"2,354","1,004",655,623,635,"11,222",29.3,55,2079,ขท.ปราจีนบุรี,ปราจีนบุรี
319,103,ไผ่ชะเลือด - โคกไทย,35+006,"3,288","1,505",411,148,214,"1,129",597,561,591,514,"8,958",29.303,31,1372,ขท.ปราจีนบุรี,ปราจีนบุรี
319,200,โคกไทย - พนมสารคาม,47+054,"6,482","4,539",28,16,71,"6,940","1,691","1,846","1,271","1,139","24,023",25.118,11,2895,ขท.ฉะเชิงเทรา,ฉะเชิงเทรา
320,100,ศาลนเรศวร - สถานีรถไฟปราจีนบุรี,2+156,"2,645","1,694",222,201,415,"3,195",832,315,233,217,"9,969",22.199,72,2165,ขท.ปราจีนบุรี,ปราจีนบุรี
321,101,นครปฐม - หนองปลาไหล,9+150,"5,216","4,401","1,431","1,364","1,221","3,945","4,299","4,767","4,567","1,700","32,911",54.444,1112,7496,ขท.นครปฐม,นครปฐม
321,102,หนองปลาไหล - กำแพงแสน,22+800,"10,188","9,970","5,452","5,116",918,"4,919","5,782","7,569","7,183","4,419","61,516",50.372,181,8041,ขท.นครปฐม,นครปฐม
321,201,กำแพงแสน-ทุ่งคอก,48+551,"3,570","1,790",39,85,22,"7,524",588,822,"2,399","1,338","18,177",28.905,9,1647,ขท.สุพรรณบุรีที่ 2 (อู่ทอง),สุพรรณบุรี
321,203,วังขอน-ดอนแจง,77+925,"4,608","2,492",20,123,28,"7,266",652,547,"1,102",457,"17,295",16.82,9,2030,ขท.สุพรรณบุรีที่ 2 (อู่ทอง),สุพรรณบุรี
321,300,ดอนแจง - สุพรรณบุรี,105+150,"12,428","7,445",700,69,75,"8,455",738,174,26,22,"30,132",3.664,101,7009,ขท.สุพรรณบุรีที่ 1,สุพรรณบุรี
322,100,อู่ยา - ดอนเจดีย์,13+600,"3,260","1,685",64,26,1,"2,289",270,136,58,26,"7,815",6.615,18,1537,ขท.สุพรรณบุรีที่ 1,สุพรรณบุรี
323,100,หนองตะแครง - ลูกแก,1+360,"10,128","4,437",442,482,448,"10,448","1,887","1,807","1,866","1,379","33,324",23.614,43,5947,ขท.ราชบุรี,ราชบุรี
323,100,หนองตะแครง - ลูกแก,8+360,"10,779","7,165",919,509,431,"9,252","1,644","1,497","1,649","1,275","35,120",19.946,40,5429,ขท.ราชบุรี,ราชบุรี
323,100,หนองตะแครง - ลูกแก,11+624,"8,947","6,912","1,328",580,629,"7,911","1,538","1,413","1,197",847,"31,302",19.82,23,7275,ขท.ราชบุรี,ราชบุรี
323,201,ลูกแก - หนองเสือ,28+050,"5,947","3,997",61,43,35,"5,706",878,"1,088","1,035",933,"19,723",20.342,10,1753,ขท.กาญจนบุรี,กาญจนบุรี
323,202,หนองเสือ - ท่าน้ำตื้น,43+660,"8,449","7,553",0,0,76,"9,654",389,248,204,80,"26,653",3.741,0,3756,ขท.กาญจนบุรี,กาญจนบุรี
323,202,หนองเสือ - ท่าน้ำตื้น,54+240,"11,197","9,304",71,38,179,"12,034",158,119,119,25,"33,244",1.919,0,3919,ขท.กาญจนบุรี,กาญจนบุรี
323,202,หนองเสือ - ท่าน้ำตื้น,64+650,"9,745","7,416",152,171,235,"9,200",108,44,18,0,"27,089",2.126,0,5654,ขท.กาญจนบุรี,กาญจนบุรี
323,202,หนองเสือ - ท่าน้ำตื้น,65+600,"7,473","4,537",126,128,171,"8,538",365,180,31,13,"21,562",4.118,0,3979,ขท.กาญจนบุรี,กาญจนบุรี
323,203,ท่าน้ำตื้น - หนองสามพราน,77+350,"2,604","1,717",24,23,19,"2,380",55,92,64,21,"6,999",3.915,22,810,ขท.กาญจนบุรี,กาญจนบุรี
323,204,หนองสามพราน - แก่งประลอม,121+012,"1,368","1,135",320,66,61,"3,090",180,139,78,67,"6,504",9.087,59,1194,ขท.กาญจนบุรี,กาญจนบุรี
323,205,แก่งประลอม - ทองผาภูมิ,156+712,"1,970",251,27,84,21,"2,047",148,122,70,31,"4,771",9.977,6,1216,ขท.กาญจนบุรี,กาญจนบุรี
323,205,แก่งประลอม - ทองผาภูมิ,176+012,"1,648","1,458",64,39,22,"1,133",186,179,79,38,"4,846",11.205,2,1284,ขท.กาญจนบุรี,กาญจนบุรี
323,206,ทองผาภูมิ - เจดีย์สามองค์,207+226,"1,066",465,46,21,1,839,84,25,29,13,"2,589",6.682,3,825,ขท.กาญจนบุรี,กาญจนบุรี
323,206,ทองผาภูมิ - เจดีย์สามองค์,257+826,538,83,18,16,0,673,48,33,27,12,"1,448",9.392,0,250,ขท.กาญจนบุรี,กาญจนบุรี
323,206,ทองผาภูมิ - เจดีย์สามองค์,269+167,"1,084",660,13,4,0,"1,085",88,33,13,11,"2,991",4.982,1,1715,ขท.กาญจนบุรี,กาญจนบุรี
324,100,กาญจนบุรี - หนองขาว,5+000,"6,870","5,953",27,12,96,"8,991",100,162,65,9,"22,285",1.992,0,4636,ขท.กาญจนบุรี,กาญจนบุรี
324,201,หนองขาว  - ตลาดเขต,12+910,"4,225","1,262",20,20,26,"5,941",326,248,322,174,"12,564",8.883,10,1726,ขท.สุพรรณบุรีที่ 2 (อู่ทอง),กาญจนบุรี
324,201,หนองขาว  - ตลาดเขต,24+000,"3,440",493,6,1,29,"5,205",297,497,426,206,"10,600",13.736,5,1435,ขท.สุพรรณบุรีที่ 2 (อู่ทอง),กาญจนบุรี
324,201,หนองขาว  - ตลาดเขต,40+000,"3,886",541,8,11,47,"5,085",304,382,403,231,"10,898",12.645,10,1485,ขท.สุพรรณบุรีที่ 2 (อู่ทอง),กาญจนบุรี
325,101,บางแพ - บางพรม,3+500,"5,691","4,869","1,060","1,319",859,"6,150","2,504","2,323","2,027",467,"27,269",34.834,290,5062,ขท.สมุทรสงคราม,ราชบุรี
325,101,บางแพ - บางพรม,32+790,"2,798","2,565","1,154","1,083","1,439","2,371","1,269",968,577,19,"14,243",37.597,211,1924,ขท.สมุทรสงคราม,สมุทรสงคราม
326,100,ทางเข้าประจวบคีรีขันธ์,0+500,"4,439",524,0,0,0,562,53,14,0,0,"5,592",1.198,50,3281,ขท.ประจวบคีรีขันธ์ (หัวหิน),ประจวบคีรีขันธ์
327,100,สี่แยกปฐมพร - แยกหมอเล็ก,2+400,"7,086","1,598",162,9,14,"9,753",374,172,47,59,"19,274",3.502,7,5865,ขท.ชุมพร,ชุมพร
327,100,สี่แยกปฐมพร - แยกหมอเล็ก,6+900,"5,226","1,634",68,18,6,"7,063",213,88,6,6,"14,328",2.352,16,3044,ขท.ชุมพร,ชุมพร
331,101,สัตหีบ - เขาบายศรี,5+663,"8,043","5,261",719,342,346,"3,471",589,535,423,161,"19,890",12.046,0,2644,ขท.ชลบุรีที่ 2,ชลบุรี
331,102,เขาบายศรี - พันเสด็จนอก,44+258,"13,446","9,193",247,193,439,"10,118","5,330","2,775","2,609",500,"44,850",26.412,13,5273,ขท.ชลบุรีที่ 2,ชลบุรี
331,104,เนินผาสุข - มาบเอียง,12+300,"7,589","4,707",209,363,283,"6,571","4,215","2,572","3,355","3,054","32,918",42.05,16,1552,ขท.ชลบุรีที่ 2,ชลบุรี
331,201,หนองปรือ - เนินโมก,68+900,"4,557","2,022",439,470,543,"5,005","1,693","1,991","1,404","2,306","20,430",41.15,7,1878,ขท.ชลบุรีที่ 1,ชลบุรี
331,202,เนินโมก - แปลงยาว,94+900,"3,109","3,109",30,36,34,"1,958","1,929","1,602","1,922","1,906","15,635",47.515,19,1246,ขท.ชลบุรีที่ 1,ชลบุรี
331,202,เนินโมก - แปลงยาว,103+700,"3,324","3,281",31,31,35,"1,963","1,897","1,787","1,943","1,996","16,288",47.207,18,1164,ขท.ชลบุรีที่ 1,ชลบุรี
331,301,แปลงยาว - สี่แยกนาน้อย,110+447,"11,148","3,629",33,31,83,"3,830","2,691","2,672","3,787","1,672","29,576",36.976,13,1181,ขท.ฉะเชิงเทรา,ฉะเชิงเทรา
331,302,สี่แยกนาน้อย - เขาหินซ้อน,134+753,"15,206","2,936",185,0,259,"3,109","2,629","2,211","2,645","2,895","32,075",33.169,22,1953,ขท.ฉะเชิงเทรา,ฉะเชิงเทรา
332,100,เขาหาดยาว - ทุ่งโปร่ง,0+550,"6,653","5,494",58,17,41,"1,619",342,326,37,6,"14,593",5.27,2,2228,ขท.ชลบุรีที่ 2,ชลบุรี
332,200,ทุ่งโปร่ง - สำนักท้อน,14+000,"1,870","1,155",22,16,19,"2,715",224,190,68,49,"6,328",8.944,14,1143,ขท.ระยอง,ระยอง
333,100,อู่ทอง - สระกระโจม,18+000,"1,558",367,15,13,0,"2,631",145,570,147,96,"5,542",17.521,8,1631,ขท.สุพรรณบุรีที่ 2 (อู่ทอง),สุพรรณบุรี
333,200,สระกระโจม - บ้านไร่,38+900,"1,203",439,23,3,1,"1,735",151,165,250,101,"4,071",16.482,3,403,ขท.สุพรรณบุรีที่ 1,สุพรรณบุรี
333,200,สระกระโจม - บ้านไร่,64+000,"6,045","1,398",24,17,6,"5,684",232,137,221,24,"13,788",4.62,22,5875,ขท.สุพรรณบุรีที่ 1,สุพรรณบุรี
333,302,การุ้ง - อุทัยธานี,113+236,"1,771",267,0,0,204,"2,195",285,282,287,257,"5,548",23.702,182,1513,ขท.อุทัยธานี,อุทัยธานี
333,302,การุ้ง - อุทัยธานี,139+686,"2,552",305,0,0,270,"3,092",481,306,287,260,"7,553",21.237,240,1176,ขท.อุทัยธานี,อุทัยธานี
333,302,การุ้ง - อุทัยธานี,163+011,"5,472","1,908",259,0,227,"2,413",353,261,234,212,"11,339",11.35,191,2003,ขท.อุทัยธานี,อุทัยธานี
333,303,อุทัยธานี - สะพานข้ามแม่น้ำเจ้าพระยา,176+946,"1,904","1,080",6,13,7,"2,712",153,87,171,80,"6,213",8.225,20,649,ขท.อุทัยธานี,นครสวรรค์
334,100,แยกต่างระดับอ่างทอง - บ้านรอ,1+400,"16,829","2,544",665,28,214,"4,386","1,165",682,"1,738",903,"29,154",16.224,16,2456,ขท.อ่างทอง,อ่างทอง
335,100,แยกสิงห์เหนือ - สิงห์บุรี,0+500,"4,630","1,630",65,20,41,"2,750",283,116,40,21,"9,596",5.429,20,2583,ขท.สิงห์บุรี,สิงห์บุรี
338,101,อรุณอมรินทร์ - พุทธมณฑลสาย 4,0+000,"50,188","31,058",895,946,"3,552","21,854",237,169,39,0,"108,938",4.537,0,24233,ขท.ธนบุรี,กรุงเทพมหานคร
338,101,อรุณอมรินทร์ - พุทธมณฑลสาย 4,9+281,"55,743","31,368",0,0,"3,587","48,780","1,292","1,277","1,296",0,"143,343",5.199,0,18100,ขท.ธนบุรี,กรุงเทพมหานคร
338,102,ทางยกระดับบางกอกน้อย - นครชัยศรี,2+164,"26,668","25,583",0,0,0,"15,084",0,0,0,0,"67,335",0,0,0,ขท.ธนบุรี,กรุงเทพมหานคร
338,102,ทางยกระดับบางกอกน้อย - นครชัยศรี,8+664,"28,834","25,850",0,0,0,"11,658",0,0,0,0,"66,342",0,0,0,ขท.ธนบุรี,กรุงเทพมหานคร
338,201,พุทธมณฑลสาย 4 - นครชัยศรี,22+081,"45,217","40,016","1,670","3,494","6,422","4,989","8,674","5,118","2,627","2,299","120,526",23.758,0,1263,ขท.สมุทรสาคร,นครปฐม
340,100,บางบัวทอง -  ลาดบัวหลวง,7+941,"10,849","6,609",228,125,86,"8,957","2,432","1,829","1,679","1,727","34,521",22.821,152,3932,ขท.นนทบุรี,ปทุมธานี
340,200,ลาดบัวหลวง - สาลี,30+341,"9,174","1,706",11,49,14,"3,999",857,810,"1,286","1,071","18,977",21.537,7,1085,ขท.สุพรรณบุรีที่ 2 (อู่ทอง),พระนครศรีอยุธยา
340,301,สาลี - สุพรรณบุรี,49+941,"6,928",897,50,75,38,"8,149",752,570,786,625,"18,870",15.082,13,656,ขท.สุพรรณบุรีที่ 1,สุพรรณบุรี
340,301,สาลี - สุพรรณบุรี,74+491,"8,676","1,331",181,85,58,"8,973",996,748,793,619,"22,460",14.688,30,2936,ขท.สุพรรณบุรีที่ 1,สุพรรณบุรี
340,303,ศรีประจันต์ - ปากน้ำ,113+409,"5,219","4,758",20,29,23,"2,973","1,267",840,"1,106",506,"16,741",22.526,10,1779,ขท.สุพรรณบุรีที่ 1,สุพรรณบุรี
340,401,ปากน้ำ - โรงพยาบาลสรรคบุรี,135+143,"1,785","1,631",0,14,33,"1,190",961,678,705,566,"7,563",39.098,3,871,ขท.ชัยนาท,ชัยนาท
340,402,โรงพยาบาลสรรคบุรี - ชัยนาท,150+341,"4,965","3,555",24,4,42,"5,745",858,623,"1,366",551,"17,733",19.421,3,1506,ขท.ชัยนาท,ชัยนาท
340,402,โรงพยาบาลสรรคบุรี - ชัยนาท,162+341,"3,789","2,642",89,141,37,"1,394",412,464,667,219,"9,854",19.687,38,2313,ขท.ชัยนาท,ชัยนาท
344,102,หนองรี - หนองปรือ,6+665,"41,688","11,880","1,012",924,"1,110","8,608","7,403","4,348","1,743","1,699","80,415",21.423,18,5411,ขท.ชลบุรีที่ 1,ชลบุรี
344,102,หนองรี - หนองปรือ,16+470,"11,376","6,292",477,445,"1,612","5,872","1,903","1,824","1,698","1,489","32,988",27.195,17,4824,ขท.ชลบุรีที่ 1,ชลบุรี
344,103,หนองปรือ - คลองเขต,48+725,"6,783","6,102",14,27,20,"2,873","1,553","1,330","1,263","1,084","21,049",25.07,20,1029,ขท.ชลบุรีที่ 1,ชลบุรี
344,202,กระแสบน - แกลง,98+000,"9,681","1,512",0,0,126,"16,509",660,939,496,414,"30,337",8.686,27,4508,ขท.ระยอง,ระยอง
345,100,บางบัวทอง - บางคูวัด,6+300,"21,249","22,381",360,234,180,"19,994","2,979","2,846","2,673","2,561","75,457",15.205,183,4737,ขท.นนทบุรี,นนทบุรี
345,200,บางคูวัด - บางพูน,16+425,"24,508","20,075","8,681","7,471","6,865","7,881","7,808","5,888","3,537",0,"92,714",34.05,0,10453,ขท.ปทุมธานี,ปทุมธานี
346,102,สะพานคลองเปรม - สะพานข้ามแม่น้ำเจ้าพระยาปทุมธานี,1+800,"91,077","8,017","6,319","6,340","6,264","7,094","6,262","6,855","5,903","4,360","148,491",24.233,0,49702,ขท.ปทุมธานี,ปทุมธานี
346,102,สะพานคลองเปรม - สะพานข้ามแม่น้ำเจ้าพระยาปทุมธานี,9+500,"30,583","28,790","8,427","7,117","8,147","9,784","9,813","11,204","6,595","3,860","124,320",37.593,0,25716,ขท.ปทุมธานี,ปทุมธานี
346,103,สะพานข้ามแม่น้ำเจ้าพระยาปทุมธานี - ต่างระดับลาดหลุมแก้ว,15+000,"5,086","5,378","2,228","1,874","1,469","2,938","3,240","3,432","3,971","3,824","33,440",53.26,217,4230,ขท.ปทุมธานี,ปทุมธานี
346,202,แยกนพวงศ์ - บางเลน,34+560,"7,573","2,480",68,0,83,"7,761","1,550","1,445","1,549","1,390","23,899",25.177,151,3610,ขท.นนทบุรี,นนทบุรี
346,301,บางเลน - ลำลูกบัว,55+000,"2,854","2,212",787,711,675,"2,250","2,384","2,751","2,374","1,726","18,724",56.724,363,2736,ขท.นครปฐม,นครปฐม
346,302,ลำลูกบัว - หนองกระทุ่ม,78+000,"7,935","8,181","3,898","3,630","2,942","4,040","6,986","8,124","7,072","6,495","59,303",59.439,254,6670,ขท.นครปฐม,นครปฐม
346,400,หนองกระทุ่ม - พนมทวน,96+106,"2,847",734,14,4,13,"5,421",442,435,804,358,"11,072",18.569,9,1306,ขท.สุพรรณบุรีที่ 2 (อู่ทอง),กาญจนบุรี
347,101,เทคโนโลยีปทุมธานี - ต่างระดับเชียงรากน้อย,2+800,"9,773","10,828","5,977","4,023","4,549","9,091","6,863","6,374","4,261","3,737","65,476",45.524,0,7234,ขท.ปทุมธานี,ปทุมธานี
347,102,ต่างระดับเชียงรากน้อย - บางกระสั้น,18+100,"11,487","11,144",242,235,249,"4,117","2,163","2,212","2,704","2,317","36,870",26.797,0,272,ขท.ปทุมธานี,พระนครศรีอยุธยา
347,200,บางกระสั้น - บางปะหัน,22+305,"6,422","1,388",659,614,202,"6,458","1,116","2,086","1,324","1,142","21,411",30.283,9,840,ขท.อยุธยา,พระนครศรีอยุธยา
347,300,บางปะหัน -  เจ้าปลุก,49+701,"10,048","5,867","1,322","1,162",722,"1,737","1,866","1,658","1,718","1,243","27,343",30.607,1,1303,ขท.อ่างทอง,พระนครศรีอยุธยา
347,300,บางปะหัน -  เจ้าปลุก,58+435,"2,089","1,832","1,138",710,659,753,796,700,611,286,"9,574",39.294,2,819,ขท.อ่างทอง,พระนครศรีอยุธยา
348,101,อรัญประเทศ - แก้วเพชรพลอย,2+000,"5,100","1,281",62,63,55,168,176,155,111,31,"7,202",8.206,86,2542,ขท.สระแก้ว (วัฒนานคร),สระแก้ว
348,102,แก้วเพชรพลอย - ช่องตะโก,51+845,"1,311","1,110",100,90,91,"1,565",451,382,406,404,"5,910",30.863,188,1052,ขท.สระแก้ว (วัฒนานคร),สระแก้ว
348,102,แก้วเพชรพลอย - ช่องตะโก,66+549,"1,208",734,78,76,66,"1,225",389,296,238,199,"4,509",28.033,194,970,ขท.สระแก้ว (วัฒนานคร),สระแก้ว
348,102,แก้วเพชรพลอย - ช่องตะโก,71+830,"3,347",604,53,44,53,827,357,310,497,597,"6,689",27.777,40,642,ขท.สระแก้ว (วัฒนานคร),สระแก้ว
348,201,ช่องตะโก - น้อยสะแกกวน,102+405,"3,756",861,91,53,40,"2,064",466,507,707,635,"9,180",26.231,35,2001,ขท.บุรีรัมย์,บุรีรัมย์
348,201,ช่องตะโก - น้อยสะแกกวน,104+855,"2,233",247,38,2,21,"2,302",275,189,251,191,"5,749",16.159,1,747,ขท.บุรีรัมย์,บุรีรัมย์
348,202,น้อยสะแกกวน - ปะคำ,113+000,"1,594","1,432",102,23,18,"1,063",220,85,257,109,"4,903",14.522,3,425,ขท.บุรีรัมย์,บุรีรัมย์
348,203,ปะคำ - นางรอง,138+005,"4,524","1,666",39,10,13,"3,250",541,267,195,220,"10,725",11.618,36,3178,ขท.บุรีรัมย์,บุรีรัมย์
349,100,พนัสนิคม - หนองชาก,14+800,"5,317","5,121",437,429,409,"5,123","1,763","2,289","1,767","1,369","24,024",33.408,15,2023,ขท.ชลบุรีที่ 1,ชลบุรี
351,100,มหาวิทยาลัยเกษตรศาสตร์ - คันนายาว,4+700,"27,358","20,225",36,23,239,"13,616",149,19,2,0,"61,667",0.701,3,16767,ขท.กรุงเทพ,กรุงเทพมหานคร
352,100,ธัญบุรี - คลองระพีพัฒน์,3+600,"2,682","2,329",430,63,13,"2,240","2,585","2,369","2,545","2,521","17,777",56.792,18,616,ขท.นครนายก,ปทุมธานี
352,201,คลองระพีพัฒน์ - ทางแยกต่างระดับวังน้อย,25+700,"5,090","1,763",154,53,198,"3,183","3,026","3,155","2,934","2,803","22,359",54.426,5,1061,ขท.อยุธยา,พระนครศรีอยุธยา
356,102,เกาะเรียน - ปากกราน,7+000,"3,222",524,456,357,369,"3,497",591,468,434,311,"10,229",24.734,10,926,ขท.อยุธยา,พระนครศรีอยุธยา
357,101,ถนนวงแหวนรอบเมืองสุพรรณบุรี,5+023,"4,580","3,095",27,17,25,"6,618",846,872,"2,242","1,038","19,360",26.033,22,2158,ขท.สุพรรณบุรีที่ 1,สุพรรณบุรี
357,104,ถนนวงแหวนรอบเมืองสุพรรณบุรี,37+673,"1,234",327,9,3,5,"2,095",197,144,144,97,"4,255",13.866,16,633,ขท.สุพรรณบุรีที่ 1,สุพรรณบุรี
359,102,สระขวัญ - เขามะกา,18+595,"2,734","2,812",25,37,42,"5,449",426,312,286,275,"12,398",11.115,26,2316,ขท.สระแก้ว (วัฒนานคร),สระแก้ว
359,200,เขามะกา - เขาหินซ้อน,41+793,"1,991","2,449","2,115",939,120,"2,561","1,548","1,228","2,094","1,913","16,958",46.244,9,353,ขท.ปราจีนบุรี,ปราจีนบุรี
360,100,ทางเข้าเมืองชุมพร,5+300,924,807,0,0,0,"1,396",122,94,56,45,"3,444",9.204,10,929,ขท.ชุมพร,ชุมพร
361,100,ทางเลี่ยงเมืองชลบุรี,8+000,"22,597","15,756","1,248",384,"2,297","25,536","8,120","8,990","7,349","10,179","102,456",36.424,34,6146,ขท.ชลบุรีที่ 1,ชลบุรี
362,101,ถนนวงแหวนรอบเมืองสระบุรี,1+500,"11,825","4,899",21,38,50,"4,049","1,638","1,539","4,575","2,106","30,740",32.355,21,1538,ขท.สระบุรี,สระบุรี
362,101,ถนนวงแหวนรอบเมืองสระบุรี,10+200,"7,769","4,193",17,28,93,"11,286",953,"1,197","2,624","2,123","30,283",23.175,2,2519,ขท.สระบุรี,สระบุรี
362,101,ถนนวงแหวนรอบเมืองสระบุรี,23+000,"6,757","4,043",15,9,31,"3,857",854,741,596,"1,020","17,923",18.139,17,1472,ขท.สระบุรี,สระบุรี
363,100,ศูนย์ราชการระยอง - นิคมอุตสาหกรรมมาบตาพุด,4+877,"8,681","6,374",117,136,142,"5,308",858,"1,021","1,071",726,"24,434",16.182,10,2892,ขท.ระยอง,ระยอง
364,100,ทางเลี่ยงเมืองระยอง,2+000,"7,494","4,630",319,251,212,"6,922",421,432,143,84,"20,908",7.38,10,4048,ขท.ระยอง,ระยอง
365,101,ทางเลี่ยงเมืองฉะเชิงเทราด้านเหนือ,2+960,"3,887","3,058",160,36,91,"2,275",722,884,636,679,"12,428",24.525,4,1506,ขท.ฉะเชิงเทรา,ฉะเชิงเทรา
365,102,ทางเลี่ยงเมืองฉะเชิงเทราด้านใต้,2+950,"22,363","21,239",0,42,77,"18,888","9,622","10,090","5,478","4,142","91,941",32.032,8,3364,ขท.ฉะเชิงเทรา,ฉะเชิงเทรา
366,100,ทางเลี่ยงเมืองลพบุรี,6+000,"2,043",362,13,5,56,"2,111",459,331,609,447,"6,436",29.63,6,503,ขท.ลพบุรีที่ 1,ลพบุรี
367,100,ทางเลี่ยงเมืองกาญจนบุรี,2+200,"10,039","6,004",25,9,24,"10,906",482,124,34,0,"27,647",2.434,0,3380,ขท.กาญจนบุรี,กาญจนบุรี
368,100,ทางเลี่ยงเมืองอ่างทอง,0+500,"4,615","1,952",119,30,130,"1,863",773,633,"1,157",747,"12,019",28.871,18,1631,ขท.อ่างทอง,อ่างทอง
369,100,ทางเลี่ยงเมืองสิงห์บุรี,1+000,"5,202",477,24,0,16,"3,691",334,126,27,17,"9,914",5.245,18,2946,ขท.สิงห์บุรี,สิงห์บุรี
370,100,ทางเข้าท่าอากาศยานสุวรรณภูมิด้านถนนบางนา - บางวัว,2+200,"10,433","5,939",141,129,150,"12,311","2,100","1,924","2,001","1,936","37,064",22.232,0,821,ขท.สมุทรปราการ,สมุทรปราการ
375,101,บ้านบ่อ - พระประโทน,16+521,"7,709","4,688","1,208","1,091","1,008","14,875","4,774","4,676","1,235",883,"42,147",32.427,23,3764,ขท.นครปฐม,สมุทรสาคร
375,102,นครปฐม - ดอนตูม,43+935,"8,764","7,337","2,002","1,766","1,689","12,323","6,464","8,058","4,475","2,519","55,397",45.076,1380,9074,ขท.นครปฐม,นครปฐม
375,103,ดอนตูม - ลำลูกบัว,65+000,"2,064","1,207",183,258,157,"3,876",593,606,586,281,"9,811",25.288,145,1803,ขท.นครปฐม,นครปฐม
401,101,แยกโคกเคียน - เขาศก,10+542,"1,127",227,2,1,7,893,76,70,82,43,"2,528",11.036,2,435,ขท.พังงา,พังงา
401,102,เขาศก - พนม,41+282,759,629,309,32,16,788,83,61,43,26,"2,746",9.505,15,790,ขท.พังงา,สุราษฎร์ธานี
401,102,เขาศก - พนม,63+067,"1,425",760,413,68,81,"1,161",126,99,86,55,"4,274",12.05,68,853,ขท.พังงา,สุราษฎร์ธานี
401,200,พนม - ช่องชาลี,83+042,"7,569","1,953",53,15,32,"1,964",441,441,310,76,"12,854",10.23,9,1527,ขท.สุราษฎร์ธานีที่ 3 (เวียงสระ),สุราษฎร์ธานี
401,301,ช่องชาลี - ท่าโรงช้าง,102+542,"3,510","2,692",15,55,76,"2,770",903,813,648,562,"12,044",25.382,7,1110,ขท.สุราษฎร์ธานีที่ 1 ,สุราษฎร์ธานี
401,301,ช่องชาลี - ท่าโรงช้าง,120+542,"3,588","2,914",60,10,24,"2,635",379,418,585,315,"10,928",15.84,0,902,ขท.สุราษฎร์ธานีที่ 1 ,สุราษฎร์ธานี
401,302,กิโลศูนย์ - หนองบัว,149+245,"7,711","7,732",346,501,360,"9,462","1,196",656,308,215,"28,487",11.36,114,4710,ขท.สุราษฎร์ธานีที่ 1 ,สุราษฎร์ธานี
401,401,ท่าโรงช้าง - กิโลศูนย์,139+542,"2,975",811,45,37,11,"2,279",343,359,109,91,"7,060",13.456,28,1110,ขท.สุราษฎร์ธานีที่ 2 (กาญจนดิษฐ์),สุราษฎร์ธานี
401,402,บางกุ้ง - เขาหัวช้าง,168+379,"5,054","2,422",373,287,208,"9,078",711,586,441,303,"19,463",13.03,14,4310,ขท.สุราษฎร์ธานีที่ 2 (กาญจนดิษฐ์),สุราษฎร์ธานี
401,402,บางกุ้ง - เขาหัวช้าง,196+779,"6,652",965,111,63,65,"9,507",814,606,470,301,"19,554",11.859,6,2448,ขท.สุราษฎร์ธานีที่ 2 (กาญจนดิษฐ์),สุราษฎร์ธานี
401,402,บางกุ้ง - เขาหัวช้าง,201+079,"3,456","2,581",33,40,57,"8,360",807,710,530,345,"16,919",14.711,4,2239,ขท.สุราษฎร์ธานีที่ 2 (กาญจนดิษฐ์),สุราษฎร์ธานี
401,501,เขาหัวช้าง - สิชล,210+804,"2,152","2,196",1,10,12,870,601,620,595,0,"7,057",26.045,0,711,ขท.นครศรีธรรมราชที่ 1,นครศรีธรรมราช
401,501,เขาหัวช้าง - สิชล,220+487,"4,113","3,511",7,24,17,"2,708",488,461,208,104,"11,641",11.185,5,1648,ขท.นครศรีธรรมราชที่ 1,นครศรีธรรมราช
401,501,เขาหัวช้าง - สิชล,232+179,"3,975","3,847",53,56,45,959,654,562,400,35,"10,586",16.55,0,2113,ขท.นครศรีธรรมราชที่ 1,นครศรีธรรมราช
401,502,สิชล - ท่าแพ,267+850,"4,467","4,234",106,113,62,"2,022",738,700,543,180,"13,165",17.744,12,3188,ขท.นครศรีธรรมราชที่ 1,นครศรีธรรมราช
401,502,สิชล - ท่าแพ,273+540,"4,529","4,188",131,109,40,"1,410",610,514,398,81,"12,010",14.588,25,3261,ขท.นครศรีธรรมราชที่ 1,นครศรีธรรมราช
401,502,สิชล - ท่าแพ,283+840,"4,388","4,003",159,155,57,"1,648",390,119,69,40,"11,028",7.526,21,2939,ขท.นครศรีธรรมราชที่ 1,นครศรีธรรมราช
401,503,ท่าแพ - นครศรีธรรมราช,290+660,"7,133","5,590",402,21,16,"5,304",348,248,135,59,"19,256",4.295,19,5709,ขท.นครศรีธรรมราชที่ 1,นครศรีธรรมราช
402,101,โคกกลอย - หมากปรก,5+000,"4,946","1,211",39,35,94,"8,097",409,388,281,386,"15,886",10.028,12,2069,ขท.ภูเก็ต,พังงา
402,101,โคกกลอย - หมากปรก,11+206,"8,751","3,696",104,55,141,"10,517",647,546,500,450,"25,407",9.206,38,2518,ขท.ภูเก็ต,ภูเก็ต
402,102,หมากปรก - เมืองภูเก็ต,44+656,"18,867","1,183",149,156,124,"13,664",515,240,84,41,"35,023",3.312,29,11532,ขท.ภูเก็ต,ภูเก็ต
403,100,นครศรีธรรมราช - เสาธง,2+000,"5,491","2,951",379,34,38,"5,163",440,217,72,31,"14,816",5.616,30,4373,ขท.นครศรีธรรมราชที่ 1,นครศรีธรรมราช
403,201,เสาธง - สวนผัก,26+800,"8,611","8,481",131,167,24,"6,172",857,459,250,123,"25,275",7.438,11,2946,ขท.นครศรีธรรมราชที่ 2 (ทุ่งสง),นครศรีธรรมราช
403,202,ทุ่งสง - กะปาง,53+647,"8,685",472,11,96,22,"7,810",674,623,912,998,"20,303",16.377,8,4131,ขท.นครศรีธรรมราชที่ 2 (ทุ่งสง),นครศรีธรรมราช
403,301,กะปาง - ห้วยนาง,68+567,"2,864","1,595",273,422,381,"6,670",940,823,816,739,"15,523",26.548,204,2877,ขท.ตรัง,ตรัง
403,302,ห้วยนาง - ต้นม่วง,92+497,"3,339",933,39,28,13,"3,314",343,631,640,468,"9,748",21.779,6,1836,ขท.ตรัง,ตรัง
403,303,ต้นม่วง - ตรัง,101+411,"2,744","1,232",88,58,60,"4,418",293,400,488,589,"10,370",18.206,6,1185,ขท.ตรัง,ตรัง
403,304,ตรัง - กันตัง,126+435,"9,248","8,955",94,96,61,"6,504",199,227,200,175,"25,759",3.719,112,6469,ขท.ตรัง,ตรัง
404,100,ตรัง - บ้านนา,15+000,"5,407","4,236",96,79,82,"7,799",443,398,193,31,"18,764",6.534,124,4235,ขท.ตรัง,ตรัง
404,201,บ้านนา - ละงู,35+000,"6,750","5,033","1,499",893,737,"6,071","1,862","1,421","1,090",806,"26,162",26.026,404,4862,ขท.สตูล,ตรัง
404,201,บ้านนา - ละงู,44+936,"5,828","5,263","1,905","1,545",623,"6,941","4,662","1,986","1,371",856,"30,980",35.646,437,5357,ขท.สตูล,ตรัง
404,201,บ้านนา - ละงู,70+936,"4,839","3,022","1,196",706,528,"5,957","2,125","1,672","1,289","1,024","22,358",32.847,500,5427,ขท.สตูล,สตูล
404,201,บ้านนา - ละงู,94+836,"2,396","2,000","1,111",660,435,"6,271","1,991","1,635","1,441","1,212","19,152",38.503,804,5754,ขท.สตูล,สตูล
404,202,ละงู - ฉลุง,97+663,"3,124","3,347",10,35,17,"3,539",379,138,45,10,"10,644",5.862,37,2937,ขท.สตูล,สตูล
404,202,ละงู - ฉลุง,112+213,"2,497","2,933",13,76,15,"2,479",372,199,84,19,"8,687",8.806,40,3082,ขท.สตูล,สตูล
406,101,ปากจ่า - ค่ายรวมมิตร,6+400,"1,130","1,343",92,25,7,362,90,89,15,23,"3,176",7.84,21,1338,ขท.สตูล,สงขลา
406,101,ปากจ่า - ค่ายรวมมิตร,25+195,"6,363","5,443",168,44,33,907,454,234,268,156,"14,070",8.451,19,3827,ขท.สตูล,สงขลา
406,101,ปากจ่า - ค่ายรวมมิตร,32+195,"3,370","3,268",193,58,12,765,229,198,152,143,"8,388",9.442,17,2451,ขท.สตูล,สงขลา
406,102,ค่ายรวมมิตร - คลองขุด,88+595,"3,394","2,043",184,283,56,"2,343",305,110,32,11,"8,761",9.097,91,3388,ขท.สตูล,สตูล
406,103,ศาลากันตง - ตำมะลัง,95+540,"2,183","2,284",27,17,2,"2,380",186,83,21,3,"7,186",4.342,35,2621,ขท.สตูล,สตูล
407,101,คลองหวะ - ควนหิน,0+530,"20,654","8,881",529,63,168,"10,435",380,291,81,191,"41,673",2.817,18,12536,ขท.สงขลาที่ 1,สงขลา
407,101,คลองหวะ - ควนหิน,13+200,"8,271","4,820",271,16,29,"5,560",256,173,92,174,"19,662",3.764,20,4220,ขท.สงขลาที่ 1,สงขลา
407,102,ควนหิน - สงขลา,26+200,"3,513","2,906","1,152",737,183,"3,635",397,297,163,135,"13,118",14.575,130,2917,ขท.สงขลาที่ 1,สงขลา
408,101,หัวถนน - เฉลิมพระเกียรติ,6+000,"4,414",646,437,30,1,"3,870",201,86,35,12,"9,732",3.751,10,3049,ขท.นครศรีธรรมราชที่ 1,นครศรีธรรมราช
408,101,หัวถนน - เฉลิมพระเกียรติ,25+000,"4,349",538,350,49,6,"3,802",307,136,82,37,"9,656",6.39,12,2156,ขท.นครศรีธรรมราชที่ 1,นครศรีธรรมราช
408,102,เฉลิมพระเกียรติ - ปากระวะ,54+400,"2,518","2,296",35,30,6,964,440,411,251,130,"7,081",17.907,7,2020,ขท.นครศรีธรรมราชที่ 1,นครศรีธรรมราช
408,102,เฉลิมพระเกียรติ - ปากระวะ,65+300,"2,141","1,637",17,10,24,"2,021",429,349,356,270,"7,254",19.824,4,1596,ขท.นครศรีธรรมราชที่ 1,นครศรีธรรมราช
408,201,ปากระวะ - สทิงพระ,85+011,"1,082",440,80,103,63,"2,391",275,285,172,141,"5,032",20.648,17,1289,ขท.สงขลาที่ 1,สงขลา
408,201,ปากระวะ - สทิงพระ,120+117,"3,616",771,134,116,31,"4,659",232,241,117,175,"10,092",9.037,34,1240,ขท.สงขลาที่ 1,สงขลา
408,202,สทิงพระ - เกาะยอ,148+617,"9,684","4,481",394,118,52,"5,357",394,511,220,326,"21,537",7.527,25,6009,ขท.สงขลาที่ 1,สงขลา
408,203,เกาะยอ - ทุ่งหวัง,165+773,"5,745","2,655",377,206,105,"5,954",351,577,618,360,"16,948",13.081,49,2370,ขท.สงขลาที่ 1,สงขลา
408,203,เกาะยอ - ทุ่งหวัง,168+413,"2,197",439,69,80,16,"3,267",269,363,179,239,"7,118",16.1,24,1410,ขท.สงขลาที่ 1,สงขลา
408,203,เกาะยอ - ทุ่งหวัง,180+411,"3,726","1,202",159,101,35,"2,350",568,286,124,204,"8,755",15.054,35,2125,ขท.สงขลาที่ 1,สงขลา
408,301,ทุ่งหวัง - นาทวี,184+911,"4,010","2,483",69,22,64,"5,240",381,421,296,69,"13,055",9.598,47,2942,ขท.สงขลาที่ 2 (นาหม่อม),สงขลา
408,302,นาทวี - ด่านประกอบ (เขตแดนไทย/มาเลเซีย),219+811,"2,366","1,225",32,0,0,"4,437",246,180,121,75,"8,682",7.164,8,2800,ขท.สงขลาที่ 2 (นาหม่อม),สงขลา
408,302,นาทวี - ด่านประกอบ (เขตแดนไทย/มาเลเซีย),221+759,"3,326","3,051",3,2,0,"2,273",86,63,28,0,"8,832",2.027,0,2551,ขท.สงขลาที่ 2 (นาหม่อม),สงขลา
409,100,นาเกตุ - ป่าพ้อ,7+444,"2,592",363,44,11,18,"2,691",111,129,87,86,"6,132",7.208,28,2655,ขท.ปัตตานี,ปัตตานี
409,200,ป่าพ้อ - ท่าสาป,30+519,"3,293",644,14,3,2,991,220,257,60,37,"5,521",10.487,0,2749,ขท.ยะลา,ยะลา
410,100,ปัตตานี - ยะลา,12+600,"2,061","1,754",37,26,18,176,42,27,6,5,"4,152",2.987,12,1191,ขท.ปัตตานี,ปัตตานี
410,201,ยะลา - ตะบิงติงงี,52+713,"1,753","1,745",44,4,2,451,126,53,32,26,"4,236",5.737,4,1331,ขท.ยะลา,ยะลา
410,202,ตะบิงติงงี - บ่อหิน,94+263,"1,129",435,31,0,7,"3,464",105,69,25,28,"5,293",4.421,13,3467,ขท.ยะลา,ยะลา
410,202,ตะบิงติงงี - บ่อหิน,105+263,661,258,29,0,2,"1,742",72,53,26,11,"2,854",5.746,13,1140,ขท.ยะลา,ยะลา
410,203,บ่อหิน - เบตง,133+256,405,147,49,7,9,83,73,94,40,26,933,26.688,8,660,ขท.ยะลา,ยะลา
410,203,บ่อหิน - เบตง,146+853,544,96,33,12,6,162,80,61,40,43,"1,077",22.47,2,598,ขท.ยะลา,ยะลา
412,100,ทางเข้าระนอง,0+140,"4,831","4,628",241,99,24,"2,744",145,70,11,8,"12,801",2.789,54,4315,ขท.ระนอง,ระนอง
414,102,คลองวง - ท่าท้อน,14+300,"10,869","8,999",76,153,59,"10,691",376,763,717,414,"33,117",7.495,37,5094,ขท.สงขลาที่ 1,สงขลา
415,100,นาเหนือ - บางคราม,15+520,"2,522","2,431",197,38,106,"2,953",361,431,282,199,"9,520",14.884,25,1291,ขท.พังงา,กระบี่
415,200,บางคราม - พนม,34+876,"1,866","1,507",61,12,23,"1,429",343,367,246,170,"6,024",19.273,2,529,ขท.สุราษฎร์ธานีที่ 3 (เวียงสระ),สุราษฎร์ธานี
417,100,ท่าอากาศยานสุราษฎร์ธานี - ค้อล่าง,11+196,"6,882","2,976",162,92,52,"7,506",918,"1,059",857,625,"21,129",17.052,42,3490,ขท.สุราษฎร์ธานีที่ 1 ,สุราษฎร์ธานี
418,100,งาแม่ - ยุโป,10+185,"2,366","1,192",26,12,10,"1,372",293,316,180,172,"5,939",16.552,6,790,ขท.ปัตตานี,ปัตตานี
419,100,ถนนวงแหวนรอบเมืองตรัง,2+500,"5,358","3,547",30,0,15,"4,652",259,305,277,252,"14,695",7.54,65,3597,ขท.ตรัง,ตรัง
419,100,ถนนวงแหวนรอบเมืองตรัง,15+500,"2,658","1,704",0,1,0,"4,190",295,230,211,119,"9,408",9.099,17,3235,ขท.ตรัง,ตรัง
420,100,วงแหวนรอบเมืองสุราษฎร์ธานี,3+282,"5,534","4,387",123,122,129,"8,444",962,886,840,491,"21,918",15.649,14,3374,ขท.สุราษฎร์ธานีที่ 1 ,สุราษฎร์ธานี
420,100,วงแหวนรอบเมืองสุราษฎร์ธานี,5+482,"6,540","4,054",124,64,81,"10,505",902,982,797,683,"24,732",14.188,32,3029,ขท.สุราษฎร์ธานีที่ 1 ,สุราษฎร์ธานี
420,100,วงแหวนรอบเมืองสุราษฎร์ธานี,30+959,"1,367","1,421",57,71,101,"1,431",674,690,634,559,"7,005",38.958,22,1187,ขท.สุราษฎร์ธานีที่ 1 ,สุราษฎร์ธานี
1001,100,เชียงใหม่ - บ้านโป่ง,1+000,"29,147","7,497",500,407,193,"1,742",747,355,335,403,"41,326",5.904,200,31585,ขท.เชียงใหม่ที่ 2,เชียงใหม่
1001,100,เชียงใหม่ - บ้านโป่ง,30+300,"2,710","1,350",239,98,72,"1,440",324,175,114,53,"6,575",12.715,199,1191,ขท.เชียงใหม่ที่ 2,เชียงใหม่
1001,200,บ้านโป่ง - พร้าว,53+000,505,226,11,13,5,"1,857",105,40,26,1,"2,789",6.812,21,258,ขท.เชียงใหม่ที่ 3,เชียงใหม่
1001,200,บ้านโป่ง - พร้าว,88+200,"1,165",170,40,5,12,"3,025",249,27,19,15,"4,727",6.918,29,1276,ขท.เชียงใหม่ที่ 3,เชียงใหม่
1004,100,ห้วยแก้ว - พระตำหนักภูพิงคราชนิเวศน์,4+000,"3,476","2,144","2,047",230,63,"2,186",38,0,0,0,"10,184",3.25,534,2490,ขท.เชียงใหม่ที่ 2,เชียงใหม่
1006,100,เชียงใหม่ - ออนหลวย,10+000,"24,769","6,760",695,0,16,"9,600",551,16,0,0,"42,407",1.375,53,11604,ขท.เชียงใหม่ที่ 2,เชียงใหม่
1006,100,เชียงใหม่ - ออนหลวย,18+400,"1,483",696,182,0,0,"2,390",306,11,0,0,"5,068",6.255,53,2720,ขท.เชียงใหม่ที่ 2,เชียงใหม่
1007,100,ทางเข้าดอยสะเก็ด,0+100,"5,039","1,262","1,190",0,0,"4,205","1,940",0,0,0,"13,636",14.227,338,4569,ขท.เชียงใหม่ที่ 2,เชียงใหม่
1009,100,จอมทอง - ดอยอินทนนท์,1+000,"1,804",559,66,2,0,"2,306",153,39,27,3,"4,959",4.517,6,1554,ขท.เชียงใหม่ที่ 1,เชียงใหม่
1010,100,ปากทางท่าลี่ - ร้องธาร,0+500,"1,386",245,0,0,0,"1,785",173,74,44,18,"3,725",8.295,22,1011,ขท.เชียงใหม่ที่ 1,เชียงใหม่
1010,200,ร้องธาร - ม่วงโตน,17+190,"1,301",92,4,1,2,132,44,11,11,8,"1,606",4.795,16,905,ขท.ลำพูน,ลำพูน
1012,100,ฮอด - วังลุง,5+725,970,106,0,0,0,279,66,49,193,73,"1,736",21.947,1,991,ขท.เชียงใหม่ที่ 1,เชียงใหม่
1013,100,สันป่าตอง - บ้านกาด,4+000,"3,468",411,93,2,1,"5,698",571,194,46,8,"10,492",7.835,75,5052,ขท.เชียงใหม่ที่ 1,เชียงใหม่
1014,101,ดอยสะเก็ด - ป่าบง,1+000,"5,049","1,358",860,463,122,"1,011",254,147,133,0,"9,397",11.908,351,3302,ขท.เชียงใหม่ที่ 2,เชียงใหม่
1014,102,ป่าบง - สันป่าคา,14+600,"5,904","1,137",587,509,20,"6,799",811,16,12,12,"15,807",8.73,143,4820,ขท.เชียงใหม่ที่ 2,เชียงใหม่
1015,100,ลำพูน - สะพานศรีวิชัย,2+000,"14,695",757,111,79,25,119,215,119,83,51,"16,254",3.519,67,13047,ขท.ลำพูน,ลำพูน
1015,200,สะพานศรีวิชัย - สันป่าตอง,5+000,"2,960",130,25,5,5,"3,179",169,33,9,4,"6,519",3.451,16,2485,ขท.เชียงใหม่ที่ 1,เชียงใหม่
1016,100,แม่จัน - กิ่วพร้าว,2+000,"5,225","1,520",41,18,7,"5,411",394,180,125,50,"12,971",5.967,65,2031,ขท.เชียงรายที่ 1,เชียงราย
1016,200,กิ่วพร้าว - เชียงแสน,12+370,"2,579","1,040",172,137,116,"4,878",140,177,255,132,"9,626",9.942,165,1830,ขท.เชียงรายที่ 2,เชียงราย
1020,100,เชียงราย - โป่งเกลือ,6+000,"4,782","3,197",142,122,3,"6,696","2,398","2,545","1,832","1,704","23,421",36.736,1096,4993,ขท.เชียงรายที่ 1,เชียงราย
1020,201,โป่งเกลือ - บ้านปล้อง,36+000,"2,955",597,140,95,79,"4,521",355,317,334,236,"9,629",14.706,155,2090,ขท.เชียงรายที่ 2,เชียงราย
1020,202,บ้านปล้อง - ชมภู,60+000,"2,818",660,115,141,149,"5,084",372,302,252,266,"10,159",14.588,162,2005,ขท.เชียงรายที่ 2,เชียงราย
1020,202,บ้านปล้อง - ชมภู,74+000,"2,289",446,136,117,112,"5,161",306,270,382,399,"9,618",16.49,197,1989,ขท.เชียงรายที่ 2,เชียงราย
1020,203,ชมภู - เชียงของ,106+000,"1,833",632,113,193,181,"5,658",728,328,444,599,"10,709",23.093,212,1668,ขท.เชียงรายที่ 2,เชียงราย
1021,101,แม่ต๋ำ - บ้านใหม่,7+800,"3,807","3,704",32,17,30,"3,342",307,205,307,162,"11,913",8.629,37,2262,ขท.พะเยา,พะเยา
1021,102,บ้านใหม่ - น้ำแวน,46+592,"1,454",603,1,18,16,"1,738",239,79,138,41,"4,327",12.272,3,732,ขท.พะเยา,พะเยา
1021,103,น้ำแวน - สะแล่ง,70+000,"2,400",859,12,14,9,"4,322",333,112,144,84,"8,289",8.397,10,2414,ขท.พะเยา,พะเยา
1021,103,น้ำแวน - สะแล่ง,87+108,762,282,4,6,9,"2,049",151,170,72,90,"3,595",13.853,5,626,ขท.พะเยา,พะเยา
1022,102,แยกนาจักร - น้ำกาย,5+000,"1,412",618,42,35,0,"1,440",134,54,45,43,"3,823",8.135,27,1459,ขท.แพร่,แพร่
1023,101,แพร่ - แยกแม่แขม,5+525,"1,494",831,88,64,45,"2,192",172,88,98,45,"5,117",10.006,21,1030,ขท.แพร่,แพร่
1023,101,แพร่ - แยกแม่แขม,38+120,"1,671",644,72,40,43,"1,899",211,74,55,47,"4,756",9.882,19,1695,ขท.แพร่,แพร่
1023,101,แพร่ - แยกแม่แขม,42+620,"1,833",734,113,81,54,"2,265",256,185,116,89,"5,726",13.64,32,1244,ขท.แพร่,แพร่
1023,101,แพร่ - แยกแม่แขม,55+620,"1,181",522,46,37,38,"1,788",185,64,48,44,"3,953",10.524,22,1022,ขท.แพร่,แพร่
1024,100,สวนเขื่อน - ปากห้วยอ้อย,2+000,334,65,53,0,0,396,216,45,0,0,"1,109",23.535,32,972,ขท.แพร่,แพร่
1024,100,สวนเขื่อน - ปากห้วยอ้อย,11+875,201,74,70,0,0,89,66,48,0,0,548,20.803,0,790,ขท.แพร่,แพร่
1026,102,ดอนไชย - ผาเวียง,9+000,"1,644",325,125,90,114,601,368,216,163,94,"3,740",27.941,110,1050,ขท.น่านที่ 1,น่าน
1026,103,ผาเวียง - ปากนาย,40+230,"1,286",197,30,1,8,111,59,59,52,1,"1,804",9.978,5,721,ขท.น่านที่ 1,น่าน
1026,103,ผาเวียง - ปากนาย,56+457,94,91,8,0,0,104,26,14,2,0,339,12.389,5,236,ขท.น่านที่ 1,น่าน
1030,100,ป่าเห็ว - ริมปิง,1+300,"8,067",300,86,70,36,82,102,87,63,62,"8,955",4.69,54,7818,ขท.ลำพูน,ลำพูน
1033,100,แม่ทา - ท่าจักร,28+930,"13,872",443,90,110,41,161,346,170,143,112,"15,488",5.953,79,12270,ขท.ลำพูน,ลำพูน
1034,100,เกาะคา - ห้างฉัตร,1+300,"4,066",344,71,4,2,"3,516",777,118,76,32,"9,006",11.204,38,2805,ขท.ลำปางที่ 1,ลำปาง
1034,100,เกาะคา - ห้างฉัตร,3+592,"1,387",68,22,0,5,"2,016",448,73,45,21,"4,085",14.492,4,780,ขท.ลำปางที่ 1,ลำปาง
1034,100,เกาะคา - ห้างฉัตร,13+074,"1,934",260,48,0,13,"1,133",404,78,36,24,"3,930",14.122,46,910,ขท.ลำปางที่ 1,ลำปาง
1035,101,วังหม้อพัฒนา - สำเภาทอง,14+500,"8,280","8,155",721,677,582,"8,682","1,028","1,313","1,161",932,"31,531",18.055,616,7356,ขท.ลำปางที่ 2,ลำปาง
1035,102,สำเภาทอง -  สันติสุข,52+500,"2,989","1,026",821,641,637,"1,956",831,801,856,826,"11,384",40.337,605,2214,ขท.ลำปางที่ 2,ลำปาง
1035,103,สันติสุข  - วังเหนือ,60+900,"2,415","1,550",745,636,546,"2,367",720,555,577,554,"10,665",33.643,557,2219,ขท.ลำปางที่ 2,ลำปาง
1036,100,บ้านฟ่อน - ศูนย์สร้างทางลำปาง,5+600,"1,499",97,28,80,0,"2,339",186,90,134,108,"4,561",13.111,6,1137,ขท.ลำปางที่ 1,ลำปาง
1036,100,บ้านฟ่อน - ศูนย์สร้างทางลำปาง,27+135,473,21,3,0,4,"1,118",224,73,87,90,"2,093",22.838,0,329,ขท.ลำปางที่ 1,ลำปาง
1037,100,ศรีชุม - แม่ทะ,8+500,"4,194","3,771",452,339,301,"3,104",648,524,407,352,"14,092",18.244,204,2646,ขท.ลำปางที่ 1,ลำปาง
1037,100,ศรีชุม - แม่ทะ,17+256,"2,092","1,975",161,133,134,"2,181",513,323,239,156,"7,907",18.945,172,1502,ขท.ลำปางที่ 1,ลำปาง
1039,100,ดงสันเงิน - ขามแดง,5+800,"10,475","10,487",729,718,581,"11,245",718,677,630,577,"36,837",10.59,616,8610,ขท.ลำปางที่ 2,ลำปาง
1040,100,ท่าทอง - หาดกรวด,0+500,"1,285",837,3,6,3,"2,120",155,228,313,112,"5,062",16.14,44,1634,ขท.อุตรดิตถ์ที่ 1,อุตรดิตถ์
1041,100,พระแท่น - อุตรดิตถ์,1+010,"1,313",558,11,6,7,"1,819",108,52,23,4,"3,901",5.127,43,1123,ขท.อุตรดิตถ์ที่ 1,อุตรดิตถ์
1041,100,พระแท่น - อุตรดิตถ์,10+300,"2,539",880,1,1,5,"2,641",140,82,2,6,"6,297",3.748,34,2981,ขท.อุตรดิตถ์ที่ 1,อุตรดิตถ์
1045,100,อุตรดิตถ์ - วังสีสูบ,2+688,"4,334",710,8,3,8,"5,804",277,224,76,22,"11,466",5.32,39,3083,ขท.อุตรดิตถ์ที่ 1,อุตรดิตถ์
1045,201,วังสีสูบ - เขื่อนสิริกิติ์,10+798,"4,909","4,433",75,67,86,"9,939",87,74,52,53,"19,775",2.119,142,9742,ขท.อุตรดิตถ์ที่ 2,อุตรดิตถ์
1045,201,วังสีสูบ - เขื่อนสิริกิติ์,32+373,"3,902","4,573",79,79,107,"4,451",105,92,43,61,"13,492",3.61,113,3866,ขท.อุตรดิตถ์ที่ 2,อุตรดิตถ์
1045,202,เขื่อนสิริกิติ์ - ห้วยหูด,55+986,"1,005",548,21,9,23,"1,606",432,384,13,0,"4,041",21.307,0,1394,ขท.อุตรดิตถ์ที่ 2,อุตรดิตถ์
1046,100,ทุ่งยั้ง - ดงสระแก้ว,0+500,"1,726",382,7,10,9,939,157,84,19,13,"3,346",8.727,16,1976,ขท.อุตรดิตถ์ที่ 1,อุตรดิตถ์
1053,100,ทางเข้าบ้านหลุม,2+500,948,904,2,0,6,52,66,35,14,3,"2,030",6.108,33,963,ขท.สุโขทัย,สุโขทัย
1054,101,บ้านสวน - ตาลเตี้ย,1+100,"2,418",777,15,9,8,110,98,38,43,24,"3,540",6.215,64,2330,ขท.สุโขทัย,สุโขทัย
1055,100,กงไกรลาศ - หนองตูม,4+125,693,444,0,2,6,"1,853",338,235,191,196,"3,958",24.457,39,1217,ขท.พิษณุโลกที่ 1,สุโขทัย
1056,101,ศรีสำโรง - ดอนโก,2+750,"1,207",965,17,25,10,333,149,138,180,67,"3,091",18.408,50,1164,ขท.สุโขทัย,สุโขทัย
1057,100,กกแรต - คลองตะเข้,3+500,"1,720","1,529",0,0,0,869,745,653,691,708,"6,915",40.448,188,1546,ขท.พิษณุโลกที่ 1,สุโขทัย
1058,100,แยกต้นหว้า - พิษณุโลก,0+250,"6,211","5,421",352,346,181,"4,588",936,348,170,77,"18,630",11.047,84,3887,ขท.พิษณุโลกที่ 1,พิษณุโลก
1061,100,แยกเรือนแพ - พิษณุโลก,1+700,"14,203",422,263,10,15,"1,179",190,12,3,3,"16,300",1.429,56,9501,ขท.พิษณุโลกที่ 1,พิษณุโลก
1063,100,พิษณุโลก - บางกระทุ่ม,3+500,"9,002",783,89,0,2,"4,168",330,100,15,23,"14,512",3.239,7,6003,ขท.พิษณุโลกที่ 1,พิษณุโลก
1063,100,พิษณุโลก - บางกระทุ่ม,12+350,"5,276",529,53,0,0,766,339,213,138,26,"7,340",9.755,0,2720,ขท.พิษณุโลกที่ 1,พิษณุโลก
1064,100,พิษณุโลก - บึงพระ,3+000,"10,227",610,124,1,23,"1,598",173,79,23,39,"12,897",2.621,32,6776,ขท.พิษณุโลกที่ 1,พิษณุโลก
1065,101,พรานกระต่าย - หนองกุลา,25+500,"2,115","1,226",2,1,14,"3,825",303,267,287,332,"8,372",14.381,22,3004,ขท.พิษณุโลกที่ 1,กำแพงเพชร
1065,102,หนองกุลา - พิษณุโลก,59+300,"2,071",487,14,8,15,"4,622",352,201,428,317,"8,515",15.514,92,1529,ขท.พิษณุโลกที่ 1,พิษณุโลก
1065,102,หนองกุลา - พิษณุโลก,67+336,"2,703","2,132",152,16,35,"2,824",643,772,632,296,"10,205",23.459,36,1700,ขท.พิษณุโลกที่ 1,พิษณุโลก
1067,102,หอไกร - สี่แยกโพธิ์ไทรงาม,5+300,"2,429","1,604",70,7,5,"2,103",443,225,375,268,"7,529",17.572,2,1179,ขท.พิจิตร,พิจิตร
1068,101,คลองคะเชนทร์ - โพธิ์ประทับช้าง,0+400,"1,834",652,19,13,18,"2,137",162,117,36,54,"5,042",7.933,26,2296,ขท.พิจิตร,พิจิตร
1068,101,คลองคะเชนทร์ - โพธิ์ประทับช้าง,14+500,751,250,4,4,0,"1,080",81,41,4,0,"2,215",5.869,13,722,ขท.พิจิตร,พิจิตร
1069,100,บางมูลนาก - ตลิ่งชัน,5+420,"1,197","1,650",0,0,0,681,89,46,130,38,"3,831",7.909,0,1030,ขท.พิจิตร,พิจิตร
1069,100,บางมูลนาก - ตลิ่งชัน,24+420,516,463,0,0,29,"1,164",130,59,100,11,"2,472",13.309,10,774,ขท.พิจิตร,พิจิตร
1070,101,ตะพานหิน -  ไผ่ท่าโพ,20+000,"2,135","1,021",14,2,0,"1,712",115,172,138,107,"5,416",9.86,12,2979,ขท.พิจิตร,พิจิตร
1072,101,หนองเบน - ลาดยาว,1+000,"4,779","3,048",49,20,23,654,221,106,97,63,"9,060",5.85,59,2085,ขท.นครสวรรค์ที่ 1,นครสวรรค์
1072,102,ลาดยาว - เขาชนกัน,34+509,"3,027","3,551",29,28,25,"2,075",661,517,622,444,"10,979",20.922,25,3277,ขท.นครสวรรค์ที่ 1,นครสวรรค์
1072,102,ลาดยาว - เขาชนกัน,44+500,"1,751","1,815",28,27,21,"1,660",680,538,480,428,"7,428",29.268,22,2074,ขท.นครสวรรค์ที่ 1,นครสวรรค์
1072,201,เขาชนกัน - มอตะแบก,89+190,529,238,7,11,2,"1,256",38,98,39,13,"2,231",9.009,2,715,ขท.กำแพงเพชร,กำแพงเพชร
1073,100,หนองสังข์ - คลองชะแวด,4+130,471,369,8,11,15,582,177,257,181,13,"2,084",31.382,69,742,ขท.นครสวรรค์ที่ 1,นครสวรรค์
1073,100,หนองสังข์ - คลองชะแวด,12+780,"1,066",918,0,0,0,"2,025",161,93,54,47,"4,364",8.135,11,2018,ขท.นครสวรรค์ที่ 1,นครสวรรค์
1073,100,หนองสังข์ - คลองชะแวด,37+795,435,391,0,0,0,748,265,313,246,268,"2,666",40.96,26,532,ขท.นครสวรรค์ที่ 1,นครสวรรค์
1073,200,คลองชะแวด - สี่แยกโพธิ์ไทรงาม,43+295,913,730,0,0,0,749,115,79,57,29,"2,672",10.479,9,444,ขท.พิจิตร,พิจิตร
1074,101,สลกบาตร - ทุ่งสนุ่น,2+000,"2,825","2,088",45,15,9,"4,573",361,303,319,239,"10,777",11.562,5,2235,ขท.กำแพงเพชร,กำแพงเพชร
1074,200,บึงบ้าน - สี่แยกหนองหัวปลวก,59+595,840,797,0,0,1,"1,384",724,414,163,112,"4,435",31.883,394,549,ขท.พิจิตร,พิจิตร
1081,101,ปัว - ดอนมูล,6+000,"1,943",384,30,6,4,666,290,165,33,8,"3,529",14.338,141,1305,ขท.น่านที่ 2,น่าน
1081,101,ปัว - ดอนมูล,12+625,"1,983",687,29,3,0,722,323,79,23,7,"3,856",11.281,159,1248,ขท.น่านที่ 2,น่าน
1081,102,หลักลาย - บ่อเกลือ,49+150,394,365,1,0,0,90,95,59,0,0,"1,004",15.339,0,238,ขท.น่านที่ 2,น่าน
1081,102,หลักลาย - บ่อเกลือ,70+892,321,169,77,20,0,47,59,41,1,0,735,16.463,22,215,ขท.น่านที่ 2,น่าน
1081,103,บ่อเกลือ - เฉลิมพระเกียรติ,101+392,408,364,0,0,0,59,186,0,0,0,"1,017",18.289,0,438,ขท.น่านที่ 2,น่าน
1081,103,บ่อเกลือ - เฉลิมพระเกียรติ,148+942,523,263,0,0,0,0,159,162,0,0,"1,107",28.997,0,494,ขท.น่านที่ 2,น่าน
1081,200,ดอนมูล - หลักลาย,29+150,"1,316",525,8,5,4,243,162,141,56,12,"2,472",15.372,57,1232,ขท.น่านที่ 1,น่าน
1083,100,ห้วยน้อยกา - เด่นชาติ,0+900,559,11,0,0,0,13,35,24,45,0,687,15.138,9,629,ขท.อุตรดิตถ์ที่ 2,อุตรดิตถ์
1083,100,ห้วยน้อยกา - เด่นชาติ,11+824,425,11,0,0,0,9,29,16,11,0,501,11.178,2,444,ขท.อุตรดิตถ์ที่ 2,อุตรดิตถ์
1083,200,เด่นชาติ - นาน้อย,74+524,845,44,0,2,1,99,90,2,0,0,"1,083",8.772,32,973,ขท.น่านที่ 1,น่าน
1084,100,ป่าแดง - หาดชะอม,3+315,895,593,26,5,11,"1,569",168,151,132,163,"3,713",16.967,18,1086,ขท.นครสวรรค์ที่ 1,นครสวรรค์
1084,100,ป่าแดง - หาดชะอม,41+373,320,227,0,9,0,"1,294",100,109,81,67,"2,207",16.584,39,942,ขท.นครสวรรค์ที่ 1,นครสวรรค์
1084,200,หาดชะอม - กำแพงเพชร,50+373,527,683,55,3,0,467,70,73,59,34,"1,971",12.126,16,574,ขท.กำแพงเพชร,กำแพงเพชร
1084,200,หาดชะอม - กำแพงเพชร,85+516,"1,132",408,5,3,4,"2,504",146,124,218,152,"4,696",13.778,23,1339,ขท.กำแพงเพชร,กำแพงเพชร
1084,200,หาดชะอม - กำแพงเพชร,113+516,"2,114",639,2,3,3,"4,109",210,121,205,84,"7,490",8.358,11,2490,ขท.กำแพงเพชร,กำแพงเพชร
1086,100,พิษณุโลก - มะขามสูง,2+000,"11,238",486,131,18,6,"1,504",224,9,6,2,"13,624",1.945,89,7995,ขท.พิษณุโลกที่ 1,พิษณุโลก
1087,100,ลี้ - ก้อทุ่ง,15+400,624,663,31,4,3,474,212,5,2,1,"2,019",11.243,28,594,ขท.ลำพูน,ลำพูน
1088,101,ออบหลวง - สะพานห้วยแม่เม็ง,9+000,375,125,45,6,0,426,182,115,76,1,"1,351",28.127,4,290,ขท.เชียงใหม่ที่ 1,เชียงใหม่
1088,102,สะพานห้วยแม่เม็ง - แม่ซา,50+142,296,83,19,0,1,519,30,5,2,0,955,3.979,0,329,ขท.เชียงใหม่ที่ 1,เชียงใหม่
1089,100,ผาเดื่อ - ห้วยหินฝน,2+000,37,7,2,0,0,97,9,0,0,0,152,5.921,15,125,ขท.เชียงรายที่ 1,เชียงราย
1090,101,แม่สอด - ห้วยน้ำริน,17+000,"2,706",209,133,1,4,"5,320",236,169,148,70,"8,996",6.981,11,957,ขท.ตากที่ 2 (แม่สอด),ตาก
1090,101,แม่สอด - ห้วยน้ำริน,22+137,401,328,11,4,6,"1,247",240,206,143,81,"2,667",25.497,90,357,ขท.ตากที่ 2 (แม่สอด),ตาก
1090,101,แม่สอด - ห้วยน้ำริน,37+839,"2,018","1,729",123,16,11,"3,686",147,116,68,46,"7,960",5.075,101,1195,ขท.ตากที่ 2 (แม่สอด),ตาก
1090,102,ห้วยน้ำริน - อุ้มผาง,89+089,136,408,36,0,0,651,87,101,1,0,"1,420",13.31,0,352,ขท.ตากที่ 2 (แม่สอด),ตาก
1090,103,อุ้มผาง - กะแง่คี,167+799,306,555,20,0,0,378,38,2,0,0,"1,299",3.079,6,1206,ขท.ตากที่ 2 (แม่สอด),ตาก
1091,101,จุน - ห้วยคอกหมู,5+000,"1,248",578,4,6,3,"2,092",232,91,98,8,"4,360",10.046,7,1220,ขท.พะเยา,พะเยา
1091,101,จุน - ห้วยคอกหมู,6+925,"2,148",237,8,4,3,53,233,106,155,8,"2,955",17.225,26,793,ขท.พะเยา,พะเยา
1091,102,ห้วยคอกหมู - ป่าแดง,34+000,335,98,34,2,2,"1,076",115,21,36,18,"1,737",11.169,2,548,ขท.พะเยา,พะเยา
1091,103,ป่าแดง - ปงสนุก,58+600,498,222,3,2,8,"1,291",228,72,42,5,"2,371",15.057,3,634,ขท.พะเยา,พะเยา
1091,200,ปงสนุก - น่าน,86+327,129,78,0,0,0,526,67,17,7,2,826,11.259,0,370,ขท.น่านที่ 1,น่าน
1091,200,ปงสนุก - น่าน,134+527,"11,628",720,16,2,5,"9,574",534,185,150,80,"22,894",4.176,112,8147,ขท.น่านที่ 1,น่าน
1092,100,ปง - ปัวดอย,5+000,784,389,4,7,0,"1,628",316,58,50,5,"3,241",13.453,4,795,ขท.พะเยา,พะเยา
1092,200,ปัวดอย - สิบสองพัฒนา,16+000,587,489,0,0,0,"1,409",625,171,126,117,"3,524",29.484,284,1760,ขท.น่านที่ 2,พะเยา
1093,100,สบบง - ขุนห้วยไคร้,5+000,548,235,11,9,0,"1,097",93,13,7,0,"2,013",6.061,11,839,ขท.พะเยา,พะเยา
1093,200,ขุนห้วยไคร้ - ผาตั้ง,53+926,859,468,31,8,6,"1,777",145,114,27,24,"3,459",9.367,113,1048,ขท.เชียงรายที่ 2,เชียงราย
1093,200,ขุนห้วยไคร้ - ผาตั้ง,65+426,"1,078",538,43,11,3,"1,755",123,131,37,11,"3,730",8.472,118,1406,ขท.เชียงรายที่ 2,เชียงราย
1095,100,หนองโค้ง - กิ่วคอหมา,0+700,"3,424",93,25,17,0,421,494,324,120,9,"4,927",19.566,30,1442,ขท.เชียงใหม่ที่ 3,เชียงใหม่
1095,100,หนองโค้ง - กิ่วคอหมา,14+584,889,144,78,73,0,621,94,50,13,4,"1,966",11.902,17,440,ขท.เชียงใหม่ที่ 3,เชียงใหม่
1095,100,หนองโค้ง - กิ่วคอหมา,36+284,576,98,11,10,2,929,96,15,13,2,"1,752",7.877,4,343,ขท.เชียงใหม่ที่ 3,เชียงใหม่
1095,201,กิ่วคอหมา - แม่นะ,88+417,"1,265",76,7,26,0,336,117,26,16,2,"1,871",9.995,3,721,ขท.แม่ฮ่องสอน,แม่ฮ่องสอน
1095,202,แม่นะ - ท่าไคร้,130+284,297,176,27,0,0,239,153,59,33,6,990,25.354,56,368,ขท.แม่ฮ่องสอน,แม่ฮ่องสอน
1095,203,ท่าไคร้ - แม่ฮ่องสอน,201+034,"1,247",347,103,8,1,"1,251",112,30,4,3,"3,106",5.087,2,2489,ขท.แม่ฮ่องสอน,แม่ฮ่องสอน
1096,100,แม่ริม -ปางดะ,3+400,"3,852",65,31,0,0,779,153,38,9,0,"4,927",4.059,24,1414,ขท.เชียงใหม่ที่ 2,เชียงใหม่
1097,100,เชียงกลาง - หางทุ่ง,1+500,"1,671","1,341",0,0,0,"1,269",978,703,3,0,"5,965",28.231,246,1724,ขท.น่านที่ 2,น่าน
1098,101,กิ่วพร้าว - ท่าข้าวเปลือก,4+450,554,236,146,134,97,"1,620",344,176,230,137,"3,674",30.43,157,679,ขท.เชียงรายที่ 2,เชียงราย
1098,102,ท่าข้าวเปลือก - แก่นใต้,30+060,383,344,77,41,40,"2,248",126,68,48,34,"3,409",10.472,73,1536,ขท.เชียงรายที่ 2,เชียงราย
1098,102,ท่าข้าวเปลือก - แก่นใต้,50+000,"1,318",497,51,24,16,"2,811",124,110,108,64,"5,123",8.706,119,1687,ขท.เชียงรายที่ 2,เชียงราย
1099,100,บ่อหลวง - แม่ตื่น,1+600,674,425,16,6,0,677,488,202,130,2,"2,620",31.603,3,746,ขท.เชียงใหม่ที่ 1,เชียงใหม่
1101,100,ทุ่งโฮ้ง - ป่าแดง,1+036,"1,256",783,54,0,0,"2,230",194,69,54,0,"4,640",6.832,41,2147,ขท.แพร่,แพร่
1102,100,พระบาท - บ้านเหล่า,2+500,"1,049",15,44,16,3,93,99,57,38,0,"1,414",15.064,60,919,ขท.ลำปางที่ 1,ลำปาง
1103,100,ลี้ - พระบาทตะเมาะ,3+000,"1,065",143,0,0,0,214,208,108,46,33,"1,817",21.739,15,502,ขท.ลำพูน,ลำพูน
1103,200,พระบาทตะเมาะ  - ฮอด,66+600,"2,776",164,0,3,1,"2,238",192,76,54,22,"5,526",6.298,3,2174,ขท.เชียงใหม่ที่ 1,เชียงใหม่
1105,100,ไฮ้ฮ้า - งิ้วงาม,1+485,145,865,65,0,3,"3,462",97,0,0,0,"4,637",2.157,64,2766,ขท.อุตรดิตถ์ที่ 2,อุตรดิตถ์
1106,100,วังสีสูบ - ผาเลือด,3+000,"2,559","2,647",85,0,0,"3,817",111,111,0,0,"9,330",2.379,92,3492,ขท.อุตรดิตถ์ที่ 2,อุตรดิตถ์
1107,101,เชิงสะพานกิตติขจร - หนองบัวเหนือ,1+400,"1,095",155,7,3,0,740,77,6,5,2,"2,090",4.45,71,1048,ขท.ตากที่ 1,ตาก
1107,102,หนองบัวเหนือ - ท่าปุย,31+215,549,341,49,10,0,951,91,46,12,10,"2,059",8.208,38,1077,ขท.ตากที่ 1,ตาก
1108,100,ค่ายพระเจ้าตาก - นาโบสถ์,1+000,155,350,2,1,0,278,29,19,3,2,839,6.436,6,524,ขท.ตากที่ 1,ตาก
1109,100,วังเจ้า - โละโคะ,3+000,253,95,1,1,0,777,29,21,19,3,"1,199",6.088,24,566,ขท.กำแพงเพชร,กำแพงเพชร
1110,100,ประดาง - วังเจ้า,25+000,397,161,33,13,0,"1,758",39,13,9,2,"2,425",3.134,30,1649,ขท.ตากที่ 1,ตาก
1112,101,สลกบาตร - บ่อถ้ำ,2+000,"2,034",694,20,25,2,"2,379",110,117,180,63,"5,624",8.837,15,1522,ขท.กำแพงเพชร,กำแพงเพชร
1114,100,สันติบันเทิง - บางกระทุ่ม,3+000,"1,196",162,0,0,0,572,242,131,57,23,"2,383",19.01,14,889,ขท.พิษณุโลกที่ 1,พิษณุโลก
1115,100,สากเหล็ก - น้อยซุ้มขี้เหล็ก,3+500,931,285,11,0,0,"1,766",90,77,47,33,"3,240",7.623,3,1240,ขท.พิจิตร,พิจิตร
1115,200,น้อยซุ้มขี้เหล็ก - บ้านมุง,18+900,"2,658",169,82,2,0,"1,219",95,58,92,22,"4,397",6.118,8,2086,ขท.พิษณุโลกที่ 2 (วังทอง),พิษณุโลก
1116,101,นครชุม - มอเจริญ,1+500,"6,390",515,17,19,3,"1,703",151,80,74,29,"8,981",3.964,26,3447,ขท.กำแพงเพชร,กำแพงเพชร
1117,100,คลองแม่ลาย - อุ้มผาง,1+500,"1,732",264,15,10,18,909,151,146,27,22,"3,294",11.354,22,982,ขท.กำแพงเพชร,กำแพงเพชร
1117,100,คลองแม่ลาย - อุ้มผาง,46+000,320,245,0,1,1,773,38,70,0,1,"1,449",7.66,29,1679,ขท.กำแพงเพชร,กำแพงเพชร
1118,100,ท่าพุทรา - เนินมะกอก,9+700,326,138,0,0,3,809,38,52,21,1,"1,388",8.285,1,768,ขท.นครสวรรค์ที่ 2 (ตากฟ้า),นครสวรรค์
1118,200,เนินมะกอก - บางมูลนาก,14+677,"1,355",375,19,0,4,203,77,43,24,8,"2,108",7.4,24,972,ขท.พิจิตร,พิจิตร
1119,101,น้ำสาดเหนือ - หนองผักหวาน,0+500,506,98,1,0,0,619,75,55,29,10,"1,393",12.132,110,1598,ขท.นครสวรรค์ที่ 2 (ตากฟ้า),นครสวรรค์
1120,100,สอง - แม่เต้น,2+000,"1,665","1,136",120,77,97,"2,888",295,187,115,83,"6,663",12.817,29,1635,ขท.แพร่,แพร่
1120,200,แม่เต้น - เชียงม่วน,44+000,167,46,5,0,0,776,80,22,70,0,"1,166",14.751,0,654,ขท.พะเยา,พะเยา
1121,100,วัดโบสถ์ - แม่น้ำแควน้อย,0+264,"1,174","1,035",19,13,21,"1,161",31,40,34,30,"3,558",4.75,11,827,ขท.พิษณุโลกที่ 2 (วังทอง),พิษณุโลก
1124,100,ท่าผา - ปางกุ่ม,8+434,565,50,0,0,3,55,39,15,1,0,728,7.967,0,335,ขท.ลำปางที่ 1,ลำปาง
1124,200,ปางกุ่ม - วังชิ้น,38+907,"1,636","1,385",78,68,34,935,226,121,91,49,"4,623",12.741,32,1752,ขท.แพร่,แพร่
1125,100,นาปลากั้ง - วังชิ้น,5+800,"1,643","1,393",75,65,41,"1,001",209,149,113,66,"4,755",13.523,31,1744,ขท.แพร่,แพร่
1126,100,พาน - บ้านวัง,4+000,"1,623","1,171",21,29,29,"4,735",474,256,186,142,"8,666",12.878,275,2498,ขท.เชียงรายที่ 2,เชียงราย
1126,100,พาน - บ้านวัง,35+050,"1,491","1,095",27,8,11,"3,498",434,285,221,168,"7,238",15.571,314,2374,ขท.เชียงรายที่ 2,เชียงราย
1126,200,บ้านวัง - ห้วยงิ้ว,56+500,443,126,3,1,0,793,78,298,78,18,"1,838",25.734,22,511,ขท.พะเยา,พะเยา
1128,100,เชียงเคี่ยน - ป่าแงะ,4+000,791,791,25,23,25,"2,683",124,143,99,72,"4,776",10.176,149,587,ขท.เชียงรายที่ 2,เชียงราย
1130,100,ป่าซาง - กิ่วสะไต,1+000,721,473,41,0,0,"1,561",112,87,39,8,"3,042",8.087,38,852,ขท.เชียงรายที่ 1,เชียงราย
1130,100,ป่าซาง - กิ่วสะไต,19+553,336,114,30,0,0,923,67,12,5,3,"1,490",5.839,18,388,ขท.เชียงรายที่ 1,เชียงราย
1130,100,ป่าซาง - กิ่วสะไต,37+053,483,98,29,0,0,339,22,7,1,2,981,3.262,30,549,ขท.เชียงรายที่ 1,เชียงราย
1132,101,วังประจบ - ลานทอง,2+083,349,133,5,2,2,928,85,17,143,60,"1,724",17.923,8,747,ขท.ตากที่ 1,ตาก
1132,102,ลานทอง - พรานกระต่าย,41+083,638,219,7,2,2,"1,477",132,335,584,320,"3,716",37.002,40,1113,ขท.ตากที่ 1,กำแพงเพชร
1134,101,โจโก้ - บ้านเวียง,0+500,"1,122",812,86,0,0,"1,097",123,71,56,0,"3,367",7.425,22,1317,ขท.แพร่,แพร่
1136,100,เหมืองง่า - ลำพูน,1+800,"14,844",544,132,122,23,196,327,157,162,105,"16,612",5.394,53,10478,ขท.ลำพูน,ลำพูน
1141,100,ดอนจั่น - เชียงใหม่,7+000,"83,098","4,985","3,459",96,"3,205","5,102","3,615",134,64,54,"103,812",6.905,298,22870,ขท.เชียงใหม่ที่ 2,เชียงใหม่
1143,101,นครไทย - น้ำคลาด,3+000,"2,561","2,106",33,5,5,"1,211",257,108,86,1,"6,373",7.249,48,2108,ขท.พิษณุโลกที่ 2 (วังทอง),พิษณุโลก
1143,102,น้ำคลาด - ปางหมิ่น,47+000,401,121,9,2,2,"1,360",90,66,87,41,"2,179",13.217,43,806,ขท.พิษณุโลกที่ 2 (วังทอง),พิษณุโลก
1143,200,ปางหมิ่น - บ้านแพะ,77+000,375,163,2,2,1,708,72,27,65,62,"1,477",15.504,6,334,ขท.อุตรดิตถ์ที่ 1,อุตรดิตถ์
1145,100,ตากฟ้า - หัวถนน,20+666,571,148,0,1,0,"1,488",109,139,129,165,"2,750",19.745,19,319,ขท.นครสวรรค์ที่ 2 (ตากฟ้า),นครสวรรค์
1147,100,สันป่าฝ้าย - ห้วยไซ,1+000,"5,688","1,472",68,46,72,"7,716",375,159,66,25,"15,687",4.736,0,7223,ขท.ลำพูน,ลำพูน
1148,101,ท่าวังผา - ผาหลัก,2+000,"1,868","1,362",0,2,0,"1,532","1,223",898,8,0,"6,893",30.915,247,2244,ขท.น่านที่ 2,น่าน
1148,101,ท่าวังผา - ผาหลัก,47+500,"1,816","1,392",0,2,0,"1,315","1,020",807,1,0,"6,353",28.805,221,2126,ขท.น่านที่ 2,น่าน
1148,103,สะเกิน - สบทุ,82+000,588,470,2,0,0,"1,414",614,122,81,72,"3,363",26.435,195,1897,ขท.น่านที่ 2,พะเยา
1148,103,สะเกิน - สบทุ,95+200,642,580,2,0,0,"1,564",699,171,121,103,"3,882",28.181,260,4203,ขท.น่านที่ 2,พะเยา
1148,200,สบทุ - บ้านหย่วน,111+404,"1,587",117,4,1,1,"2,871",124,18,14,4,"4,741",3.417,23,2578,ขท.พะเยา,พะเยา
1149,100,ห้วยไคร้ - ห้วยน้ำริน,3+150,164,109,17,28,0,570,19,0,0,0,907,5.182,13,682,ขท.เชียงรายที่ 1,เชียงราย
1149,100,ห้วยไคร้ - ห้วยน้ำริน,13+000,53,46,0,0,0,88,0,0,0,0,187,0,2,167,ขท.เชียงรายที่ 1,เชียงราย
1149,100,ห้วยไคร้ - ห้วยน้ำริน,28+860,56,44,0,0,0,52,0,0,0,0,152,0,0,178,ขท.เชียงรายที่ 1,เชียงราย
1150,101,ปิงโค้ง - กิ่วไฮ,12+250,923,309,37,18,19,"1,575",23,13,9,3,"2,929",2.902,13,865,ขท.เชียงใหม่ที่ 3,เชียงใหม่
1150,102,กิ่วไฮ - ขุนแจ๋,45+200,159,19,7,0,0,571,42,3,0,0,801,5.618,20,440,ขท.เชียงใหม่ที่ 3,เชียงใหม่
1150,200,ขุนแจ๋ - เวียงป่าเป้า,82+000,"2,202","2,294",394,0,0,"2,435",589,177,0,0,"8,091",9.467,207,1893,ขท.เชียงรายที่ 1,เชียงราย
1152,100,หัวดอย - บ้านดอน,9+000,"3,430","2,032",138,123,19,"5,064","2,065","2,092","1,639","1,476","18,078",41.011,1229,3771,ขท.เชียงรายที่ 1,เชียงราย
1152,201,บ้านดอน - พญาเม็งราย,32+000,"1,894","1,348",54,31,39,"3,605",177,86,46,35,"7,315",5.66,195,2676,ขท.เชียงรายที่ 2,เชียงราย
1154,100,สอง - แก่งเสือเต้น,4+856,"1,827","1,446",150,92,124,"4,093",329,229,124,81,"8,495",11.524,45,3506,ขท.แพร่,แพร่
1154,100,สอง - แก่งเสือเต้น,17+156,"1,718","1,049",90,70,97,"2,792",304,183,102,68,"6,473",12.73,20,1139,ขท.แพร่,แพร่
1154,200,แก่งเสือเต้น - ดอนไชย,34+556,703,565,368,402,423,798,521,454,365,395,"4,994",51.262,333,639,ขท.ลำปางที่ 2,ลำปาง
1154,200,แก่งเสือเต้น - ดอนไชย,57+056,"2,536","2,354",414,402,372,"2,422","1,004",376,382,374,"10,636",27.36,450,2736,ขท.ลำปางที่ 2,ลำปาง
1155,101,บ้านปี้ - ทรายกาด,10+000,381,197,51,22,14,"2,212",184,160,60,53,"3,334",14.787,191,1143,ขท.เชียงรายที่ 2,เชียงราย
1155,102,ทรายกาด - บ้านลุง,37+000,835,751,12,4,1,"1,152",327,261,51,49,"3,443",20.128,193,1109,ขท.เชียงรายที่ 2,เชียงราย
1155,102,ทรายกาด - บ้านลุง,45+300,907,619,16,4,1,"1,263",287,206,46,42,"3,391",17.281,131,1176,ขท.เชียงรายที่ 2,เชียงราย
1155,102,ทรายกาด - บ้านลุง,80+300,604,318,19,12,19,"1,691",218,213,72,53,"3,219",18.235,119,1246,ขท.เชียงรายที่ 2,เชียงราย
1156,100,สบทา - ท่าลี่,0+300,"1,265",275,4,24,3,608,134,31,48,20,"2,412",10.779,5,789,ขท.ลำพูน,ลำพูน
1157,100,ท่าล้อ - เมืองปาน,5+400,"7,857","7,610",708,623,404,"8,162",707,791,371,302,"27,535",11.614,498,6642,ขท.ลำปางที่ 2,ลำปาง
1162,100,ไผ่งาม - น้ำมวบ,1+150,699,352,120,13,0,760,304,124,39,1,"2,412",19.942,68,817,ขท.น่านที่ 1,น่าน
1163,100,ร่วมจิต - น้ำพร้า,0+500,"3,761","3,352",107,0,83,"3,658",97,71,55,0,"11,184",2.736,67,3260,ขท.อุตรดิตถ์ที่ 2,อุตรดิตถ์
1163,100,ร่วมจิต - น้ำพร้า,14+741,"1,183",109,97,71,0,"3,436",89,51,0,0,"5,036",4.19,76,2881,ขท.อุตรดิตถ์ที่ 2,อุตรดิตถ์
1166,100,วังโป่ง - ดารา,4+000,201,18,1,0,0,487,49,17,2,0,775,8.774,10,847,ขท.อุตรดิตถ์ที่ 1,อุตรดิตถ์
1167,100,แม่กลองใหม่ - เขตแดนไทย/พม่า,1+000,332,367,11,2,0,331,66,60,0,0,"1,169",10.95,6,893,ขท.ตากที่ 2 (แม่สอด),ตาก
1168,101,น่าน - น้ำใส,6+000,501,112,10,1,2,518,109,28,2,0,"1,283",11.068,8,737,ขท.น่านที่ 1,น่าน
1168,102,น้ำใส - น้ำตวง,39+252,636,371,2,1,0,276,117,48,1,0,"1,452",11.501,20,957,ขท.น่านที่ 1,น่าน
1169,101,ท่าล้อ - เมืองหลวง,7+000,"1,298",49,10,0,3,737,75,5,1,0,"2,178",3.857,20,1131,ขท.น่านที่ 1,น่าน
1170,100,ท่าวังผา - ดอนมูล,3+500,"1,196",800,143,119,0,659,489,35,10,0,"3,451",18.922,420,830,ขท.น่านที่ 2,น่าน
1173,100,ศรีเวียง - แม่เลียบ,1+000,"1,417",122,79,32,23,"4,223",92,99,35,27,"6,149",5.009,160,2442,ขท.เชียงรายที่ 2,เชียงราย
1173,100,ศรีเวียง - แม่เลียบ,16+800,"1,165",326,64,51,35,"3,662",204,84,36,27,"5,654",7.729,190,2245,ขท.เชียงรายที่ 2,เชียงราย
1174,101,ป่ามื่น - แม่ต๋ำน้อย,1+000,"2,022",533,299,310,273,"5,193",422,431,414,389,"10,286",21.767,309,1452,ขท.เชียงรายที่ 2,เชียงราย
1174,101,ป่ามื่น - แม่ต๋ำน้อย,27+088,"1,715",670,173,185,190,"5,130",356,337,338,345,"9,439",18.551,260,1608,ขท.เชียงรายที่ 2,เชียงราย
1174,102,แม่ต๋ำน้อย - ทุ่งงิ้ว,80+182,"1,920","1,741",228,176,113,"4,788",798,716,301,276,"11,057",21.525,201,1002,ขท.เชียงรายที่ 2,เชียงราย
1175,100,แม่ระมาด - ห้วยส้มป่อย,3+106,414,458,29,9,5,419,117,44,30,54,"1,579",16.403,31,699,ขท.ตากที่ 2 (แม่สอด),ตาก
1175,200,ห้วยส้มป่อย - เจดีย์ยุทธหัตถี,77+606,279,152,34,10,3,816,43,21,2,2,"1,362",5.947,33,731,ขท.ตากที่ 1,ตาก
1176,100,ท่าโพธิ์ - บ้านสวน,0+500,719,737,101,97,113,647,355,371,208,208,"3,556",38.02,334,650,ขท.อุตรดิตถ์ที่ 2,อุตรดิตถ์
1177,100,ดอนระเบียง - ป่าไร่หลวง,2+000,436,"1,035",48,12,8,231,149,111,77,26,"2,133",17.956,13,745,ขท.สุโขทัย,สุโขทัย
1177,100,ดอนระเบียง - ป่าไร่หลวง,32+082,451,"1,044",50,14,9,224,157,111,86,25,"2,171",18.517,13,745,ขท.สุโขทัย,สุโขทัย
1178,101,แม่ข้อน - นาหวาย,1+000,"1,346",291,48,54,22,"3,044",69,23,18,8,"4,923",3.941,11,1134,ขท.เชียงใหม่ที่ 3,เชียงใหม่
1178,101,แม่ข้อน - นาหวาย,24+000,"1,081",119,53,16,15,"1,964",29,8,1,1,"3,287",2.13,13,943,ขท.เชียงใหม่ที่ 3,เชียงใหม่
1178,102,นาหวาย - สินไชย,33+250,267,66,56,0,0,976,70,9,8,1,"1,453",6.056,1,876,ขท.เชียงใหม่ที่ 3,เชียงใหม่
1179,100,ฝายกวาง - ดอนเงิน,1+000,601,380,8,4,0,"1,156",147,56,23,10,"2,385",10.063,11,487,ขท.พะเยา,พะเยา
1180,100,สวรรคโลก - ปลายราง,7+250,"1,339",169,6,0,0,923,80,80,32,11,"2,640",7.689,24,769,ขท.สุโขทัย,สุโขทัย
1180,100,สวรรคโลก - ปลายราง,25+500,"1,304",107,8,0,1,506,45,29,16,9,"2,025",4.938,47,1061,ขท.สุโขทัย,สุโขทัย
1181,100,แม่แก้วเหนือ - ใหม่ใน,1+000,"1,816","1,765",150,118,16,"2,657","1,569","1,470","1,439","1,424","12,424",48.583,1197,2521,ขท.เชียงรายที่ 1,เชียงราย
1182,101,แยกนวมินทร์ - หาดเสลา,11+500,"1,721",549,17,0,0,"2,546",185,91,41,38,"5,188",6.843,11,2130,ขท.นครสวรรค์ที่ 1,นครสวรรค์
1184,100,แม่อาว - ดอนมูล,6+000,666,546,28,0,0,"1,847",343,228,0,0,"3,658",15.61,20,1416,ขท.ลำพูน,ลำพูน
1184,100,แม่อาว - ดอนมูล,72+000,753,626,11,0,0,"1,869",406,279,0,0,"3,944",17.368,14,1450,ขท.ลำพูน,ลำพูน
1186,100,น้ำแวน - ทุ่งหล่ม,1+000,537,245,1,0,3,959,144,44,25,4,"1,962",11.213,95,757,ขท.พะเยา,พะเยา
1188,100,ปง - ห้วยกอก,0+860,674,226,6,5,2,"1,860",100,24,26,7,"2,930",5.597,67,2173,ขท.พะเยา,พะเยา
1188,200,ห้วยกอก - ห้วยอ่วม,44+460,354,236,0,0,0,"1,148",430,88,34,26,"2,316",24.957,226,1486,ขท.น่านที่ 2,พะเยา
1189,200,ช่างเพี้ยน - บ้านธิ,8+141,"1,764","1,105",36,0,4,"3,014",189,16,5,0,"6,133",3.489,7,2375,ขท.ลำพูน,ลำพูน
1190,100,จำบอน - เหมืองง่า,2+600,"1,759","1,888",75,36,15,"2,278","1,315","1,250","1,190","1,119","10,925",45.08,1128,1860,ขท.เชียงรายที่ 1,เชียงราย
1191,100,หนองขนาก - ท้ายดง,0+060,234,99,7,3,0,407,23,15,15,14,817,8.568,3,376,ขท.พิจิตร,พิจิตร
1191,200,ท้ายดง - วังหิน,13+560,465,139,8,4,3,680,140,88,78,51,"1,656",21.981,31,1099,ขท.เพชรบูรณ์ที่ 2 (บึงสามพัน),เพชรบูรณ์
1192,100,อินทนนท์ - แม่แจ่ม,8+350,154,70,16,0,1,739,5,0,0,0,985,0.609,1,189,ขท.เชียงใหม่ที่ 1,เชียงใหม่
1193,100,แม่ต๋ำ - แม่ใจ,4+000,"1,612",532,61,0,0,"1,449",127,26,20,2,"3,829",4.57,54,1606,ขท.พะเยา,พะเยา
1194,100,แม่สะเรียง - แม่สามแลบ,15+200,329,7,0,0,0,298,95,6,2,0,737,13.976,1,552,ขท.แม่ฮ่องสอน,แม่ฮ่องสอน
1195,102,เตว็ดใน - วังไม้ขอน,19+986,"1,949","2,332",104,4,19,381,197,108,64,55,"5,213",8.575,104,1676,ขท.สุโขทัย,สุโขทัย
1196,100,วังโป่ง - ด่านแม่คำมัน,1+000,314,112,3,0,0,855,55,44,54,8,"1,445",11.142,14,695,ขท.อุตรดิตถ์ที่ 1,อุตรดิตถ์
1201,100,สวรรคโลก - ป่ากล้วย,2+200,"1,577",203,3,0,0,123,147,76,41,8,"2,178",12.489,6,682,ขท.สุโขทัย,สุโขทัย
1202,100,พะเยา - สันต้นแหน,5+000,"2,854",718,89,45,42,"2,581",324,198,211,162,"7,224",13.594,132,1710,ขท.พะเยา,พะเยา
1204,101,บึงหลัก - ฟากคลองตรอน,10+022,467,164,5,7,0,"1,029",118,34,37,7,"1,868",10.867,42,1520,ขท.อุตรดิตถ์ที่ 1,อุตรดิตถ์
1204,102,ฟากคลองตรอน - พิชัย,40+743,"1,178",541,0,2,2,"1,479",73,32,65,1,"3,373",5.188,5,1837,ขท.อุตรดิตถ์ที่ 1,อุตรดิตถ์
1205,100,ชนแดน - วังโป่ง,1+000,"2,308",54,31,8,12,"1,062",290,67,29,8,"3,869",10.7,23,1460,ขท.เพชรบูรณ์ที่ 2 (บึงสามพัน),เพชรบูรณ์
1205,100,ชนแดน - วังโป่ง,21+188,"2,264",183,29,6,8,967,99,47,29,9,"3,641",5.438,43,2009,ขท.เพชรบูรณ์ที่ 2 (บึงสามพัน),เพชรบูรณ์
1206,100,ซอโอ - วะเล่ย์,1+700,"1,286","1,800",93,0,0,"4,152",122,161,71,41,"7,726",5.113,61,797,ขท.ตากที่ 2 (แม่สอด),ตาก
1208,100,ร่องขุ่น - สวนดอก,0+100,"2,668","2,832",67,72,16,"2,683",531,518,492,473,"10,352",20.305,644,2424,ขท.เชียงรายที่ 1,เชียงราย
1209,100,บ้านเด่น - ท่าข้าวเปลือก,1+000,"1,827","1,755",15,12,0,"4,415",27,21,19,16,"8,107",1.172,56,2183,ขท.เชียงรายที่ 1,เชียงราย
1210,100,สบสา - ก๊อหลวง,1+000,737,368,31,7,0,"1,340",84,6,7,4,"2,584",4.18,252,1126,ขท.พะเยา,พะเยา
1211,101,หนองเหียง - สวนดอก,1+000,"4,501","2,697",9,9,9,"2,658",77,43,31,33,"10,067",2.007,73,3734,ขท.เชียงรายที่ 1,เชียงราย
1211,102,สวนดอก - ดงมะดะ,23+200,"1,031",58,15,1,1,635,49,13,31,7,"1,841",5.54,5,659,ขท.เชียงรายที่ 1,เชียงราย
1214,101,บ้านแก่ง - น้ำอ่าง,11+500,353,150,0,2,0,857,85,61,44,14,"1,566",13.155,18,982,ขท.อุตรดิตถ์ที่ 1,อุตรดิตถ์
1214,102,น้ำอ่าง - วังผาชัน,13+500,531,177,11,19,0,"1,122",76,40,72,40,"2,088",11.83,16,288,ขท.อุตรดิตถ์ที่ 1,อุตรดิตถ์
1214,102,น้ำอ่าง - วังผาชัน,27+550,424,652,11,48,1,660,44,24,66,69,"1,999",12.606,30,1112,ขท.อุตรดิตถ์ที่ 1,อุตรดิตถ์
1215,100,ห้วยบง - วังผา,0+700,320,319,87,45,53,303,134,118,85,77,"1,541",33.225,105,398,ขท.ตากที่ 2 (แม่สอด),ตาก
1216,100,ห้วยแก๊ต - ขุนสถาน,2+000,496,180,107,0,0,830,86,44,0,0,"1,743",7.458,34,1176,ขท.แพร่,แพร่
1217,100,ปากห้วยอ้อย - วังปึ้ง,0+500,577,454,106,52,0,776,73,52,31,0,"2,121",9.807,27,1368,ขท.แพร่,แพร่
1219,100,แม่เทย - ทุ่งหัวช้าง,0+500,535,420,0,0,0,"1,906",317,204,0,0,"3,382",15.405,40,1602,ขท.ลำพูน,ลำพูน
1221,100,พิจิตร -ท่านา,0+500,"2,515",353,9,0,3,429,133,79,8,28,"3,557",7.057,3,1733,ขท.พิจิตร,พิจิตร
1221,200,ท่านา - ท่ามะขาม,9+000,"1,301",709,0,0,0,887,130,71,34,17,"3,149",8.003,0,1120,ขท.พิษณุโลกที่ 1,พิษณุโลก
1222,100,บ้านหงาว - บ้านเหล่า,1+000,531,324,50,14,18,"2,241",208,63,21,23,"3,493",9.934,262,1531,ขท.เชียงรายที่ 2,เชียงราย
1225,101,ภูแยง - ปางช้าง,3+200,"1,012",228,19,6,0,202,150,58,32,7,"1,714",14.761,105,979,ขท.น่านที่ 1,น่าน
1225,102,ปางช้าง - นาบัว,24+200,369,25,0,0,0,27,22,14,0,0,457,7.877,27,316,ขท.น่านที่ 1,น่าน
1226,100,จ่าโบ่ -  ปางคาม,0+500,121,143,8,0,0,194,64,32,5,0,567,17.813,0,345,ขท.แม่ฮ่องสอน,แม่ฮ่องสอน
1226,100,จ่าโบ่ -  ปางคาม,9+515,81,67,0,0,0,107,24,2,0,0,281,9.253,4,135,ขท.แม่ฮ่องสอน,แม่ฮ่องสอน
1229,100,บ้านใหม่ - เปาสามขา,9+500,583,425,0,0,0,822,12,16,0,0,"1,858",1.507,24,893,ขท.เชียงใหม่ที่ 2,เชียงใหม่
1230,100,บ้านใหม่ - ห้วยแก้ว,0+500,336,0,0,0,0,606,4,0,0,0,946,0.423,0,651,ขท.เชียงใหม่ที่ 2,เชียงใหม่
1232,100,อนุสาวรีย์พ่อขุนเม็งราย - เวียงชัย,3+000,"1,898","2,399",0,0,0,"1,821",18,0,0,4,"6,140",0.358,26,2464,ขท.เชียงรายที่ 1,เชียงราย
1233,100,ศรีทรายมูล - บ้านด้าย,2+000,"8,631","3,546",10,15,22,"5,287",17,18,17,20,"17,583",0.62,29,6166,ขท.เชียงรายที่ 1,เชียงราย
1234,100,ทางเข้าพระบรมธาตุเจดีย์ศรีนครินทร์ฯ,1+500,46,11,0,0,0,89,17,2,0,0,165,11.515,34,270,ขท.เชียงรายที่ 1,เชียงราย
1237,100,ชาติตระการ - ชำนาญจุ้ย,12+200,246,55,3,0,0,934,71,7,6,0,"1,322",6.354,25,682,ขท.พิษณุโลกที่ 2 (วังทอง),พิษณุโลก
1237,100,ชาติตระการ - ชำนาญจุ้ย,24+687,278,158,2,0,0,740,149,46,10,1,"1,384",14.884,13,399,ขท.พิษณุโลกที่ 2 (วังทอง),พิษณุโลก
1242,100,โค้งวิไล - เขาน้ำอุ่น,1+000,611,209,1,1,4,"1,597",117,196,385,21,"3,142",23.043,8,760,ขท.กำแพงเพชร,กำแพงเพชร
1243,100,ปางไฮ - ห้วยไผ่,15+033,420,12,0,0,0,14,28,20,24,0,518,13.9,0,578,ขท.อุตรดิตถ์ที่ 2,อุตรดิตถ์
1243,201,ห้วยไผ่ - หาดไร่,79+433,484,225,41,22,15,762,239,60,21,5,"1,874",19.317,27,583,ขท.น่านที่ 1,น่าน
1243,202,หาดไร่ - นาเซีย,107+733,457,238,0,0,0,161,65,14,3,0,938,8.742,28,662,ขท.น่านที่ 1,น่าน
1244,100,น้ำอ่าง - น้ำพี้,0+500,110,48,5,2,0,341,29,18,40,9,602,16.279,9,150,ขท.อุตรดิตถ์ที่ 1,อุตรดิตถ์
1246,100,หนองกวาง - แสนขัน,10+000,789,147,1,1,2,178,86,54,117,62,"1,437",22.408,19,526,ขท.อุตรดิตถ์ที่ 1,อุตรดิตถ์
1246,100,หนองกวาง - แสนขัน,17+000,"1,043",326,16,4,1,847,158,123,172,132,"2,822",20.907,14,1063,ขท.อุตรดิตถ์ที่ 1,อุตรดิตถ์
1249,100,แม่งอน - หนองเต่า,5+000,241,173,23,0,0,106,21,0,0,0,564,3.723,21,225,ขท.เชียงใหม่ที่ 3,เชียงใหม่
1250,100,ไม้แงะ - ท่าโป่งแดง,0+500,289,103,28,13,3,"1,194",38,7,0,0,"1,675",3.642,26,1845,ขท.แม่ฮ่องสอน,แม่ฮ่องสอน
1251,101,ดอกคำใต้ - บ้านถ้ำ,5+000,"1,555",454,22,36,19,134,58,12,4,1,"2,295",5.664,43,639,ขท.พะเยา,พะเยา
1251,102,บ้านถ้ำ - เชียงม่วน,58+000,287,52,0,0,0,"1,117",97,10,5,0,"1,568",7.143,0,1055,ขท.พะเยา,พะเยา
1252,100,ปางแฟน - แม่ตอนหลวง,19+300,538,445,0,0,0,706,71,0,0,0,"1,760",4.034,0,675,ขท.เชียงใหม่ที่ 2,เชียงใหม่
1252,200,แม่ตอนหลวง  - ข่วงกอม,50+589,"1,210","1,329",694,298,279,"2,022",328,325,334,310,"7,129",26.287,571,1953,ขท.ลำปางที่ 2,ลำปาง
1254,100,ทางเข้าดารา,0+500,130,51,0,0,2,211,29,10,7,1,441,11.111,14,293,ขท.อุตรดิตถ์ที่ 1,อุตรดิตถ์
1255,100,ฟ้าเรือง - คลองกล้วย,0+500,343,255,3,0,2,141,63,38,54,20,919,19.26,9,384,ขท.อุตรดิตถ์ที่ 1,อุตรดิตถ์
1256,101,ปัว - อุทยานแห่งชาติดอยภูคา,3+500,932,836,61,0,0,814,280,190,90,2,"3,205",17.535,364,916,ขท.น่านที่ 2,น่าน
1257,100,ศรีบุญเรือง - หลักลาย,1+000,"1,017",92,1,0,0,217,151,37,57,0,"1,572",15.585,151,878,ขท.น่านที่ 1,น่าน
1260,100,ศรีบุญเรือง - โรงพยาบาลสันทราย,2+500,"8,934",655,211,67,7,"3,313","1,910",222,68,21,"15,408",14.895,163,6511,ขท.เชียงใหม่ที่ 2,เชียงใหม่
1263,100,ขุนยวม - ปางอุ๋ง,0+600,231,121,9,0,0,"1,488",42,10,2,0,"1,903",2.838,0,1408,ขท.แม่ฮ่องสอน,แม่ฮ่องสอน
1263,200,ปางอุ๋ง - แม่นาจร,64+725,225,90,24,3,0,249,36,13,3,1,644,8.696,2,248,ขท.เชียงใหม่ที่ 1,เชียงใหม่
1264,100,แม่พริก - ห้วยขี้นก,0+500,292,73,0,0,3,39,49,18,0,0,474,14.768,13,185,ขท.ลำปางที่ 1,ลำปาง
1265,100,ปาย - วัดจันทร์,0+500,79,8,2,0,0,10,7,3,0,0,109,9.174,8,94,ขท.แม่ฮ่องสอน,แม่ฮ่องสอน
1266,100,แม่ลาน้อย - ละอุบ,0+500,293,92,4,0,0,944,103,27,4,0,"1,467",9.134,19,1453,ขท.แม่ฮ่องสอน,แม่ฮ่องสอน
1267,100,แม่สลิดหลวง - แม่ระเมิง,0+500,91,0,0,0,0,116,2,0,0,0,209,0.957,0,266,ขท.ตากที่ 2 (แม่สอด),ตาก
1268,100,เหมืองแพร่ - นาเจริญ,5+000,"1,024",545,47,30,8,702,277,188,43,3,"2,867",19.149,87,794,ขท.เลยที่ 2 (ด่านซ้าย),เลย
1268,100,เหมืองแพร่ - นาเจริญ,10+500,"1,036",533,35,10,8,805,388,229,87,3,"3,134",23.133,77,922,ขท.เลยที่ 2 (ด่านซ้าย),เลย
1268,200,นาเจริญ - ปางไฮ,41+150,646,548,18,0,0,525,470,424,360,268,"3,259",46.701,226,489,ขท.อุตรดิตถ์ที่ 2,พิษณุโลก
1268,200,นาเจริญ - ปางไฮ,76+993,603,510,17,0,0,508,486,360,130,173,"2,787",41.227,244,510,ขท.อุตรดิตถ์ที่ 2,อุตรดิตถ์
1268,200,นาเจริญ - ปางไฮ,119+628,752,551,21,19,3,471,537,515,527,478,"3,874",53.665,277,614,ขท.อุตรดิตถ์ที่ 2,อุตรดิตถ์
1269,102,แม่ขนิน - ต้นเกว๋น,30+000,"1,282","1,342",87,4,2,"1,060",89,23,8,4,"3,901",3.332,62,1146,ขท.เชียงใหม่ที่ 2,เชียงใหม่
1270,100,กองลอย - แม่แฮใต้,0+500,45,24,0,0,0,560,40,20,0,0,689,8.708,0,399,ขท.เชียงใหม่ที่ 1,เชียงใหม่
1271,100,ปงน้อย - สันทราย,5+000,"2,356",284,92,109,93,"2,893",241,293,298,287,"6,946",19.018,329,583,ขท.เชียงรายที่ 2,เชียงราย
1272,100,คีรีมาศ - สามแยกแจกัน,20+196,"2,987",186,0,3,3,366,272,143,88,22,"4,070",13.047,54,1427,ขท.สุโขทัย,สุโขทัย
1274,100,ลี้ - แม่บอน,18+100,939,775,28,4,4,517,181,6,3,0,"2,457",8.059,34,954,ขท.ลำพูน,ลำพูน
1274,202,นาบอน - นาแก้ว,55+400,"2,057",724,85,6,6,889,390,199,38,13,"4,407",14.795,34,595,ขท.ลำปางที่ 1,ลำปาง
1275,100,มะขามสูง - พญาแมน,15+000,"3,366","3,388",0,363,357,"1,762",688,474,401,377,"11,176",23.801,328,2379,ขท.พิษณุโลกที่ 1,พิษณุโลก
1276,100,สี่แยกหนองหัวปลวก - วังจิก,4+820,931,465,0,2,0,"1,170",92,49,97,59,"2,865",10.436,4,465,ขท.พิจิตร,พิจิตร
1278,100,วังพิกุล - ลานกระบือ,0+500,907,"1,096",0,0,0,"2,520",227,192,152,287,"5,381",15.945,48,2626,ขท.พิษณุโลกที่ 1,กำแพงเพชร
1280,100,ทุ่งมหาชัย-ระหาน,1+000,737,753,5,29,3,"1,395",67,38,68,131,"3,226",10.415,8,686,ขท.กำแพงเพชร,กำแพงเพชร
1281,100,บางระกำ - บ่อทอง,0+900,"2,514","1,298",11,1,4,"2,770",205,130,91,86,"7,110",7.271,14,3362,ขท.พิษณุโลกที่ 1,พิษณุโลก
1285,100,ทุ่งมะส้าน - ห้วยผึ้ง,0+500,358,1,31,0,0,72,57,1,1,0,521,11.324,7,376,ขท.แม่ฮ่องสอน,แม่ฮ่องสอน
1286,100,ตลิ่งชัน - เขาแม่แก่,0+500,414,296,0,0,0,"1,234",166,184,425,772,"3,491",44.314,0,1104,ขท.พิจิตร,พิจิตร
1287,100,สันมะเกลือ - เมืองปาน,5+700,"1,228","1,128",373,332,312,"1,296",595,450,306,284,"6,304",36.152,477,1000,ขท.ลำปางที่ 2,ลำปาง
1288,100,หนองหลวง - เปิ่งเคลิ่ง,5+800,355,77,9,0,0,469,60,15,0,0,985,7.614,0,426,ขท.ตากที่ 2 (แม่สอด),ตาก
1289,101,วังสำโรง - บางลาย,1+000,"1,214",217,1,1,0,383,83,65,62,90,"2,116",14.225,6,1043,ขท.พิจิตร,พิจิตร
1290,101,แม่สาย - กิ่วกาญจน์,1+500,"1,806",494,190,114,142,"3,059",165,113,108,88,"6,279",11.626,302,1778,ขท.เชียงรายที่ 2,เชียงราย
1290,101,แม่สาย - กิ่วกาญจน์,36+255,"1,616",803,122,131,207,"2,791",398,556,150,141,"6,915",22.892,258,1140,ขท.เชียงรายที่ 2,เชียงราย
1290,101,แม่สาย - กิ่วกาญจน์,64+704,642,582,121,113,113,"3,293",265,378,284,277,"6,068",23.566,366,1328,ขท.เชียงรายที่ 2,เชียงราย
1290,102,กิ่วกาญจน์ - เชียงของ,78+160,692,769,57,44,30,"3,521",251,275,255,121,"6,015",16.226,200,598,ขท.เชียงรายที่ 2,เชียงราย
1292,100,ห้วยข้าวก่ำ - น้ำจุน,4+000,642,174,0,1,0,"1,097",96,41,37,9,"2,097",8.774,24,1027,ขท.พะเยา,พะเยา
1292,200,พวงพยอม - แม่ลอยไร่,36+279,"2,246","2,360",118,106,99,"2,858",217,225,151,136,"8,516",10.968,198,1986,ขท.เชียงรายที่ 2,เชียงราย
1293,100,สุโขทัย - ท่าฉนวน,3+725,"2,370",703,5,6,0,186,107,24,7,9,"3,417",4.478,33,1819,ขท.สุโขทัย,สุโขทัย
1293,200,ท่าฉนวน - บางระกำ,53+000,735,233,2,0,3,"1,579",88,92,149,416,"3,297",22.687,10,674,ขท.พิษณุโลกที่ 1,พิษณุโลก
1294,100,เมืองเก่า - อุทยานแห่งชาติศรีสัชนาลัย,11+500,"1,473",47,0,0,0,288,91,71,10,9,"1,989",9.1,10,1283,ขท.สุโขทัย,สุโขทัย
1295,100,กกไม้แดง - เนินมะปราง,6+500,"1,660",176,6,2,1,961,62,26,59,7,"2,960",5.304,11,792,ขท.พิษณุโลกที่ 2 (วังทอง),พิษณุโลก
1296,100,ท่างาม - โป่งแค,0+500,"1,810",488,28,22,3,"1,257",202,75,121,54,"4,060",11.749,46,1395,ขท.พิษณุโลกที่ 2 (วังทอง),พิษณุโลก
1298,100,บ้านใหม่ - หนองลาว,3+000,902,200,6,0,0,"1,479",103,45,66,15,"2,816",8.132,21,516,ขท.พะเยา,พะเยา
1299,100,เวียงชัย - บ้านปง,1+000,510,420,41,9,12,"2,626",145,102,94,31,"3,990",9.85,86,1980,ขท.เชียงรายที่ 2,เชียงราย
1300,100,ฆะมัง - โพธิ์ประทับช้าง,0+200,722,384,7,7,0,896,150,37,13,80,"2,296",12.5,7,674,ขท.พิจิตร,พิจิตร
1301,100,หนองขนาก - หนองระมาน,4+825,342,136,8,1,0,528,76,85,46,9,"1,231",17.628,10,270,ขท.พิจิตร,พิจิตร
1301,200,หนองระมาน - วังโป่ง,12+000,884,24,0,5,0,32,62,23,78,20,"1,128",16.667,51,977,ขท.เพชรบูรณ์ที่ 2 (บึงสามพัน),เพชรบูรณ์
1303,100,ปลายนา - หนองตูม,6+200,279,114,1,0,0,893,92,77,73,80,"1,609",20.012,27,535,ขท.พิษณุโลกที่ 1,พิษณุโลก
1304,100,หัวดง - ยางสามต้น,7+700,530,169,9,0,0,826,55,114,15,22,"1,740",11.839,6,753,ขท.พิจิตร,พิจิตร
1306,100,ห้วยสัก - บ้านดอน,1+000,"2,325","2,065",65,49,32,"4,438","1,968","1,448","1,428","1,365","15,183",41.428,1479,3314,ขท.เชียงรายที่ 1,เชียงราย
1308,100,เตว็ดใน - วังทองแดง,1+500,"1,136",534,14,1,0,209,122,66,118,67,"2,267",16.498,132,1003,ขท.สุโขทัย,สุโขทัย
1309,100,ป่าแดง - หนองตม,1+200,"1,000",937,21,27,26,"1,152",213,32,27,27,"3,462",10.168,16,870,ขท.พิษณุโลกที่ 2 (วังทอง),พิษณุโลก
1310,100,ทับยายเชียง - พรหมพิราม,2+400,977,984,23,34,31,986,422,194,66,36,"3,753",20.863,20,883,ขท.พิษณุโลกที่ 2 (วังทอง),พิษณุโลก
1311,100,คีรีมาศ - หนองบัว,3+000,948,371,0,0,0,34,51,59,72,37,"1,572",13.931,4,603,ขท.สุโขทัย,สุโขทัย
1312,100,สามง่าม - กำแพงดิน,2+050,665,677,0,0,3,"1,065",392,319,464,340,"3,925",38.675,50,517,ขท.พิจิตร,พิจิตร
1312,200,กำแพงดิน - สามแยกกำแพงดิน,11+400,981,511,16,0,0,503,127,57,188,34,"2,417",16.798,13,1111,ขท.พิษณุโลกที่ 1,พิษณุโลก
1313,101,บางมูลนาก - บางไผ่,9+000,511,556,0,0,0,541,47,24,51,12,"1,742",7.692,2,820,ขท.พิจิตร,พิจิตร
1314,100,ท่าตอน - แม่แหลง,10+000,241,110,0,0,0,"1,013",35,0,0,0,"1,399",2.502,7,956,ขท.เชียงใหม่ที่ 3,เชียงใหม่
1317,101,ดอนจั่น - สันกลางใต้,1+140,"38,836","4,416","1,650",123,638,"1,160","2,092","1,212",266,32,"50,425",8.652,195,15126,ขท.เชียงใหม่ที่ 2,เชียงใหม่
1317,102,สันกลางใต้ - ห้วยแก้ว,36+000,"1,389",790,17,0,0,941,57,9,0,0,"3,203",2.061,14,827,ขท.เชียงใหม่ที่ 2,เชียงใหม่
1318,102,ปากน้ำ - ศรีนคร,11+750,920,131,11,5,6,178,52,22,35,12,"1,372",9.621,41,428,ขท.สุโขทัย,สุโขทัย
1319,100,คีรีมาศ - อุทยานแห่งชาติรามคำแหง,1+500,"3,033",163,7,5,0,152,122,63,39,22,"3,606",6.961,54,1684,ขท.สุโขทัย,สุโขทัย
1322,100,แม่จา - รินหลวง,56+000,606,659,3,37,3,"1,362",136,21,0,0,"2,827",6.969,21,3317,ขท.เชียงใหม่ที่ 3,เชียงใหม่
1322,100,แม่จา - รินหลวง,89+800,67,14,2,0,0,454,45,1,0,0,583,7.89,1,652,ขท.เชียงใหม่ที่ 3,เชียงใหม่
1322,100,แม่จา - รินหลวง,127+056,186,73,36,0,6,878,59,27,18,14,"1,297",9.561,16,604,ขท.เชียงใหม่ที่ 3,เชียงใหม่
1324,200,ทุ่งป่ากระถิน - พญาแมน,6+000,324,209,0,0,0,576,59,76,60,4,"1,308",15.214,8,405,ขท.อุตรดิตถ์ที่ 1,อุตรดิตถ์
1326,100,ร่องบัวทอง - สบเปา,6+075,"1,245",726,89,84,114,"2,464",121,106,120,105,"5,174",12.563,232,1320,ขท.เชียงรายที่ 2,เชียงราย
1327,100,บ้านด่านลานหอย - ทุ่งเสลี่ยม,20+000,727,831,248,226,238,846,624,583,684,571,"5,578",52.456,106,807,ขท.ตากที่ 1,สุโขทัย
1328,100,แสงภา - นาปอ,7+000,397,173,5,0,0,381,180,26,5,0,"1,167",18.081,47,558,ขท.เลยที่ 2 (ด่านซ้าย),เลย
1328,100,แสงภา - นาปอ,20+643,419,168,1,0,0,372,175,14,2,1,"1,152",16.667,42,583,ขท.เลยที่ 2 (ด่านซ้าย),เลย
1329,100,นาป้อใต้ - บ้านเอื้อม,0+500,"1,972","1,702",353,367,304,"2,549",471,401,312,311,"8,742",24.777,464,2587,ขท.ลำปางที่ 2,ลำปาง
1330,102,แม่ทุเลา - ท่าแพ,22+000,230,33,0,0,0,18,2,3,0,0,286,1.748,6,520,ขท.สุโขทัย,สุโขทัย
1331,100,พรานกระต่าย - ลานไผ่,1+000,363,83,18,1,1,"2,398",21,332,86,66,"3,369",15.049,32,2005,ขท.ตากที่ 1,กำแพงเพชร
1332,100,นาไผ่ล้อม - ถ้ำแม่ย่า,6+000,609,38,4,2,2,151,93,52,11,5,967,17.063,17,357,ขท.สุโขทัย,สุโขทัย
1333,100,แม่สะนาน - ผักเฮือก,0+500,49,43,13,0,0,21,22,0,0,0,148,14.865,0,62,ขท.น่านที่ 2,น่าน
1333,100,แม่สะนาน - ผักเฮือก,42+715,300,79,44,38,0,28,45,23,0,0,557,19.031,14,292,ขท.น่านที่ 2,น่าน
1335,101,ห้วยเดื่อ - หัวทุ่ง,1+000,"1,026","1,100",638,485,382,"1,620",590,488,362,371,"7,062",37.921,293,1375,ขท.ลำปางที่ 2,ลำปาง
1335,101,ห้วยเดื่อ - หัวทุ่ง,13+800,920,757,584,368,447,859,481,466,414,390,"5,686",45.128,330,1270,ขท.ลำปางที่ 2,ลำปาง
1337,100,หางปอน - แม่เงา,0+500,80,26,6,0,4,135,7,0,0,0,258,4.264,0,282,ขท.แม่ฮ่องสอน,แม่ฮ่องสอน
1338,100,ขาแหย่ง - ป่าเมี่ยง,1+000,53,50,10,10,0,165,0,0,0,0,288,3.472,0,343,ขท.เชียงรายที่ 1,เชียงราย
1339,101,ห้วยมุ่น - น้ำปาด,45+862,"1,185",870,63,67,62,719,417,461,139,261,"4,244",33.153,303,756,ขท.อุตรดิตถ์ที่ 2,อุตรดิตถ์
1339,102,น้ำปาด - ปากนาย,49+293,425,415,10,7,5,863,386,345,9,0,"2,465",30.507,0,636,ขท.อุตรดิตถ์ที่ 2,อุตรดิตถ์
1342,100,ห้วยขึม - ปากห้วยอ้อย,0+500,796,596,104,50,0,920,92,54,35,0,"2,647",8.727,42,1872,ขท.แพร่,แพร่
1343,100,บุญเริง - ต้นหนุน,0+500,43,0,60,0,3,96,39,37,0,0,278,28.417,0,879,ขท.แพร่,แพร่
1344,100,น้อยซุ้มขี้เหล็ก - คลองตาลัด,0+500,475,111,43,4,0,953,35,13,5,1,"1,640",3.537,14,705,ขท.พิษณุโลกที่ 2 (วังทอง),พิษณุโลก
1345,100,ทุ่งบานเย็น - ผาแดงบน,1+000,503,151,2,0,0,830,131,2,0,0,"1,619",8.215,75,1081,ขท.พะเยา,พะเยา
1346,101,พร้าว - แดนดิน,2+500,206,14,1,0,2,508,24,1,0,0,756,3.571,15,333,ขท.เชียงใหม่ที่ 3,เชียงใหม่
1349,100,สะเมิง - วัดจันทร์,0+100,91,13,16,0,0,436,32,0,0,0,588,5.442,6,395,ขท.เชียงใหม่ที่ 2,เชียงใหม่
1349,100,สะเมิง - วัดจันทร์,50+000,53,4,11,1,0,468,22,2,0,0,561,4.456,1,253,ขท.เชียงใหม่ที่ 2,เชียงใหม่
1350,100,ทางเข้าโครงการพระราชดำริศูนย์ภูฟ้าพัฒนา,0+100,117,53,17,0,0,0,20,0,0,0,207,9.662,0,103,ขท.น่านที่ 2,น่าน
1351,100,หนองบัวใต้ - เชิงสะพานกิตติขจร,3+000,275,148,2,0,0,639,49,42,8,20,"1,183",10.059,9,780,ขท.ตากที่ 1,ตาก
1352,100,ทางเข้าดอนไชย,0+304,"1,002",103,37,0,1,110,37,18,5,2,"1,315",4.791,0,527,ขท.ลำปางที่ 1,ลำปาง
1357,100,ทางเข้าเขื่อนภูมิพล,10+000,837,843,110,71,47,183,44,90,56,47,"2,328",15.249,105,514,ขท.ตากที่ 1,ตาก
1358,100,ทางเข้าดอยอ่างขาง,0+500,83,54,13,3,0,77,7,0,0,0,237,4.219,10,70,ขท.เชียงใหม่ที่ 3,เชียงใหม่
1359,100,ทางเข้าเชียงดาว,7+995,"1,598","1,219",68,31,52,"3,818",43,16,14,0,"6,859",2.274,14,1168,ขท.เชียงใหม่ที่ 3,เชียงใหม่
1361,100,สวนดอกคำ - ม่วงงาม,0+220,"1,502","1,180",559,458,426,"2,274",564,390,342,365,"8,060",31.576,455,2234,ขท.ลำปางที่ 2,ลำปาง
1362,100,นิคมดอยเต่า - ท่าน้ำ,1+500,47,27,0,0,0,119,15,2,0,0,210,8.095,20,257,ขท.เชียงใหม่ที่ 1,เชียงใหม่
1364,100,โรงเรียนนวมินทราชูทิศ - กองพันพัฒนาที่ 3,0+410,"1,932",99,14,0,0,968,15,0,0,1,"3,029",0.528,10,1453,ขท.เชียงใหม่ที่ 2,เชียงใหม่
1365,100,สนามกีฬาสมโภชเชียงใหม่ 700 ปี - ศาลจังหวัดเชียงใหม่,0+700,"5,106","3,156",33,51,5,404,45,0,0,0,"8,800",1.148,45,2773,ขท.เชียงใหม่ที่ 2,เชียงใหม่
1366,100,หนองฮ่อ - ศูนย์พัฒนาปิโตรเลียมภาคเหนือ,1+780,"5,574",724,52,0,0,"2,806",50,0,0,0,"9,206",0.543,25,3237,ขท.เชียงใหม่ที่ 2,เชียงใหม่
1367,100,สันทรายน้อย - มหาวิทยาลัยแม่โจ้,5+000,"5,776",349,235,103,65,"9,675",692,186,96,59,"17,236",6.968,92,6302,ขท.เชียงใหม่ที่ 2,เชียงใหม่
1368,100,บ้านกล้วย - คลองยาง,2+547,"2,847",275,0,1,5,172,95,21,0,0,"3,416",3.571,37,1681,ขท.สุโขทัย,สุโขทัย
1370,100,ทางเข้าสวรรคโลก,6+630,"2,540",279,60,54,10,"1,662",87,54,28,14,"4,788",5.159,25,2552,ขท.สุโขทัย,สุโขทัย
1371,100,ตีนตก - บ้านมอน,2+000,"1,482",199,16,0,0,812,301,263,27,0,"3,100",19.065,296,1445,ขท.น่านที่ 2,น่าน
1372,100,หนองบัว - ไร่สีทอง,1+700,149,86,0,0,0,"1,064",113,38,0,0,"1,450",10.414,102,638,ขท.พิษณุโลกที่ 1,สุโขทัย
1373,100,คลองยาง - บ้านเหมือง,1+137,530,433,9,1,0,645,128,99,21,12,"1,878",13.898,3,541,ขท.สุโขทัย,สุโขทัย
1374,101,ตะพานหิน - คลองคูณ,3+000,"2,413",405,40,10,2,607,140,68,43,26,"3,754",7.698,11,1085,ขท.พิจิตร,พิจิตร
1375,100,หนองกระทุ่ม - ดงเย็น,6+000,225,193,8,7,0,811,91,103,141,117,"1,696",27.064,4,435,ขท.กำแพงเพชร,กำแพงเพชร
1375,200,ดงเย็น - ดงทอง,13+000,306,246,10,22,10,814,127,186,197,78,"1,996",31.062,78,688,ขท.นครสวรรค์ที่ 1,นครสวรรค์
1377,100,ทางเข้าสองคอน,0+100,655,389,67,57,59,276,233,64,59,68,"1,927",28.023,127,517,ขท.อุตรดิตถ์ที่ 2,อุตรดิตถ์
1378,100,สามัคคีใหม่ - ห้วยปู,3+000,12,16,0,0,0,79,0,0,0,0,107,0,0,75,ขท.เชียงรายที่ 1,เชียงราย
1384,100,บ้านใหม่ - น้ำตกขุนกรณ์,4+500,"1,696",184,2,0,1,612,55,17,0,0,"2,567",2.844,30,1221,ขท.เชียงรายที่ 1,เชียงราย
1385,100,แม่ต๋ำน้อย -ชมภู,6+322,"1,545",370,74,77,64,"3,308",155,121,101,67,"5,882",9.946,303,1086,ขท.เชียงรายที่ 2,เชียงราย
1386,100,ทางเข้าท่าอากาศยานพิษณุโลก,0+270,"1,001",28,11,2,2,15,6,0,0,0,"1,065",0.939,51,749,ขท.พิษณุโลกที่ 1,พิษณุโลก
1387,100,ห้วยไคร้ - ห้วยน้ำขุ่น,1+000,190,110,17,26,0,625,15,7,0,0,990,4.848,30,994,ขท.เชียงรายที่ 1,เชียงราย
1389,100,สถานีเพาะเลี้ยงสัตว์ป่าดอยตุง - วัดพระธาตุดอยตุง,1+000,24,22,2,0,0,37,0,0,0,0,85,0,0,49,ขท.เชียงรายที่ 1,เชียงราย
1390,100,ทางเข้าพระธาตุดอยตุง,0+600,25,22,0,6,0,42,0,0,0,0,95,6.316,3,50,ขท.เชียงรายที่ 1,เชียงราย
1391,100,แม่ทะ - สถานีรถไฟแม่ทะ,0+712,222,1,3,0,0,413,10,0,0,0,649,1.541,11,554,ขท.ลำปางที่ 1,ลำปาง
1400,100,แยกทางหลวง - ป่ามะม่วง,0+600,"1,692",582,33,18,24,"1,163",88,12,11,15,"3,638",4.618,15,761,ขท.ตากที่ 1,ตาก
1404,100,หนองช้าง - หนองอ้อ,6+000,570,10,0,0,6,28,29,7,3,0,653,6.891,16,366,ขท.สุโขทัย,สุโขทัย
1409,100,ทางเข้าสะพานมิตรภาพแม่สายแห่งที่ 2 (ไทย/พม่า),1+000,762,225,207,206,181,"2,098",204,169,160,208,"4,420",25.52,279,652,ขท.เชียงรายที่ 2,เชียงราย
1411,100,หนองคอก - ธารทหาร,7+300,379,116,5,0,0,"1,235",109,104,31,13,"1,992",12.902,42,1117,ขท.นครสวรรค์ที่ 2 (ตากฟ้า),นครสวรรค์
1412,100,คอกควายใหญ่ - พนมรอก,15+568,229,61,0,0,0,929,97,80,95,40,"1,531",20.379,96,843,ขท.นครสวรรค์ที่ 2 (ตากฟ้า),นครสวรรค์
1419,100,ทางเข้าเด่นชัย,4+608,"1,741",682,71,63,0,"1,882",94,60,43,44,"4,680",6.496,25,1753,ขท.แพร่,แพร่
1421,201,ป่าบง - บ้านเหล่า,24+350,"2,024","1,873",38,50,45,"2,693",138,120,109,51,"7,141",7.184,160,2142,ขท.เชียงรายที่ 2,เชียงราย
2005,100,หล่มเก่า - วังบาล,4+000,"1,834",262,26,5,0,654,38,31,3,0,"2,853",2.699,40,1810,ขท.เพชรบูรณ์ที่ 1,เพชรบูรณ์
2007,100,นายม - ถ้ำน้ำบัง,0+700,"1,504","1,061",62,16,12,659,255,193,191,154,"4,107",19.99,136,1778,ขท.เพชรบูรณ์ที่ 1,เพชรบูรณ์
2008,100,หล่มสัก - น้ำก้อ,2+000,758,75,0,0,0,"1,236",105,37,0,0,"2,211",6.422,24,1109,ขท.เพชรบูรณ์ที่ 1,เพชรบูรณ์
2009,100,ห้วยเม็ก - ท่าคันโท,44+000,776,447,72,54,57,"1,298",58,70,59,86,"2,977",12.899,51,1289,ขท.กาฬสินธุ์,กาฬสินธุ์
2012,100,บ้านสามแยก - วิเชียรบุรี,6+000,"3,680","2,926",217,71,12,"4,746",233,177,109,47,"12,218",5.312,49,3318,ขท.เพชรบูรณ์ที่ 2 (บึงสามพัน),เพชรบูรณ์
2013,101,บ้านแยง - น้ำเทิน,3+000,"1,239","2,596",16,25,32,732,164,69,6,6,"4,885",6.182,0,702,ขท.พิษณุโลกที่ 2 (วังทอง),พิษณุโลก
2013,102,น้ำเทิน - บ่อโพธิ์,25+763,836,823,1,6,0,182,103,51,15,39,"2,056",10.409,15,621,ขท.พิษณุโลกที่ 2 (วังทอง),พิษณุโลก
2013,102,น้ำเทิน - บ่อโพธิ์,34+083,"2,610","2,114",38,4,11,105,149,100,107,23,"5,261",7.489,8,1696,ขท.พิษณุโลกที่ 2 (วังทอง),พิษณุโลก
2013,200,บ่อโพธิ์ - โคกงาม,73+083,"1,270","1,116",33,8,11,870,177,79,68,46,"3,678",10.576,5,1388,ขท.เลยที่ 2 (ด่านซ้าย),เลย
2013,200,บ่อโพธิ์ - โคกงาม,76+022,"2,642","2,645",18,11,22,"1,638",106,51,28,27,"7,188",3.408,16,2724,ขท.เลยที่ 2 (ด่านซ้าย),เลย
2014,100,โป่งชี - ด่านซ้าย,4+500,726,331,8,0,4,605,68,16,35,27,"1,820",8.242,7,605,ขท.เลยที่ 2 (ด่านซ้าย),เลย
2016,100,วังสะพุง - ตาวตาด,4+700,"2,185","1,256",1,2,1,"2,861",122,26,24,10,"6,488",2.851,6,1839,ขท.เลยที่ 1,เลย
2016,100,วังสะพุง - ตาวตาด,35+000,290,73,11,3,1,950,32,4,3,1,"1,368",3.216,3,416,ขท.เลยที่ 1,เลย
2016,200,ตาวตาด - ตาดกลอย,57+050,302,220,9,0,0,716,80,42,15,7,"1,391",10.352,10,303,ขท.เพชรบูรณ์ที่ 1,เพชรบูรณ์
2019,100,โป่งวัว - อุทยานแห่งชาติภูกระดึง,2+850,"2,422",103,33,9,9,185,133,18,0,2,"2,914",5.868,3,1832,ขท.เลยที่ 1,เลย
2020,100,ท่าบ่อ - บ้านว่าน,2+250,"1,057",467,297,273,281,"2,846",379,295,247,229,"6,371",26.746,228,2109,ขท.หนองคาย,หนองคาย
2020,200,บ้านว่าน - บ้านผือ,19+000,"2,030",559,15,3,16,275,379,335,196,166,"3,974",27.554,200,1409,ขท.อุดรธานีที่ 1,อุดรธานี
2021,101,ดงไร่ - หนองหัวคู,1+000,"3,795","1,581",4,22,3,"1,123",385,281,96,50,"7,340",11.403,23,1343,ขท.อุดรธานีที่ 1,อุดรธานี
2022,100,นิคม - บ้านดุง,3+370,"1,007",204,45,23,3,"2,040",127,62,48,23,"3,582",7.984,25,1319,ขท.อุดรธานีที่ 2 (หนองหาน),อุดรธานี
2022,100,นิคม - บ้านดุง,27+000,731,313,20,7,1,"1,435",221,120,56,42,"2,946",15.173,15,1066,ขท.อุดรธานีที่ 2 (หนองหาน),อุดรธานี
2022,100,นิคม - บ้านดุง,36+000,825,391,6,5,21,"2,172",155,83,63,37,"3,758",9.686,21,529,ขท.อุดรธานีที่ 2 (หนองหาน),อุดรธานี
2023,101,น้ำฆ้อง - ศรีธาตุ,0+500,"7,350",770,110,27,38,"12,440",619,528,442,445,"22,769",9.219,21,6307,ขท.อุดรธานีที่ 2 (หนองหาน),อุดรธานี
2023,101,น้ำฆ้อง - ศรีธาตุ,15+000,"2,611","1,842",23,27,39,"6,412",527,635,491,471,"13,078",16.746,26,1086,ขท.อุดรธานีที่ 2 (หนองหาน),อุดรธานี
2023,102,ศรีธาตุ - วังสามหมอ,37+214,"1,283","1,017",36,24,49,"2,921",218,191,140,164,"6,043",13.007,35,1108,ขท.อุดรธานีที่ 2 (หนองหาน),อุดรธานี
2025,100,ห้วยเกิ้ง - กุมภวาปี,2+500,"2,125",529,23,12,8,"4,731",402,282,300,239,"8,651",14.368,28,2573,ขท.อุดรธานีที่ 2 (หนองหาน),อุดรธานี
2026,100,หนองหิ้ง - เหล่าหลวง,0+700,879,745,5,6,8,"1,349",156,168,149,47,"3,512",15.205,13,1461,ขท.บึงกาฬ,บึงกาฬ
2028,100,กุสุมาลย์ - โพนจาน,1+000,475,431,39,9,1,"1,008",182,149,283,125,"2,702",27.72,22,908,ขท.สกลนครที่ 1,สกลนคร
2031,100,ธาตุน้อย - นาเหนือ,2+000,"1,222",981,0,7,17,"2,332",144,115,10,17,"4,845",6.398,95,2290,ขท.นครพนม,นครพนม
2032,101,ท่าดอกแก้ว - ปฏิรูป,0+500,620,312,244,216,168,"1,348",257,225,216,172,"3,778",33.192,150,789,ขท.นครพนม,นครพนม
2033,101,นาแก - นาเหนือ,0+500,"2,638",175,144,56,59,263,210,144,81,55,"3,825",15.817,53,1273,ขท.นครพนม,นครพนม
2033,102,นาเหนือ - คำพอก,42+177,"1,797",603,257,103,45,"3,032",162,142,99,52,"6,292",9.584,108,2998,ขท.นครพนม,นครพนม
2034,101,มุกดาหาร - นาสีนวน,0+700,"8,426","4,367",146,38,50,"2,705",240,75,30,10,"16,087",2.754,67,5439,ขท.มุกดาหาร,มุกดาหาร
2034,102,นาสีนวน - บุ่งเขียว,40+000,204,147,100,93,81,"1,349",140,70,76,68,"2,328",22.68,167,1114,ขท.มุกดาหาร,มุกดาหาร
2034,200,บุ่งเขียว - หนองผือ,75+815,"4,231","3,849",295,289,341,648,384,389,334,287,"11,047",18.322,223,1638,ขท.อำนาจเจริญ,อุบลราชธานี
2037,100,ภูเขียว - เกษตรสมบูรณ์,9+000,"2,662","1,457",1,0,40,"1,733",247,170,155,151,"6,616",11.533,27,1563,ขท.ขอนแก่นที่ 2 (ชุมแพ),ชัยภูมิ
2038,200,ห้วยน้ำเงิน - เมืองใหม่,14+500,"3,898",472,18,17,12,431,211,148,215,100,"5,522",12.731,13,1358,ขท.หนองบัวลำภู,ขอนแก่น
2039,100,น้ำพอง - น้ำอ้อม,6+000,"3,962","3,361",107,87,118,"1,347",762,452,327,253,"10,776",18.55,72,1777,ขท.ขอนแก่นที่ 1,ขอนแก่น
2039,100,น้ำพอง - น้ำอ้อม,39+134,"3,238",668,25,16,80,"1,661",619,293,345,183,"7,128",21.549,53,1602,ขท.ขอนแก่นที่ 1,ขอนแก่น
2039,201,น้ำอ้อม - กุดโดน,52+275,"5,493",563,7,1,0,473,334,197,206,99,"7,373",11.352,29,1793,ขท.กาฬสินธุ์,กาฬสินธุ์
2039,202,กุดโดน - ไทยเจริญ,65+279,"2,141","1,172",50,46,28,"2,673","1,295","1,149",168,103,"8,825",31.603,46,2004,ขท.กาฬสินธุ์,กาฬสินธุ์
2039,202,กุดโดน - ไทยเจริญ,70+000,"3,581",754,80,75,61,"3,537",481,333,343,174,"9,419",15.575,54,1837,ขท.กาฬสินธุ์,กาฬสินธุ์
2040,101,มหาสารคาม - วาปีปทุม,3+000,"18,191","10,690",54,53,54,"1,669","1,270",344,134,91,"32,550",5.978,32,9580,ขท.มหาสารคาม,มหาสารคาม
2040,102,วาปีปทุม - พยัคฆภูมิพิสัย,40+312,"3,362",815,237,69,62,"7,168",374,215,113,65,"12,480",7.196,27,2300,ขท.มหาสารคาม,มหาสารคาม
2041,100,สี่แยกสมเด็จ - แยกดงแหลม,10+100,"3,720","3,468",37,37,25,"2,354","1,727","1,338","1,131",333,"14,170",32.399,99,3126,ขท.กาฬสินธุ์,กาฬสินธุ์
2043,100,ร้อยเอ็ด - ยางเฌอ,10+000,"2,153","1,410",6,23,24,"2,358",112,42,34,30,"6,192",4.28,13,1179,ขท.ร้อยเอ็ด,ร้อยเอ็ด
2043,200,ยางเฌอ - มหาชนะชัย,29+500,"4,026","1,635",104,63,80,119,161,105,78,28,"6,399",8.048,105,1793,ขท.ยโสธร,ร้อยเอ็ด
2043,200,ยางเฌอ - มหาชนะชัย,44+200,"2,693","1,448",92,64,69,806,278,90,93,61,"5,694",11.503,82,1337,ขท.ยโสธร,ร้อยเอ็ด
2043,200,ยางเฌอ - มหาชนะชัย,81+165,"2,099",123,29,17,15,163,107,60,64,48,"2,725",11.413,30,1060,ขท.ยโสธร,ยโสธร
2044,101,ร้อยเอ็ด - หนองดง,0+461,"4,736","5,047",87,56,30,699,310,39,27,8,"11,039",4.258,29,3124,ขท.ร้อยเอ็ด,ร้อยเอ็ด
2044,102,หนองดง - โพนทอง,35+000,"3,092",335,0,107,42,"7,068",374,228,185,172,"11,603",9.549,3,1127,ขท.ร้อยเอ็ด,ร้อยเอ็ด
2045,100,ร้อยเอ็ด - หนองคูโคก,5+000,"2,270","1,361",114,54,42,"2,735",129,98,68,67,"6,938",6.601,23,1680,ขท.ร้อยเอ็ด,ร้อยเอ็ด
2045,200,หนองคูโคก - วาปีปทุม,20+500,"2,829","1,802",74,51,47,778,339,191,164,32,"6,307",13.065,53,974,ขท.มหาสารคาม,มหาสารคาม
2046,101,เสลภูมิ - บ้านงิ้ว,9+900,"2,473","2,768",73,54,28,429,55,32,28,11,"5,951",3.495,24,1359,ขท.ร้อยเอ็ด,ร้อยเอ็ด
2046,102,บ้านงิ้ว - ลำน้ำยัง,43+000,"1,717",167,1,9,14,"2,850",240,156,248,175,"5,577",15.098,7,1416,ขท.ร้อยเอ็ด,ร้อยเอ็ด
2046,200,ลำน้ำยัง - กุฉินารายณ์,51+700,"1,668","1,386",81,98,169,"3,134",790,417,330,292,"8,365",25.057,87,2349,ขท.สกลนครที่ 1,กาฬสินธุ์
2047,100,กุดโจด - กุดแห่,0+500,914,538,32,8,8,259,115,101,201,209,"2,385",26.918,12,512,ขท.มุกดาหาร,ยโสธร
2049,100,ม่วงสามสิบ - พนา,1+000,"8,419",696,314,43,15,685,37,50,34,22,"10,315",1.949,26,69,ขท.อุบลราชธานีที่ 1,อุบลราชธานี
2049,100,ม่วงสามสิบ - พนา,24+000,"4,899","5,085",26,16,8,"3,469",60,20,11,11,"13,605",0.926,25,545,ขท.อุบลราชธานีที่ 1,อำนาจเจริญ
2050,100,อุบลราชธานี - ตระการพืชผล,8+600,"20,024","2,918",118,85,52,"17,870",591,153,104,71,"41,986",2.515,28,2956,ขท.อุบลราชธานีที่ 1,อุบลราชธานี
2050,100,อุบลราชธานี - ตระการพืชผล,45+900,"11,461","8,461",82,81,53,"14,594",183,119,94,74,"35,202",1.716,35,2922,ขท.อุบลราชธานีที่ 1,อุบลราชธานี
2050,201,ตระการพืชผล - ห้วยยาง,46+248,"5,106","1,313",234,138,128,"2,955",280,142,77,61,"10,434",7.916,91,5086,ขท.อำนาจเจริญ,อุบลราชธานี
2050,202,ห้วยยาง - เขมราฐ,98+323,"3,448","2,813",378,463,515,"3,211",256,234,198,155,"11,671",15.603,254,3534,ขท.อำนาจเจริญ,อุบลราชธานี
2050,202,ห้วยยาง - เขมราฐ,100+744,"3,454","2,841",295,292,259,"3,262",355,320,276,186,"11,540",14.627,247,3433,ขท.อำนาจเจริญ,อุบลราชธานี
2051,100,ชัยภูมิ - ตาดโตน,5+500,"3,565","3,504",39,34,19,"3,514",708,301,498,166,"12,348",13.978,74,597,ขท.ชัยภูมิ,ชัยภูมิ
2054,100,ลาดใหญ่ - ช่องสามหมอ,2+000,498,337,166,117,57,"3,120",382,285,253,212,"5,427",24.065,74,2313,ขท.ชัยภูมิ,ชัยภูมิ
2055,100,หนองสองห้อง - โคกสะอาด,6+000,"1,712",964,5,4,0,"2,146",250,194,137,130,"5,542",12.901,36,1245,ขท.ขอนแก่นที่ 2 (ชุมแพ),ชัยภูมิ
2061,100,ทางพาด - ห้วยตะกั่ว,1+000,"1,150","1,035",20,14,12,523,360,489,490,356,"4,449",38.683,33,950,ขท.ขอนแก่นที่ 3 (บ้านไผ่),บุรีรัมย์
2061,200,ห้วยตะกั่ว - พุทไธสง,6+700,"2,067",381,12,4,8,"2,275",471,401,341,279,"6,239",24.106,14,1074,ขท.บุรีรัมย์,บุรีรัมย์
2062,200,บ้านทุ่ม - มัญจาคีรี,24+200,"2,867","3,614",93,89,17,939,402,400,377,351,"9,149",17.882,20,975,ขท.ขอนแก่นที่ 3 (บ้านไผ่),ขอนแก่น
2063,100,บรบือ - โคกสี,2+000,"2,603",742,24,11,2,568,185,81,24,15,"4,255",7.474,3,1582,ขท.มหาสารคาม,มหาสารคาม
2065,100,พล - ลำชี,4+500,"2,132","1,850",19,26,8,266,172,59,56,71,"4,659",8.414,3,2131,ขท.ขอนแก่นที่ 3 (บ้านไผ่),ขอนแก่น
2065,100,พล - ลำชี,32+500,"1,107",45,5,10,7,282,71,28,34,36,"1,625",11.446,10,545,ขท.ขอนแก่นที่ 3 (บ้านไผ่),ขอนแก่น
2065,200,ลำชี - คอนสวรรค์,42+283,188,48,5,0,0,886,99,89,84,67,"1,466",23.124,29,536,ขท.ชัยภูมิ,ชัยภูมิ
2067,101,ดอนหวาย - โนนสูง,5+500,"2,164",755,12,10,38,"4,542",222,86,63,31,"7,923",5.68,7,1771,ขท.นครราชสีมาที่ 1,นครราชสีมา
2067,102,โนนสูง - ขามสะแกแสง,16+442,768,183,11,8,14,"1,571",90,80,40,26,"2,791",9.244,32,1060,ขท.นครราชสีมาที่ 1,นครราชสีมา
2068,100,โคกกรวด - หนองสรวง,1+100,"7,410","1,287",494,140,175,"2,489",444,359,473,316,"13,587",14.035,58,2900,ขท.นครราชสีมาที่ 2,นครราชสีมา
2068,200,หนองสรวง - โนนไทย,24+166,853,574,12,7,33,235,260,248,207,180,"2,609",35.837,49,614,ขท.นครราชสีมาที่ 1,นครราชสีมา
2069,100,บำเหน็จณรงค์ - ซับใหญ่,3+000,"1,301",630,45,27,27,996,275,440,237,88,"4,066",26.906,13,938,ขท.ชัยภูมิ,ชัยภูมิ
2072,100,หนองปล้อง - พระบึง,1+000,"5,479","2,031",55,23,4,"1,689","1,609",37,5,7,"10,939",15.404,174,2257,ขท.นครราชสีมาที่ 3,นครราชสีมา
2073,101,นางรอง - บัวตารุ่ง,7+475,"3,267",85,49,46,8,377,165,62,127,39,"4,225",10.58,25,1333,ขท.บุรีรัมย์,บุรีรัมย์
2073,102,บัวตารุ่ง - ลำปลายมาศ,40+000,"1,290",449,68,53,86,"2,439",281,307,314,221,"5,508",22.912,23,1628,ขท.บุรีรัมย์,บุรีรัมย์
2073,103,ลำปลายมาศ - หนองโดนน้อย,46+527,"1,691",535,64,34,32,"2,605",115,206,268,209,"5,759",15.003,14,1656,ขท.บุรีรัมย์,บุรีรัมย์
2073,200,หนองโดนน้อย - ชุมพวง,63+920,819,502,30,1,0,792,353,250,289,209,"3,245",33.96,55,712,ขท.นครราชสีมาที่ 1,นครราชสีมา
2074,101,บุรีรัมย์ - คูเมือง,13+057,"2,808","2,102",216,157,97,"7,962",252,176,120,83,"13,973",6.334,14,4457,ขท.บุรีรัมย์,บุรีรัมย์
2074,102,คูเมือง - ลำน้ำมูล,43+580,"1,265",276,11,3,7,"2,167",188,98,189,99,"4,303",13.572,2,779,ขท.บุรีรัมย์,บุรีรัมย์
2074,103,ลำน้ำมูล - พุทไธสง,53+500,"2,273",622,8,4,40,"3,336",592,622,363,256,"8,116",23.127,2,1233,ขท.บุรีรัมย์,บุรีรัมย์
2076,100,ท่าตูม - หนองฮู,11+506,"2,643","1,587",48,49,31,"2,308",994,141,123,74,"7,998",17.654,68,1759,ขท.สุรินทร์,สุรินทร์
2076,100,ท่าตูม - หนองฮู,19+297,"1,758","1,070",42,27,26,"1,626",646,202,96,85,"5,578",19.398,40,2362,ขท.สุรินทร์,สุรินทร์
2076,100,ท่าตูม - หนองฮู,34+332,686,606,21,12,6,"1,618",511,354,262,179,"4,255",31.116,11,765,ขท.สุรินทร์,สุรินทร์
2076,200,หนองฮู - ส้มป่อยน้อย,57+485,910,310,21,10,11,"2,614",224,61,19,13,"4,193",8.061,7,933,ขท.ศรีสะเกษที่ 1,ศรีสะเกษ
2077,101,สุรินทร์ - ลำดวน,5+176,"5,308","1,035",67,18,5,"4,328",716,259,247,114,"12,097",11.234,48,3754,ขท.สุรินทร์,สุรินทร์
2077,103,สังขะ - บัวเชด,55+566,"3,853","3,146",256,137,64,"2,128","1,599",897,603,377,"13,060",28.155,223,2439,ขท.สุรินทร์,สุรินทร์
2079,102,ห้วยจริง - ศีขรภูมิ,31+731,976,236,57,18,1,"1,414",161,27,46,18,"2,954",9.174,1,768,ขท.สุรินทร์,สุรินทร์
2081,100,ตาฮะ -  ลำพังชู,14+800,"2,661","1,275",668,617,588,"1,491",814,705,777,631,"10,227",40.403,415,1490,ขท.สุรินทร์,สุรินทร์
2081,100,ตาฮะ -  ลำพังชู,48+683,"1,628","1,295",702,741,774,991,873,840,742,731,"9,317",50.456,556,1172,ขท.สุรินทร์,สุรินทร์
2081,200,ลำพังชู - พุทไธสง,71+433,"1,699",332,0,0,0,"1,966",303,269,177,76,"4,822",17.109,8,1138,ขท.บุรีรัมย์,บุรีรัมย์
2083,101,ส้มป่อยน้อย - หัวช้าง,0+805,"1,923",552,0,5,4,"3,521",209,173,295,61,"6,743",11.078,3,647,ขท.ศรีสะเกษที่ 1,ศรีสะเกษ
2083,102,หัวช้าง - สะเดา,23+500,"1,658","2,403",95,61,40,324,247,181,224,147,"5,380",16.729,29,1797,ขท.ศรีสะเกษที่ 1,ศรีสะเกษ
2083,200,สะเดา - คำเขื่อนแก้ว,48+505,"4,616","4,362",34,32,37,"1,936","1,738",24,31,24,"12,834",14.695,39,1692,ขท.ยโสธร,ยโสธร
2085,100,กันทรลักษ์ - กันทรารมย์,6+450,"4,561",292,19,13,15,126,245,241,142,100,"5,754",13.139,26,1105,ขท.ศรีสะเกษที่ 2,ศรีสะเกษ
2085,100,กันทรลักษ์ - กันทรารมย์,21+000,"4,546",917,11,11,11,327,597,526,351,475,"7,772",25.36,21,707,ขท.ศรีสะเกษที่ 2,ศรีสะเกษ
2085,100,กันทรลักษ์ - กันทรารมย์,38+000,"3,386",278,8,9,6,58,64,66,36,36,"3,947",5.498,25,2094,ขท.ศรีสะเกษที่ 2,ศรีสะเกษ
2086,100,กู่พระโกนา - บ้านด่าน,26+253,"2,967","2,474",409,352,314,"1,942","1,882",550,474,423,"11,787",33.893,96,2801,ขท.ยโสธร,ร้อยเอ็ด
2086,201,บ้านด่าน - เมืองน้อย,27+862,717,"1,043",21,7,3,344,88,59,64,57,"2,403",11.569,23,637,ขท.ศรีสะเกษที่ 1,ศรีสะเกษ
2086,201,บ้านด่าน - เมืองน้อย,50+162,"1,327","2,573",61,23,15,137,220,138,76,45,"4,615",11.203,46,2038,ขท.ศรีสะเกษที่ 1,ศรีสะเกษ
2086,201,บ้านด่าน - เมืองน้อย,78+362,"1,569","1,580",18,11,10,339,224,97,50,37,"3,935",10.902,40,1255,ขท.ศรีสะเกษที่ 1,ศรีสะเกษ
2087,100,เหล่าผักใส - ท่าห้วยหลัว,0+500,573,160,5,1,2,566,59,17,5,3,"1,391",6.254,20,820,ขท.บึงกาฬ,สกลนคร
2089,100,มวกเหล็ก - แสลงพัน,6+500,"3,112","2,208",215,160,93,"2,069",299,279,114,127,"8,676",12.356,55,2324,ขท.สระบุรี,สระบุรี
2089,200,แสลงพัน - คลองท่าข้าม,25+000,"4,334","2,801",171,152,123,"1,207",572,382,259,185,"10,186",16.425,40,2594,ขท.ลพบุรีที่ 1,สระบุรี
2089,301,คลองท่าข้าม - น้ำตกวังก้านเหลือง,34+000,"2,187",866,223,248,255,"2,465",627,847,601,438,"8,757",34.441,25,1344,ขท.ลพบุรีที่ 2 (ลำนารายณ์),ลพบุรี
2089,301,คลองท่าข้าม - น้ำตกวังก้านเหลือง,47+000,"2,034",556,408,416,389,"2,242",447,855,579,383,"8,309",36.936,141,1325,ขท.ลพบุรีที่ 2 (ลำนารายณ์),ลพบุรี
2089,302,น้ำตกวังก้านเหลือง - ลำนารายณ์,68+900,"2,320","1,214",147,151,150,"2,600",616,603,465,354,"8,620",27.135,49,1534,ขท.ลพบุรีที่ 2 (ลำนารายณ์),ลพบุรี
2090,100,ปางแก - อุทยานแห่งชาติเขาใหญ่,3+500,"8,142","4,128",327,283,264,"1,009",710,687,396,294,"16,240",16.219,66,2792,ขท.นครราชสีมาที่ 2,นครราชสีมา
2091,101,สว่างแดนดิน - โคกสี,2+000,"1,642",313,90,4,4,"3,406",134,72,19,20,"5,704",4.435,7,2569,ขท.สกลนครที่ 2 (สว่างแดนดิน),สกลนคร
2091,102,โคกสี - หนองแวง,27+420,303,72,24,1,2,"1,006",76,19,34,13,"1,550",9.355,9,844,ขท.สกลนครที่ 2 (สว่างแดนดิน),สกลนคร
2091,102,โคกสี - หนองแวง,58+200,570,288,24,29,10,"1,457",92,66,42,15,"2,593",9.796,92,785,ขท.สกลนครที่ 2 (สว่างแดนดิน),สกลนคร
2092,100,เหล่าอุดม  - ท่าห้วยหลัว,5+500,723,274,138,140,99,"2,000",173,230,130,126,"4,033",22.266,112,1415,ขท.อุดรธานีที่ 2 (หนองหาน),อุดรธานี
2092,200,ท่าห้วยหลัว - กุดเรือคำ,22+830,749,373,14,13,2,525,183,104,69,50,"2,082",20.221,10,799,ขท.บึงกาฬ,สกลนคร
2094,101,พรรณานิคม - ผาอินทร์,5+000,581,139,24,2,1,"1,391",158,16,39,13,"2,364",9.687,4,659,ขท.สกลนครที่ 2 (สว่างแดนดิน),สกลนคร
2094,102,ผาอินทร์ - ท่าก้อน,33+000,"4,484","1,490",93,65,5,"1,091",397,99,107,68,"7,899",9.381,20,2645,ขท.สกลนครที่ 2 (สว่างแดนดิน),สกลนคร
2094,102,ผาอินทร์ - ท่าก้อน,47+569,"1,851",783,35,16,4,292,172,55,37,24,"3,269",9.422,21,1163,ขท.สกลนครที่ 2 (สว่างแดนดิน),สกลนคร
2094,200,ท่าก้อน - เซกา,77+469,"1,071",786,7,8,11,948,74,85,76,43,"3,109",9.553,23,821,ขท.บึงกาฬ,บึงกาฬ
2095,100,พรเจริญ - โซ่พิสัย,2+000,"1,146",538,46,31,47,"2,306",181,149,138,98,"4,680",13.761,47,1954,ขท.บึงกาฬ,บึงกาฬ
2095,200,โซ่พิสัย - ปากคาด,55+900,"1,372",275,10,4,3,396,163,38,31,19,"2,311",11.164,46,976,ขท.หนองคาย,บึงกาฬ
2096,101,หนองเม็ก - บ้านดุง,3+500,"1,431",189,64,34,41,"3,268",170,112,67,65,"5,441",8.987,21,960,ขท.อุดรธานีที่ 2 (หนองหาน),อุดรธานี
2096,101,หนองเม็ก - บ้านดุง,37+000,"1,174","1,206",187,137,93,"1,645",520,250,145,141,"5,498",23.39,89,1630,ขท.อุดรธานีที่ 2 (หนองหาน),อุดรธานี
2096,102,บ้านดุง - หนองกา,53+100,"1,244",379,150,90,103,"3,139",326,288,279,226,"6,224",21.08,100,1209,ขท.อุดรธานีที่ 2 (หนองหาน),อุดรธานี
2096,200,หนองกา - คำตากล้า,80+500,747,251,7,3,11,847,143,77,80,49,"2,215",16.388,17,741,ขท.บึงกาฬ,สกลนคร
2096,200,หนองกา - คำตากล้า,121+130,906,306,22,7,11,"1,281",101,36,13,18,"2,701",6.886,33,1776,ขท.บึงกาฬ,สกลนคร
2097,100,นาคำไฮ - หนองแวง,2+000,"2,472","1,897",154,131,55,970,967,829,680,355,"8,510",35.452,75,1671,ขท.หนองบัวลำภู,หนองบัวลำภู
2097,200,หนองแวง - ข้าวสาร,38+100,"1,883",465,44,25,17,684,331,154,297,93,"3,993",22.965,65,993,ขท.อุดรธานีที่ 1,อุดรธานี
2098,100,บ้านผือ - ข้าวสาร,2+000,"1,780","1,104",62,34,43,443,211,106,235,82,"4,100",17.341,146,1178,ขท.อุดรธานีที่ 1,อุดรธานี
2099,100,อาฮี - ท่าลี่,2+000,180,5,0,2,0,544,26,14,13,0,784,7.015,7,382,ขท.เลยที่ 2 (ด่านซ้าย),เลย
2101,101,ห้วยผึ้ง - น้ำปุ้น,1+900,"1,319",512,9,4,2,"2,102",177,58,17,3,"4,203",6.21,44,1949,ขท.สกลนครที่ 1,กาฬสินธุ์
2101,102,น้ำปุ้น - นาคู,15+500,429,138,0,0,22,"1,212",83,24,18,4,"1,930",7.824,22,831,ขท.สกลนครที่ 1,กาฬสินธุ์
2104,200,ดอนพัฒนา - โสกแมว,10+554,"1,054",821,121,107,127,"1,725",385,170,159,133,"4,802",22.511,214,1309,ขท.มุกดาหาร,มุกดาหาร
2108,101,ธาตุจอมศรี - ชมเจริญ,0+500,"1,430",181,6,6,14,"2,226",160,85,81,18,"4,207",8.652,9,1633,ขท.เลยที่ 1,เลย
2108,102,ชมเจริญ - ปากชม,32+000,"1,047",361,8,19,25,"1,094",80,40,24,3,"2,701",7.071,36,948,ขท.เลยที่ 1,เลย
2108,102,ชมเจริญ - ปากชม,61+000,"1,142",488,24,17,18,"1,185",119,39,21,13,"3,066",7.404,24,1216,ขท.เลยที่ 1,เลย
2109,100,คำแก่นคูน -  เขื่อนอุบลรัตน์,0+500,"3,724","3,165",204,152,480,"2,181","2,105","1,947","1,705","1,740","17,403",46.71,117,2989,ขท.ขอนแก่นที่ 1,ขอนแก่น
2109,100,คำแก่นคูน -  เขื่อนอุบลรัตน์,24+394,"1,044","1,019",183,138,228,633,556,423,389,357,"4,970",42.072,241,1005,ขท.ขอนแก่นที่ 1,ขอนแก่น
2111,102,โพนปลัด - ขุนหาญ,22+360,"4,277","1,575",0,9,18,119,310,311,263,114,"6,996",14.651,30,2247,ขท.ศรีสะเกษที่ 2,ศรีสะเกษ
2112,101,เขมราฐ - ปากแซง,0+174,"1,232",944,353,299,270,"1,843",431,364,246,161,"6,143",28.83,263,1657,ขท.อำนาจเจริญ,อุบลราชธานี
2112,200,หนามแท่ง - โขงเจียม,76+774,231,357,14,7,18,340,90,24,5,4,"1,090",13.578,18,572,ขท.อุบลราชธานีที่ 2,อุบลราชธานี
2112,200,หนามแท่ง - โขงเจียม,101+840,850,553,52,8,1,121,45,18,4,2,"1,654",4.716,15,604,ขท.อุบลราชธานีที่ 2,อุบลราชธานี
2113,100,ด่านซ้าย - เหมืองแพร่,1+600,"1,432","1,311",12,5,33,"1,138",548,406,272,21,"5,178",24.817,314,1743,ขท.เลยที่ 2 (ด่านซ้าย),เลย
2114,100,ด่านซ้าย - ปากหมัน,2+000,"1,178","1,187",51,8,0,858,119,78,147,51,"3,677",10.96,96,1391,ขท.เลยที่ 2 (ด่านซ้าย),เลย
2115,101,ปากภู - โคกใหญ่,2+000,864,337,24,9,9,277,281,89,63,51,"2,004",25.05,16,558,ขท.เลยที่ 2 (ด่านซ้าย),เลย
2115,102,โคกใหญ่ - ปากห้วย,32+500,588,261,44,24,1,"1,455",157,99,97,44,"2,770",15.235,5,617,ขท.เลยที่ 2 (ด่านซ้าย),เลย
2115,102,โคกใหญ่ - ปากห้วย,38+550,915,212,17,43,8,110,57,50,36,14,"1,462",14.227,23,798,ขท.เลยที่ 2 (ด่านซ้าย),เลย
2116,101,สี่แยกยางตลาด - สี่แยกหนองแปน,6+000,"4,311","4,161",61,0,50,801,687,274,223,132,"10,700",12.766,220,2709,ขท.กาฬสินธุ์,กาฬสินธุ์
2116,102,สี่แยกหนองแปน - ร่องคำ,42+000,"3,300","3,743",24,1,10,683,467,244,143,91,"8,706",10.981,91,2140,ขท.กาฬสินธุ์,กาฬสินธุ์
2116,200,ร่องคำ - โพนทอง,60+000,"2,365",419,26,18,7,"2,583",346,147,224,186,"6,321",14.681,51,1023,ขท.ร้อยเอ็ด,ร้อยเอ็ด
2116,300,โพนทอง - ห้วยคล้อ,86+351,"2,072","1,906",131,156,236,"1,877",248,203,154,109,"7,092",15.595,49,1362,ขท.ยโสธร,ร้อยเอ็ด
2116,300,โพนทอง - ห้วยคล้อ,97+403,"1,970","1,639",118,125,214,"2,034",520,263,149,123,"7,155",19.483,60,1518,ขท.ยโสธร,ร้อยเอ็ด
2116,300,โพนทอง - ห้วยคล้อ,105+228,"1,718","1,726",94,103,140,"1,725",198,178,150,97,"6,129",14.13,61,1303,ขท.ยโสธร,ร้อยเอ็ด
2116,401,ห้วยคล้อ - เลิงนกทา,121+528,"1,136",145,46,28,17,533,164,97,44,21,"2,231",16.629,4,782,ขท.มุกดาหาร,ยโสธร
2116,401,ห้วยคล้อ - เลิงนกทา,136+778,"2,155","3,003",113,56,47,"1,254",226,196,230,356,"7,636",14.55,29,1921,ขท.มุกดาหาร,ยโสธร
2116,402,เลิงนกทา - ดอนตาล,142+700,713,464,149,102,87,"2,499",258,83,69,92,"4,516",15.301,178,2659,ขท.มุกดาหาร,ยโสธร
2116,402,เลิงนกทา - ดอนตาล,175+100,300,255,131,66,84,"1,263",168,72,90,66,"2,495",21.884,135,1048,ขท.มุกดาหาร,มุกดาหาร
2117,100,ตะโก - เขาพนมรุ้ง,1+361,947,508,65,36,60,586,448,225,208,177,"3,260",35.399,157,589,ขท.บุรีรัมย์,บุรีรัมย์
2117,100,ตะโก - เขาพนมรุ้ง,6+444,511,281,43,15,22,562,104,74,73,65,"1,750",20.171,64,664,ขท.บุรีรัมย์,บุรีรัมย์
2120,100,ส้มป่อย - ละหานทราย,1+175,"2,555",202,24,3,16,"2,151",301,170,225,243,"5,890",16.265,13,1640,ขท.บุรีรัมย์,บุรีรัมย์
2122,100,บักจรัง - มะโน,4+200,519,83,17,5,3,640,142,93,122,76,"1,700",25.941,57,611,ขท.สุรินทร์,สุรินทร์
2125,100,บ้านไฮ - กันทรารมย์,0+500,"1,478",293,20,26,19,"2,687",251,294,344,24,"5,436",17.623,10,1672,ขท.ศรีสะเกษที่ 2,ศรีสะเกษ
2125,100,บ้านไฮ - กันทรารมย์,34+885,"3,362",890,51,50,46,"5,728",360,193,186,43,"10,909",8.048,22,2597,ขท.ศรีสะเกษที่ 2,ศรีสะเกษ
2126,100,ผือใหม่ - โดนเอาว์,1+850,352,99,11,3,1,"1,298",56,14,4,3,"1,841",4.4,5,771,ขท.ศรีสะเกษที่ 2,ศรีสะเกษ
2127,100,ศิวาลัย - สำโรงเกียรติ,2+000,"1,553","2,186",0,0,0,224,192,63,56,41,"4,315",8.158,11,2256,ขท.ศรีสะเกษที่ 2,ศรีสะเกษ
2128,100,ขุนหาญ - กันทรอม,4+200,865,"2,399",0,0,0,36,115,6,12,2,"3,435",3.93,12,1894,ขท.ศรีสะเกษที่ 2,ศรีสะเกษ
2129,100,ทางเข้าลำนารายณ์,1+000,"9,309","3,525",442,308,381,"7,312",865,439,363,263,"23,207",11.285,97,4613,ขท.ลพบุรีที่ 2 (ลำนารายณ์),ลพบุรี
2131,100,ขอนแก่น - บ้านสะอาด,2+493,"5,252","4,776",332,29,518,"10,854",386,326,204,203,"22,880",7.281,32,4600,ขท.ขอนแก่นที่ 1,ขอนแก่น
2132,100,ท่าแร่ - นาเพียง,10+661,430,229,3,10,0,"1,259",79,20,30,24,"2,084",7.821,7,714,ขท.สกลนครที่ 1,สกลนคร
2133,100,ศรีบุญเรือง - ภูเวียง,0+500,"3,178",615,12,13,10,474,286,162,258,154,"5,162",17.106,19,1767,ขท.หนองบัวลำภู,หนองบัวลำภู
2133,100,ศรีบุญเรือง - ภูเวียง,34+000,"1,913",368,17,13,17,298,186,115,193,126,"3,246",20.025,13,1230,ขท.หนองบัวลำภู,ขอนแก่น
2134,101,ลืออำนาจ - พนา,2+000,"1,581","1,137",256,198,214,"2,138",510,266,167,171,"6,638",22.989,234,1484,ขท.อำนาจเจริญ,อำนาจเจริญ
2134,101,ลืออำนาจ - พนา,21+724,"1,003",944,258,199,212,956,207,179,200,151,"4,309",26.642,179,688,ขท.อำนาจเจริญ,อำนาจเจริญ
2134,102,พนา - ตระการพืชผล,42+171,"2,904","2,765",226,269,230,926,324,120,94,111,"7,969",14.406,210,2065,ขท.อำนาจเจริญ,อุบลราชธานี
2134,103,ตระการพืชผล - ดอนใหญ่,43+995,"3,181","2,214",240,198,148,"1,166",272,84,83,47,"7,633",10.9,172,2248,ขท.อำนาจเจริญ,อุบลราชธานี
2134,200,ดอนใหญ่ - โขงเจียม,79+969,451,594,64,27,16,382,114,32,9,5,"1,694",11.983,17,507,ขท.อุบลราชธานีที่ 2,อุบลราชธานี
2135,100,ดอนใหญ่ - หนามแท่ง,4+500,"2,637","1,065",200,175,159,995,340,189,112,83,"5,955",17.767,154,2125,ขท.อำนาจเจริญ,อุบลราชธานี
2135,100,ดอนใหญ่ - หนามแท่ง,36+391,"1,152",186,178,179,134,"2,708",139,130,89,70,"4,965",14.924,136,1334,ขท.อำนาจเจริญ,อุบลราชธานี
2138,100,บ้านใหม่ - นาด้วง,8+500,"4,546","1,664",44,5,4,248,4,5,4,2,"6,526",0.368,37,3430,ขท.เลยที่ 1,เลย
2140,100,วังสะพุง - นาหลวง,1+000,"2,961",88,18,4,12,519,209,36,22,19,"3,888",7.767,4,755,ขท.เลยที่ 1,เลย
2140,100,วังสะพุง - นาหลวง,14+551,461,62,2,0,0,"1,034",49,4,3,5,"1,620",3.765,3,1091,ขท.เลยที่ 1,เลย
2141,100,ตาดข่า - ภูป่าไผ่,10+300,"1,220",112,6,5,0,213,110,42,3,4,"1,715",9.563,7,1423,ขท.เลยที่ 1,เลย
2142,100,บ้านโพธิ์ - โคกโขง,2+000,223,156,1,1,2,245,4,2,0,1,635,1.575,2,176,ขท.บึงกาฬ,บึงกาฬ
2145,100,หนองยาง - บ้านซาง,2+000,112,69,2,3,2,170,12,1,0,1,372,5.108,3,270,ขท.บึงกาฬ,บึงกาฬ
2146,100,หนองบัวลำภู - เขื่อนอุบลรัตน์,38+000,"1,990","1,330",61,45,32,506,372,416,453,240,"5,445",28.613,98,1364,ขท.หนองบัวลำภู,หนองบัวลำภู
2146,100,หนองบัวลำภู - เขื่อนอุบลรัตน์,42+064,"1,909",535,27,7,1,597,308,314,347,268,"4,313",28.866,28,899,ขท.หนองบัวลำภู,หนองบัวลำภู
2146,100,หนองบัวลำภู - เขื่อนอุบลรัตน์,56+214,"2,246","1,399",22,9,7,676,389,302,444,250,"5,744",24.391,2,1017,ขท.หนองบัวลำภู,ขอนแก่น
2148,101,ด่านขุนทด - โคกสะอาด,2+000,"1,301","1,259",207,113,108,352,220,164,137,153,"4,014",22.297,4,956,ขท.นครราชสีมาที่ 2,นครราชสีมา
2150,101,บ้านวัด - คง,3+675,"1,887",514,37,10,0,406,221,74,94,67,"3,310",14.079,21,1117,ขท.นครราชสีมาที่ 1,นครราชสีมา
2150,102,คง - โนนไทย,23+804,770,327,8,2,2,415,270,108,42,25,"1,969",22.803,18,714,ขท.นครราชสีมาที่ 1,นครราชสีมา
2150,102,คง - โนนไทย,59+558,"2,375",276,5,1,6,569,120,64,89,34,"3,539",8.873,12,762,ขท.นครราชสีมาที่ 1,นครราชสีมา
2156,100,ยางตลาด - บ้านเสียว,7+000,"1,991",267,36,14,5,"2,053","1,698",88,44,37,"6,233",30.258,23,1464,ขท.กาฬสินธุ์,กาฬสินธุ์
2157,101,ขุขันธ์ - แยกโคกตาล,3+800,"1,787",264,83,38,23,"3,977",185,55,52,41,"6,505",6.057,28,2793,ขท.ศรีสะเกษที่ 1,ศรีสะเกษ
2159,100,ชัยภูมิ - ห้วยยางดำ,20+000,"2,785","1,531",1,49,2,"2,350",413,133,125,90,"7,479",10.857,90,1134,ขท.ชัยภูมิ,ชัยภูมิ
2159,201,ห้วยยางดำ - เกษตรสมบูรณ์,67+850,"1,294","1,113",4,0,4,"2,251",265,191,123,98,"5,343",12.746,21,1464,ขท.ขอนแก่นที่ 2 (ชุมแพ),ชัยภูมิ
2159,202,เกษตรสมบูรณ์ - หนองหล่ม,80+350,"1,405","1,283",5,4,4,"1,925",244,239,210,157,"5,476",15.668,33,1457,ขท.ขอนแก่นที่ 2 (ชุมแพ),ชัยภูมิ
2160,100,คง - บ้านเหลื่อม,3+685,659,93,0,0,0,"1,576",110,54,19,27,"2,538",8.274,11,1308,ขท.นครราชสีมาที่ 1,นครราชสีมา
2162,100,ทางเข้าเมืองจักราช,2+127,"1,227",597,196,125,121,701,302,145,107,55,"3,576",23.909,28,1057,ขท.นครราชสีมาที่ 3,นครราชสีมา
2164,100,ตะเคียน - ท่าขี้เหล็ก,0+522,198,118,66,53,30,55,61,45,47,80,753,41.965,5,336,ขท.นครราชสีมาที่ 2,นครราชสีมา
2166,100,เสิงสาง - ดอนแขวน,15+714,"1,367","1,632",411,346,339,"1,969",971,984,822,"1,010","9,851",45.396,238,3037,ขท.นครราชสีมาที่ 3,นครราชสีมา
2166,201,ดอนแขวน - หนองกี่,18+263,"1,794","1,603",176,103,158,"5,131","1,496",860,802,386,"12,509",30.418,75,2566,ขท.บุรีรัมย์,บุรีรัมย์
2166,202,หนองกี่ - โนนศรีคูณ,37+678,"2,349","1,383",320,81,112,"3,563","1,175",806,685,373,"10,847",29.796,71,2387,ขท.บุรีรัมย์,บุรีรัมย์
2166,203,โนนศรีคูณ - หนองผะองค์,83+878,"1,137",384,42,27,34,"2,103",113,142,172,150,"4,304",14.823,10,1330,ขท.บุรีรัมย์,บุรีรัมย์
2167,100,ตรางสวาย - ท่าด่าน,0+500,449,264,8,1,5,988,128,34,24,14,"1,915",10.757,39,721,ขท.ศรีสะเกษที่ 1,ศรีสะเกษ
2167,100,ตรางสวาย - ท่าด่าน,22+333,737,304,40,11,2,"1,340",244,72,40,24,"2,814",13.966,43,1570,ขท.ศรีสะเกษที่ 1,ศรีสะเกษ
2167,200,ท่าด่าน - สำโรงทาบ,38+426,279,62,6,1,0,402,34,18,7,10,819,8.547,4,383,ขท.สุรินทร์,สุรินทร์
2169,100,ยโสธร - กุดชุม,19+850,"2,729","1,621",61,64,19,"4,386",451,260,158,98,"9,847",10.663,14,3144,ขท.ยโสธร,ยโสธร
2170,102,วัดปทุมชาติ - หนองจาน,4+040,"1,443",468,0,0,0,"1,640",245,59,163,117,"4,135",14.123,2,694,ขท.ชัยภูมิ,ชัยภูมิ
2171,100,ท่าโพธิ์ศรี - น้ำยืน,23+500,920,"1,006",307,266,195,"1,023","1,029",879,844,840,"7,309",55.452,333,738,ขท.ศรีสะเกษที่ 2,อุบลราชธานี
2172,102,อ่างศิลา - โนนเรียง,31+000,"1,411","1,314",24,36,52,"1,708",606,625,661,609,"7,046",36.744,342,1363,ขท.อุบลราชธานีที่ 2,อุบลราชธานี
2173,100,นิคมลำโดมน้อย - โขงเจียม,6+100,415,272,3,2,1,124,27,10,0,0,854,4.684,0,314,ขท.อุบลราชธานีที่ 2,อุบลราชธานี
2173,100,นิคมลำโดมน้อย - โขงเจียม,12+800,396,758,65,65,59,141,94,54,35,41,"1,708",20.375,47,488,ขท.อุบลราชธานีที่ 2,อุบลราชธานี
2177,100,ศรีสงคราม - นาน้อย,5+514,"2,454","2,511",40,40,39,"2,145",409,382,396,429,"8,845",19.163,323,1681,ขท.นครพนม,นครพนม
2177,200,นาน้อย - อากาศอำนวย,32+000,"1,011",453,62,4,3,198,115,41,40,28,"1,955",11.816,10,734,ขท.สกลนครที่ 2 (สว่างแดนดิน),สกลนคร
2178,100,วารินชำราบ - หนองงูเหลือม,16+500,"11,600","3,296",46,135,68,118,304,225,127,121,"16,040",6.11,2,999,ขท.อุบลราชธานีที่ 1,อุบลราชธานี
2179,100,จัตุรัส - บำเหน็จณรงค์,2+048,"3,619",231,29,27,6,"3,236",681,238,254,200,"8,521",16.5,80,3716,ขท.ชัยภูมิ,ชัยภูมิ
2182,101,เดชอุดม - โนนเรียง,6+300,"2,361","2,224",56,88,33,"3,668",655,629,634,633,"10,981",24.333,261,2670,ขท.อุบลราชธานีที่ 2,อุบลราชธานี
2182,102,โนนเรียง - หนองแสง,46+200,"1,758",686,30,20,20,"2,297",546,27,33,24,"5,441",12.314,26,2439,ขท.อุบลราชธานีที่ 2,อุบลราชธานี
2183,101,น้ำพอง - โคกท่า,3+500,927,"1,127",16,13,11,170,170,40,28,8,"2,510",10.757,30,1265,ขท.ขอนแก่นที่ 1,ขอนแก่น
2183,102,โคกท่า - ท่าหิน,24+000,534,474,0,9,0,779,162,72,41,15,"2,086",14.334,44,594,ขท.ขอนแก่นที่ 1,ขอนแก่น
2185,200,โคกสะอาด - นาหว้า,11+425,"2,923","2,975",44,51,50,"2,580",426,402,416,435,"10,302",17.278,340,1996,ขท.นครพนม,นครพนม
2187,101,หนองเรือ -  นายม,5+000,"3,421",300,30,15,2,"1,129",370,62,98,56,"5,483",10.998,6,1162,ขท.ขอนแก่นที่ 2 (ชุมแพ),ขอนแก่น
2187,102,นายม -  หนองแวง,36+400,"1,895",38,0,0,0,"2,098",56,37,47,27,"4,198",3.978,0,449,ขท.ขอนแก่นที่ 2 (ชุมแพ),ชัยภูมิ
2188,100,กันทรวิชัย - บ้านขี,12+000,"4,405","4,395",90,86,70,780,526,238,170,127,"10,887",11.178,28,1421,ขท.มหาสารคาม,มหาสารคาม
2188,100,กันทรวิชัย - บ้านขี,22+000,"4,277","2,529",235,226,228,"3,539","1,595",495,440,320,"13,884",23.797,86,2369,ขท.มหาสารคาม,มหาสารคาม
2191,100,ทางเข้าเดชอุดม,0+851,"3,315","2,714",210,250,151,"6,272",747,789,770,662,"15,880",21.215,445,5946,ขท.อุบลราชธานีที่ 2,อุบลราชธานี
2195,101,เชียงคาน - ปากคาน,8+050,769,207,16,0,9,74,55,39,29,22,"1,220",12.623,26,566,ขท.เลยที่ 2 (ด่านซ้าย),เลย
2195,101,เชียงคาน - ปากคาน,28+200,716,158,4,0,0,68,46,38,16,15,"1,061",10.839,7,376,ขท.เลยที่ 2 (ด่านซ้าย),เลย
2195,103,อาฮี - เหมืองแพร่,70+607,844,783,57,48,45,685,563,535,448,386,"4,394",46.086,52,765,ขท.เลยที่ 2 (ด่านซ้าย),เลย
2195,103,อาฮี - เหมืองแพร่,90+102,747,635,28,52,41,457,437,323,267,311,"3,298",43.39,35,682,ขท.เลยที่ 2 (ด่านซ้าย),เลย
2195,103,อาฮี - เหมืองแพร่,111+802,176,157,18,16,16,80,39,12,18,34,566,23.852,9,299,ขท.เลยที่ 2 (ด่านซ้าย),เลย
2196,101,นางั่ว - ทุ่งสมอ,0+500,612,533,0,0,0,886,29,10,0,0,"2,070",1.884,0,811,ขท.เพชรบูรณ์ที่ 1,เพชรบูรณ์
2196,101,นางั่ว - ทุ่งสมอ,31+640,605,620,0,0,0,818,20,12,0,0,"2,075",1.542,0,741,ขท.เพชรบูรณ์ที่ 1,เพชรบูรณ์
2196,101,นางั่ว - ทุ่งสมอ,41+460,"1,553","1,613",0,0,0,"1,647",19,0,0,0,"4,832",0.393,0,1206,ขท.เพชรบูรณ์ที่ 1,เพชรบูรณ์
2198,100,ขามทะเลสอ - สีมุม,1+500,"2,971",86,8,6,12,213,121,64,54,29,"3,564",8.025,8,871,ขท.นครราชสีมาที่ 2,นครราชสีมา
2199,100,ชนบท - กุดรู,4+500,947,158,7,3,4,"2,027",98,165,51,17,"3,477",9.721,41,1099,ขท.ขอนแก่นที่ 3 (บ้านไผ่),ขอนแก่น
2201,101,ขุขันธ์ - แยกนาเจริญ,1+850,"1,742",453,16,16,19,"1,454",227,110,87,10,"4,134",11.345,40,1868,ขท.ศรีสะเกษที่ 1,ศรีสะเกษ
2201,102,แยกนาเจริญ - ช่องสะงำ,40+865,"1,078",104,22,23,12,457,82,29,35,4,"1,846",10.022,10,680,ขท.ศรีสะเกษที่ 1,ศรีสะเกษ
2208,101,ประโคนชัย - ห้วยละเวี้ย,2+700,880,122,16,12,9,"1,211",141,107,74,52,"2,624",15.053,7,768,ขท.บุรีรัมย์,บุรีรัมย์
2208,102,ห้วยละเวี้ย - ระกา,8+861,"1,845",177,11,15,2,"2,338",169,131,112,89,"4,889",10.595,17,1190,ขท.บุรีรัมย์,บุรีรัมย์
2208,102,ห้วยละเวี้ย - ระกา,27+184,"1,019",358,28,3,3,"2,041",559,455,314,366,"5,146",33.035,84,1361,ขท.บุรีรัมย์,บุรีรัมย์
2208,103,ระกา - กระสัง,42+516,"4,481",505,47,22,7,"4,623",271,196,208,180,"10,540",8.387,75,3512,ขท.บุรีรัมย์,บุรีรัมย์
2210,100,ขมิ้น - น้ำปลีก,1+000,897,689,233,215,212,"1,817",347,213,141,124,"4,888",25.614,180,1416,ขท.อำนาจเจริญ,อุบลราชธานี
2210,100,ขมิ้น - น้ำปลีก,34+500,"1,229",556,243,201,172,"1,509",379,155,116,106,"4,666",24.196,197,1602,ขท.อำนาจเจริญ,อำนาจเจริญ
2213,100,นาส่วง - นาเยีย,4+000,"2,017","1,789",60,34,22,"2,124",667,670,663,690,"8,736",31.433,269,1543,ขท.อุบลราชธานีที่ 2,อุบลราชธานี
2214,100,นากระแซง - บ้านดวน,1+000,479,573,214,190,157,712,597,626,664,635,"4,847",59.191,262,494,ขท.ศรีสะเกษที่ 2,อุบลราชธานี
2214,100,นากระแซง - บ้านดวน,30+437,753,808,271,293,308,860,828,749,778,663,"6,311",57.344,241,581,ขท.ศรีสะเกษที่ 2,อุบลราชธานี
2215,101,บุ่งน้ำเต้า - บ้านกลาง,8+000,623,384,0,0,0,"1,052",50,12,2,3,"2,126",3.151,15,928,ขท.เพชรบูรณ์ที่ 1,เพชรบูรณ์
2216,201,ห้วยสนามทราย - โคกมน,4+000,123,83,0,0,0,"1,081",50,24,22,25,"1,408",8.594,35,241,ขท.เพชรบูรณ์ที่ 1,เพชรบูรณ์
2216,202,โคกมน - กกกะทอน,10+050,987,104,6,3,0,525,62,15,10,10,"1,722",5.807,8,628,ขท.เพชรบูรณ์ที่ 1,เพชรบูรณ์
2216,202,โคกมน - กกกะทอน,59+000,638,133,6,2,1,296,30,11,8,11,"1,136",5.546,27,631,ขท.เพชรบูรณ์ที่ 1,เพชรบูรณ์
2216,202,โคกมน - กกกะทอน,95+000,509,182,5,4,0,"2,011",114,56,25,9,"2,915",7.136,4,628,ขท.เพชรบูรณ์ที่ 1,เพชรบูรณ์
2217,100,ด่านขุนทด - หนองกราด,1+700,"1,320",913,30,18,26,69,40,31,27,32,"2,506",6.943,5,1096,ขท.นครราชสีมาที่ 2,นครราชสีมา
2218,100,คำเพิ่ม - ห้วยบาง,1+000,"1,718",732,41,25,2,653,289,29,15,7,"3,511",10.453,6,770,ขท.สกลนครที่ 2 (สว่างแดนดิน),สกลนคร
2218,100,คำเพิ่ม - ห้วยบาง,29+220,"1,888",552,122,84,43,"1,222",89,59,69,30,"4,158",8.995,91,1492,ขท.สกลนครที่ 2 (สว่างแดนดิน),สกลนคร
2219,102,ดอนดึง - โคกเจริญ,17+000,923,"1,304",90,75,79,810,380,312,352,142,"4,467",29.998,39,883,ขท.ลพบุรีที่ 1,ลพบุรี
2219,102,ดอนดึง - โคกเจริญ,24+012,"2,137",919,145,54,70,666,537,438,441,92,"5,499",29.678,198,1677,ขท.ลพบุรีที่ 1,ลพบุรี
2219,102,ดอนดึง - โคกเจริญ,36+624,969,785,61,40,41,575,451,391,392,416,"4,121",42.004,200,659,ขท.ลพบุรีที่ 1,ลพบุรี
2219,200,โคกเจริญ - หนองมะค่า,47+335,"1,168",479,126,103,119,"1,445",290,369,175,148,"4,422",27.227,8,750,ขท.ลพบุรีที่ 2 (ลำนารายณ์),ลพบุรี
2219,300,หนองมะค่า - ศรีเทพน้อย,61+425,613,377,0,0,0,475,30,10,14,20,"1,539",4.808,26,551,ขท.เพชรบูรณ์ที่ 2 (บึงสามพัน),เพชรบูรณ์
2219,300,หนองมะค่า - ศรีเทพน้อย,77+478,213,95,0,0,0,780,35,33,20,15,"1,191",8.648,37,567,ขท.เพชรบูรณ์ที่ 2 (บึงสามพัน),เพชรบูรณ์
2220,100,กลางดง - วัดเทพพิทักษ์ปุณณาราม,1+000,"1,063",914,378,334,268,"1,041",655,518,62,0,"5,233",35.104,311,881,ขท.นครราชสีมาที่ 2,นครราชสีมา
2222,100,โขงเจียม - สะพือ,20+000,862,664,63,15,11,162,102,49,49,31,"2,008",12.799,17,522,ขท.อุบลราชธานีที่ 2,อุบลราชธานี
2224,100,มวกเหล็ก - กลุ่มพระบาท,2+100,"2,386","2,239",133,125,124,"2,509",256,227,386,205,"8,590",15.402,110,1779,ขท.สระบุรี,สระบุรี
2224,100,มวกเหล็ก - กลุ่มพระบาท,10+987,"2,232","1,888",142,122,90,"1,858",122,78,49,48,"6,629",7.678,91,1907,ขท.สระบุรี,สระบุรี
2224,200,กลุ่มพระบาท - ซับน้อยเหนือ,30+687,651,450,236,231,153,746,250,140,111,89,"3,057",31.861,71,532,ขท.ลพบุรีที่ 2 (ลำนารายณ์),สระบุรี
2226,100,วังหิน - หนองนางดำ,5+000,"1,538",452,14,19,17,"3,469",219,249,303,259,"6,539",16.302,16,1994,ขท.นครราชสีมาที่ 1,นครราชสีมา
2226,100,วังหิน - หนองนางดำ,35+855,"1,310",172,0,2,11,"3,557",328,120,318,214,"6,032",16.462,8,2235,ขท.นครราชสีมาที่ 1,นครราชสีมา
2226,201,หนองนางดำ - หนองขมาร,61+000,600,111,3,0,6,"1,977",161,103,142,64,"3,167",15.03,0,1192,ขท.บุรีรัมย์,บุรีรัมย์
2226,202,หนองขมาร - สตึก,77+755,478,113,26,14,8,"2,214",194,60,36,21,"3,164",10.525,50,1757,ขท.บุรีรัมย์,บุรีรัมย์
2229,100,กุดเรือคำ - บ้านม่วง,12+000,975,285,20,6,9,"1,013",119,90,44,24,"2,585",11.296,19,935,ขท.บึงกาฬ,สกลนคร
2230,100,เหล่าอุดม - บ้านปัก,3+000,769,524,149,97,59,"1,687",311,310,281,218,"4,405",28.967,186,934,ขท.อุดรธานีที่ 2 (หนองหาน),อุดรธานี
2230,200,บ้านปัก - เฝ้าไร่,24+000,"1,436","1,061",53,35,12,339,33,45,57,33,"3,104",6.927,15,945,ขท.หนองคาย,หนองคาย
2231,200,ท่าไฮ - กุงเก่า,8+800,390,423,147,117,150,"1,163",176,144,161,151,"3,022",29.749,87,882,ขท.กาฬสินธุ์,กาฬสินธุ์
2232,100,หนองผือ - นาไฮ,22+700,"1,420",326,208,205,231,"1,076",113,109,87,60,"3,835",20.991,200,1603,ขท.อำนาจเจริญ,อุบลราชธานี
2232,100,หนองผือ - นาไฮ,23+775,"1,294",679,291,195,226,"1,525",214,158,138,147,"4,867",22.149,189,1256,ขท.อำนาจเจริญ,อุบลราชธานี
2233,100,พล - ท่านางแนว,7+000,745,304,9,2,1,"1,367",41,9,20,15,"2,513",3.502,4,755,ขท.ขอนแก่นที่ 3 (บ้านไผ่),ขอนแก่น
2233,100,พล - ท่านางแนว,27+000,130,55,0,0,0,750,48,25,4,0,"1,012",7.609,6,519,ขท.ขอนแก่นที่ 3 (บ้านไผ่),ขอนแก่น
2235,100,หนองสาหร่าย - หนองสองห้อง,13+300,"3,164","1,752",231,204,178,"1,260",583,348,149,118,"7,987",19.782,46,1265,ขท.นครราชสีมาที่ 2,นครราชสีมา
2236,100,สำโรงเกียรติ - ช่องพระพลัย,0+500,916,19,0,0,5,17,18,24,14,3,"1,016",6.299,0,840,ขท.ศรีสะเกษที่ 2,ศรีสะเกษ
2239,100,บ้านต้อง - ศรีธาตุ,20+000,497,247,8,1,2,"1,485",92,61,45,21,"2,459",9.028,37,587,ขท.อุดรธานีที่ 2 (หนองหาน),อุดรธานี
2242,100,บุ่งเขียว - เขมราฐ,0+400,"1,264",423,264,235,245,"1,121",217,174,120,167,"4,230",27.376,96,1558,ขท.อำนาจเจริญ,อุบลราชธานี
2243,101,บัวชุม - สี่แยกบัวชุม,4+000,"3,564",972,122,27,39,"3,765",423,104,50,27,"9,093",7.368,54,1385,ขท.ลพบุรีที่ 2 (ลำนารายณ์),ลพบุรี
2243,102,สี่แยกบัวชุม - โป่งเกตุ,28+000,"1,670",501,100,25,44,"1,917",240,186,129,88,"4,900",14.531,20,1030,ขท.ลพบุรีที่ 2 (ลำนารายณ์),ลพบุรี
2243,200,อีเหลอ - ปากช่อง,68+138,"2,527","2,109",197,193,186,757,270,106,97,83,"6,525",14.33,30,1166,ขท.นครราชสีมาที่ 2,นครราชสีมา
2244,100,มอดินแดง - ศรีเทพน้อย,1+500,111,36,0,0,0,904,11,20,22,16,"1,120",6.161,30,640,ขท.เพชรบูรณ์ที่ 2 (บึงสามพัน),เพชรบูรณ์
2245,100,นาตะกรุด - หนองบัวเริง,2+000,90,33,0,0,0,578,24,20,21,18,784,10.587,42,452,ขท.เพชรบูรณ์ที่ 2 (บึงสามพัน),เพชรบูรณ์
2246,100,บ่อตะครอง - โคกสำราญ,2+000,"1,328",521,3,6,3,87,122,28,49,24,"2,171",10.686,8,906,ขท.ขอนแก่นที่ 3 (บ้านไผ่),ขอนแก่น
2246,201,โคกสำราญ - โคกสี,34+631,"1,851",65,6,19,2,269,152,65,92,28,"2,549",14.045,13,904,ขท.นครราชสีมาที่ 1,นครราชสีมา
2247,101,จงโก - ลำสมพุง,0+147,"1,574",291,70,9,42,"1,769",100,100,37,0,"3,992",7.214,0,1360,ขท.ลพบุรีที่ 2 (ลำนารายณ์),ลพบุรี
2247,101,จงโก - ลำสมพุง,24+247,"1,630",326,72,31,21,"1,885",103,119,92,47,"4,326",9.547,47,1244,ขท.ลพบุรีที่ 2 (ลำนารายณ์),ลพบุรี
2247,102,ลำสมพุง - ป่าไผ่,37+037,974,897,26,13,10,"1,032",285,205,21,27,"3,490",16.074,107,852,ขท.ลพบุรีที่ 2 (ลำนารายณ์),สระบุรี
2247,200,ป่าไผ่ - ปากช่อง,64+037,"4,156","2,437",301,275,266,"1,176",353,182,124,113,"9,383",13.993,41,2288,ขท.นครราชสีมาที่ 2,นครราชสีมา
2248,101,ภูมิซรอล - บ้านด่าน,2+000,740,358,30,18,1,"1,086",130,63,178,87,"2,691",17.726,33,1166,ขท.ศรีสะเกษที่ 2,ศรีสะเกษ
2248,102,บ้านด่าน - ซำหวาย,20+147,959,763,221,193,195,979,932,926,951,765,"6,884",57.554,290,722,ขท.ศรีสะเกษที่ 2,อุบลราชธานี
2248,102,บ้านด่าน - ซำหวาย,34+262,"1,140","1,197",453,417,386,"1,280","1,067","1,047","1,071",963,"9,021",54.883,619,958,ขท.ศรีสะเกษที่ 2,อุบลราชธานี
2248,200,ซำหวาย - บุญฑริก,72+015,954,719,28,21,21,"3,416",698,30,31,29,"5,947",13.957,49,2764,ขท.อุบลราชธานีที่ 2,อุบลราชธานี
2248,200,ซำหวาย - บุญฑริก,101+762,"1,057",960,30,26,17,"2,017",550,40,30,27,"4,754",14.514,53,1816,ขท.อุบลราชธานีที่ 2,อุบลราชธานี
2249,101,ไร่ทาม - วังแคน,11+200,"3,523","1,309",27,8,3,490,6,5,3,2,"5,376",0.502,48,2936,ขท.เลยที่ 1,เลย
2250,100,ห้วยทรายคำ - หนองคัน,0+500,356,156,16,12,29,878,261,63,41,21,"1,833",23.295,4,572,ขท.เลยที่ 1,เลย
2252,100,ปทุมราชวงศา - กุดข้าวปุ้น,8+000,"1,144",407,222,172,149,"1,045",199,112,114,87,"3,651",22.816,111,1749,ขท.อำนาจเจริญ,อำนาจเจริญ
2253,100,คำพิมูล - คำม่วง,3+000,"2,420","1,821",171,166,133,"2,560","1,462","1,237","1,153","1,027","12,150",42.617,101,3097,ขท.กาฬสินธุ์,กาฬสินธุ์
2255,100,นาข่า - สุมเส้า,9+500,"1,151",492,48,11,18,"2,060",216,129,72,12,"4,209",10.881,16,1053,ขท.อุดรธานีที่ 2 (หนองหาน),อุดรธานี
2256,101,ถนนโค้ง - หนองน้ำใส,4+502,"4,039","1,530",135,141,135,"2,673",518,"1,403","1,592",322,"12,488",32.92,31,1573,ขท.ลพบุรีที่ 2 (ลำนารายณ์),ลพบุรี
2256,101,ถนนโค้ง - หนองน้ำใส,8+900,"3,324",153,14,5,34,121,199,190,152,87,"4,279",15.588,12,334,ขท.ลพบุรีที่ 2 (ลำนารายณ์),ลพบุรี
2256,200,ปางโก - กุดม่วง,65+305,"1,164",967,27,32,23,603,131,369,343,358,"4,017",31.267,5,955,ขท.นครราชสีมาที่ 2,นครราชสีมา
2258,100,สะเดาะพง - เสลี่ยงแห้ง2,1+700,418,377,0,0,0,607,0,0,0,0,"1,402",0,0,484,ขท.เพชรบูรณ์ที่ 1,เพชรบูรณ์
2259,100,เสลภูมิ - คำโพนสูง,13+500,"1,401","1,351",142,131,182,"1,508",185,117,99,80,"5,196",15.281,11,1128,ขท.ยโสธร,ร้อยเอ็ด
2259,100,เสลภูมิ - คำโพนสูง,42+400,"1,428","1,330",149,135,191,"1,570",181,118,106,83,"5,291",15.385,10,1319,ขท.ยโสธร,ร้อยเอ็ด
2260,100,ลำสนธิ - ซับลังกา,2+625,"1,195","1,034",14,8,6,689,162,25,7,0,"3,140",6.624,82,1576,ขท.ลพบุรีที่ 2 (ลำนารายณ์),ลพบุรี
2260,100,ลำสนธิ - ซับลังกา,12+700,"1,531","1,219",51,22,23,"1,582",179,95,0,0,"4,702",6.784,64,1014,ขท.ลพบุรีที่ 2 (ลำนารายณ์),ลพบุรี
2260,100,ลำสนธิ - ซับลังกา,25+054,"1,742","1,364",26,14,22,"1,577",93,78,16,3,"4,935",4.58,41,1222,ขท.ลพบุรีที่ 2 (ลำนารายณ์),ลพบุรี
2262,100,สำโรงทาบ - ม่วงหมาก,4+500,"1,196",236,1,0,0,"1,751",84,22,7,10,"3,307",3.719,15,2117,ขท.สุรินทร์,สุรินทร์
2263,100,อุดรธานี - บ้านเพีย,3+900,"2,475","2,484",148,38,3,629,459,186,67,36,"6,525",12.092,22,2848,ขท.อุดรธานีที่ 1,อุดรธานี
2263,201,บ้านเพีย - ทุ่งตาลเลียน,22+050,"3,011","2,857",159,138,83,"1,948",719,629,581,392,"10,517",24.17,65,2158,ขท.หนองบัวลำภู,อุดรธานี
2266,100,ศรีเชียงใหม่ - ห้วยทอน,14+000,855,264,151,14,7,440,17,12,7,0,"1,767",3.226,53,448,ขท.หนองคาย,หนองคาย
2266,200,ห้วยทอน -  กลางใหญ่,28+778,"1,495",261,10,11,1,173,110,119,99,62,"2,341",17.172,159,823,ขท.อุดรธานีที่ 1,อุดรธานี
2267,101,โพนพิสัย - โนนต้อง,24+700,"1,154",665,38,19,16,382,102,85,55,49,"2,565",12.71,20,819,ขท.หนองคาย,หนองคาย
2268,100,เชียงยืน - คำใหญ่,16+200,"2,342",376,77,47,47,"2,149",228,80,58,61,"5,465",9.533,91,1674,ขท.ขอนแก่นที่ 1,มหาสารคาม
2268,200,คำใหญ่ - ท่าคันโท,39+280,503,254,92,73,72,"1,550",216,203,234,198,"3,395",29.337,64,1492,ขท.กาฬสินธุ์,กาฬสินธุ์
2268,200,คำใหญ่ - ท่าคันโท,48+639,643,431,67,69,64,"2,534",384,232,198,170,"4,792",23.31,68,2344,ขท.กาฬสินธุ์,กาฬสินธุ์
2268,200,คำใหญ่ - ท่าคันโท,76+938,533,299,71,60,67,"1,857",292,176,115,97,"3,567",22.624,56,1847,ขท.กาฬสินธุ์,กาฬสินธุ์
2269,100,โนนใหม่ -  หนองคู,2+500,516,269,0,0,0,859,126,30,16,6,"1,822",9.769,21,643,ขท.ร้อยเอ็ด,ร้อยเอ็ด
2269,200,หนองคู - ดงบัง,22+050,"1,586","1,604",43,22,37,"1,803",313,136,89,43,"5,676",11.276,9,1283,ขท.มหาสารคาม,มหาสารคาม
2270,100,มีชัย - ลำน้ำสงคราม,4+000,749,122,6,2,0,843,60,26,37,9,"1,854",7.228,12,370,ขท.อุดรธานีที่ 2 (หนองหาน),อุดรธานี
2271,100,ปากน้ำ - เฉลียงลับ,1+000,"1,950","1,395",25,18,9,760,402,321,206,158,"5,244",21.243,129,2920,ขท.เพชรบูรณ์ที่ 1,เพชรบูรณ์
2272,100,หนองยายโต๊ะ - แยกท่ามะนาว,3+000,"2,312","1,034",69,18,25,"2,560",77,981,31,0,"7,107",15.928,47,1737,ขท.ลพบุรีที่ 2 (ลำนารายณ์),ลพบุรี
2273,100,บ้านหมาก - เขาแดง,1+000,"2,339",202,109,102,82,"2,252",136,137,77,55,"5,491",10.727,92,1800,ขท.สระบุรี,สระบุรี
2273,200,เขาแดง - สวนมะเดื่อ,4+200,"1,108",655,182,174,141,889,339,270,152,120,"4,030",29.677,55,844,ขท.ลพบุรีที่ 2 (ลำนารายณ์),นครราชสีมา
2274,100,อีเหลอ - ปางหัวช้าง,2+500,886,737,267,250,218,873,499,152,75,84,"4,041",31.626,31,725,ขท.นครราชสีมาที่ 2,นครราชสีมา
2274,200,ปางหัวช้าง - คลองไทร,17+900,"1,164",596,52,41,15,"1,235",258,118,41,5,"3,525",13.56,0,867,ขท.ลพบุรีที่ 2 (ลำนารายณ์),สระบุรี
2275,100,หนองบง - ซับลังกา,2+250,"1,748","1,046",73,12,22,"1,419",411,310,83,101,"5,225",17.971,57,1311,ขท.ลพบุรีที่ 2 (ลำนารายณ์),ลพบุรี
2275,201,ซับลังกา - แยกศรีเทพ,16+673,99,63,0,0,0,470,26,30,22,23,733,13.779,52,508,ขท.เพชรบูรณ์ที่ 2 (บึงสามพัน),เพชรบูรณ์
2275,202,แยกศรีเทพ - ซับบอน,47+638,"1,637",472,52,28,0,"2,087",47,117,47,42,"4,529",6.204,31,926,ขท.เพชรบูรณ์ที่ 2 (บึงสามพัน),เพชรบูรณ์
2275,202,แยกศรีเทพ - ซับบอน,52+057,568,159,72,20,0,859,109,93,82,43,"2,005",17.307,35,658,ขท.เพชรบูรณ์ที่ 2 (บึงสามพัน),เพชรบูรณ์
2275,203,หนองแดง - ห้วยไร่,79+500,"1,406",735,17,16,15,"2,563",125,70,46,26,"5,019",5.937,88,1283,ขท.เพชรบูรณ์ที่ 2 (บึงสามพัน),เพชรบูรณ์
2275,301,ห้วยไร่ - ห้วยใหญ่,114+848,"1,646","1,092",18,15,10,832,476,346,282,171,"4,888",26.596,127,1622,ขท.เพชรบูรณ์ที่ 1,เพชรบูรณ์
2275,301,ห้วยไร่ - ห้วยใหญ่,158+425,"1,694","1,357",34,23,15,900,441,312,252,187,"5,215",23.586,155,1426,ขท.เพชรบูรณ์ที่ 1,เพชรบูรณ์
2275,302,ห้วยใหญ่ - น้ำเดื่อ,161+500,"1,690","1,045",42,18,0,"1,514",72,60,35,18,"4,494",4.517,69,1409,ขท.เพชรบูรณ์ที่ 1,เพชรบูรณ์
2275,303,น้ำเดื่อ - น้ำดุก,191+750,215,105,0,0,0,"1,397",51,16,0,0,"1,784",3.756,22,1163,ขท.เพชรบูรณ์ที่ 1,เพชรบูรณ์
2276,100,กุรุคุ - เรณูนคร,8+295,"1,122",517,20,18,26,"2,813",131,107,53,39,"4,846",7.718,80,2843,ขท.นครพนม,นครพนม
2276,100,กุรุคุ - เรณูนคร,28+983,"1,082",539,39,34,12,"2,877",130,99,56,37,"4,905",7.503,111,2733,ขท.นครพนม,นครพนม
2278,100,หัวนา - กกโอ,1+000,271,32,3,4,0,332,28,5,1,2,678,5.9,30,600,ขท.เพชรบูรณ์ที่ 1,เพชรบูรณ์
2280,101,สนามชัย - เจริญศิลป์,4+800,"1,370","1,198",79,13,1,"1,827",258,173,288,174,"5,381",16.856,6,1335,ขท.สกลนครที่ 2 (สว่างแดนดิน),สกลนคร
2281,100,โคกคอน - ชัยยานนท์,0+500,929,393,103,35,6,538,272,146,43,43,"2,508",21.73,89,889,ขท.สกลนครที่ 2 (สว่างแดนดิน),สกลนคร
2282,100,มะนาวหวาน - โป่งเกตุ,17+500,"1,472",708,49,27,33,"1,401",307,173,64,37,"4,271",15.008,16,864,ขท.ลพบุรีที่ 2 (ลำนารายณ์),ลพบุรี
2283,100,สังขะ - บ้านด่าน,4+000,"1,032",583,9,6,2,452,174,42,96,73,"2,469",15.917,19,884,ขท.สุรินทร์,สุรินทร์
2285,100,ประทาย - ชุมพวง,2+750,"1,438",72,12,11,0,"2,616",141,243,492,256,"5,281",21.644,22,922,ขท.นครราชสีมาที่ 1,นครราชสีมา
2287,100,ดงหลวง - สานแว้,3+835,"1,288","1,091",191,164,155,"2,114",499,366,207,138,"6,213",24.61,119,2012,ขท.มุกดาหาร,มุกดาหาร
2287,100,ดงหลวง - สานแว้,43+335,484,667,153,118,99,"1,020",352,138,134,120,"3,285",29.254,144,753,ขท.มุกดาหาร,มุกดาหาร
2287,200,สานแว้ - กุดปลาค้าว,78+335,931,742,120,60,38,"1,349",169,56,14,6,"3,485",9.842,23,1103,ขท.สกลนครที่ 1,กาฬสินธุ์
2288,100,หนองยาว - ลำดวน,5+250,676,103,61,3,3,937,125,26,26,29,"1,989",10.659,22,455,ขท.สุรินทร์,สุรินทร์
2289,100,บ้านโพน - ลำพันชาด,1+000,"2,599","2,001",109,112,108,"2,693","1,867","1,402","1,222",820,"12,933",42.767,105,3179,ขท.กาฬสินธุ์,กาฬสินธุ์
2289,200,ลำพันชาด - วังสามหมอ,23+553,755,296,39,41,13,735,207,122,61,28,"2,297",20.549,16,677,ขท.อุดรธานีที่ 2 (หนองหาน),อุดรธานี
2291,101,กุฉินารายณ์ - นาคู,0+200,"2,788","1,231",22,9,6,"4,671",390,158,128,96,"9,499",8.285,34,2172,ขท.สกลนครที่ 1,กาฬสินธุ์
2291,101,กุฉินารายณ์ - นาคู,20+188,"1,499",931,26,14,5,"5,116",163,34,23,11,"7,822",3.196,21,5038,ขท.สกลนครที่ 1,กาฬสินธุ์
2291,101,กุฉินารายณ์ - นาคู,25+000,837,388,16,13,4,"1,846",110,30,12,1,"3,257",5.22,8,1416,ขท.สกลนครที่ 1,กาฬสินธุ์
2291,102,นาคู - สร้างค้อ,34+000,254,101,0,12,1,949,45,13,8,3,"1,386",5.916,9,850,ขท.สกลนครที่ 1,กาฬสินธุ์
2292,102,สงเปือย - โนนตูม,17+700,"1,373",503,40,6,11,"3,381",59,31,23,18,"5,445",2.718,78,2285,ขท.มุกดาหาร,มุกดาหาร
2294,100,แก่งไฮ - ห้วยติ้ว,6+600,233,162,87,60,42,152,74,46,16,26,898,29.399,15,366,ขท.เลยที่ 2 (ด่านซ้าย),เลย
2296,100,ทางเข้าแก่งตะนะ,2+000,210,252,25,13,1,168,26,0,0,0,695,5.755,26,231,ขท.อุบลราชธานีที่ 2,อุบลราชธานี
2297,100,บ้านลาน - เปือยน้อย,1+175,"1,209","1,229",4,8,4,481,366,493,521,320,"4,635",36.936,13,963,ขท.ขอนแก่นที่ 3 (บ้านไผ่),ขอนแก่น
2298,100,แหลมทอง - สระมะค่า,0+500,"1,236",732,335,225,163,620,344,210,184,163,"4,212",30.603,126,1089,ขท.นครราชสีมาที่ 3,นครราชสีมา
2300,100,หนองแหน - หนองเขื่อน,5+500,"1,879","1,870",246,196,159,"1,155",871,541,528,478,"7,923",34.999,48,1557,ขท.มหาสารคาม,มหาสารคาม
2301,100,หินตั้ง - หนองสองห้อง,5+000,"1,397","1,274",3,2,1,414,342,517,431,269,"4,650",33.591,54,1180,ขท.ขอนแก่นที่ 3 (บ้านไผ่),ขอนแก่น
2302,100,กอไผ่ - บุ่งน้ำเต้า,19+000,600,542,0,0,0,845,0,0,0,0,"1,987",0,0,604,ขท.เพชรบูรณ์ที่ 1,เพชรบูรณ์
2306,100,ห้วยมะเขือ - โจ๊ะโหวะ,0+500,695,53,14,0,0,750,40,14,0,0,"1,566",3.448,44,1114,ขท.เพชรบูรณ์ที่ 1,เพชรบูรณ์
2307,100,วานรนิวาส - บ้านเซือม,10+000,"1,175",190,20,1,0,"1,833",124,102,76,36,"3,557",9.531,3,850,ขท.สกลนครที่ 2 (สว่างแดนดิน),สกลนคร
2308,100,บ้านขาม - บ้านเซือม,2+070,"1,163",201,31,7,7,88,48,14,4,1,"1,564",5.179,21,696,ขท.สกลนครที่ 2 (สว่างแดนดิน),สกลนคร
2310,100,สวนสัตว์นครราชสีมา - ท่าอ่าง,1+000,"5,284","4,908",382,238,252,"5,311",685,407,287,254,"18,008",11.789,214,3604,ขท.นครราชสีมาที่ 3,นครราชสีมา
2312,100,หนองหาน - สุมเส้า,1+500,781,255,15,1,2,"1,582",118,66,45,21,"2,886",8.766,9,1037,ขท.อุดรธานีที่ 2 (หนองหาน),อุดรธานี
2312,100,หนองหาน - สุมเส้า,27+000,867,163,26,9,8,"1,780",173,100,73,47,"3,246",12.631,15,1147,ขท.อุดรธานีที่ 2 (หนองหาน),อุดรธานี
2314,100,หนองวัวซอ - กุดจับ,2+000,959,336,69,6,1,"1,095",48,74,16,12,"2,616",6.002,35,1096,ขท.หนองบัวลำภู,อุดรธานี
2315,100,หนองวัวซอ - อูบมุง,0+750,"1,562",257,61,30,7,"2,718",106,49,32,38,"4,860",5.391,28,2180,ขท.หนองบัวลำภู,อุดรธานี
2316,101,โคกผักหวาน - ท่ายม,2+600,856,80,15,4,0,940,92,76,23,23,"2,109",10.337,62,1143,ขท.อุดรธานีที่ 1,อุดรธานี
2316,102,ท่ายม - บ้านเหล่า,18+625,"2,011","2,017",6,0,0,576,90,72,34,33,"4,839",4.732,17,1557,ขท.อุดรธานีที่ 1,อุดรธานี
2316,102,ท่ายม - บ้านเหล่า,54+525,"1,748",99,27,2,3,121,83,69,35,37,"2,224",10.297,19,822,ขท.อุดรธานีที่ 1,อุดรธานี
2318,100,ทุ่งใหญ่ - ทุ่งฝน,5+000,697,354,36,39,19,"1,335",129,41,18,30,"2,698",10.23,51,1018,ขท.อุดรธานีที่ 2 (หนองหาน),อุดรธานี
2320,100,เนินสง่า - น้ำร้อน,0+750,581,483,15,7,0,"1,986",55,31,29,11,"3,198",4.159,37,1563,ขท.เพชรบูรณ์ที่ 2 (บึงสามพัน),เพชรบูรณ์
2321,100,ใหม่สามัคคี - นิยมชัย,3+400,851,631,43,28,12,"1,291",335,260,138,80,"3,669",23.249,22,884,ขท.ลพบุรีที่ 2 (ลำนารายณ์),ลพบุรี
2321,200,นิยมชัย - สระโบสถ์,34+500,"1,984","2,266",174,134,64,"2,337",678,139,66,24,"7,866",14.048,4,2032,ขท.ลพบุรีที่ 1,ลพบุรี
2322,101,โสกขุ่น - โกสุมพิสัย,8+800,"1,250",872,15,20,37,786,183,89,102,103,"3,457",15.447,6,772,ขท.มหาสารคาม,มหาสารคาม
2322,102,โกสุมพิสัย - โคกสูง,26+396,"3,599","4,117",55,49,58,893,479,260,192,145,"9,847",12.014,73,3112,ขท.มหาสารคาม,มหาสารคาม
2322,201,โคกสูง -  หนองกุงใหญ่,45+396,"4,385","1,408",49,51,50,"5,032",279,166,58,46,"11,524",5.64,86,3533,ขท.ขอนแก่นที่ 1,มหาสารคาม
2322,201,โคกสูง -  หนองกุงใหญ่,48+292,"1,361",372,64,64,55,"2,161",167,75,59,56,"4,434",10.735,78,1863,ขท.ขอนแก่นที่ 1,มหาสารคาม
2322,201,โคกสูง -  หนองกุงใหญ่,75+492,"1,546",198,70,67,51,"2,093",140,82,69,54,"4,370",10.595,88,1592,ขท.ขอนแก่นที่ 1,ขอนแก่น
2322,202,หนองกุงใหญ่ - กุดจิก,97+792,"1,604",911,128,50,28,859,311,163,141,123,"4,318",18.898,166,1552,ขท.ขอนแก่นที่ 1,ขอนแก่น
2322,300,กุดจิก - ท่าคันโท,117+158,538,351,79,68,107,"2,176",259,231,177,174,"4,160",24.423,58,1884,ขท.กาฬสินธุ์,กาฬสินธุ์
2323,100,ทางเข้าอนุสรณ์ผู้เสียสละเขาค้อ,1+000,134,118,0,0,0,132,0,0,0,0,384,0,0,91,ขท.เพชรบูรณ์ที่ 1,เพชรบูรณ์
2323,100,ทางเข้าอนุสรณ์ผู้เสียสละเขาค้อ,5+700,116,122,0,0,0,136,0,0,0,0,374,0,0,86,ขท.เพชรบูรณ์ที่ 1,เพชรบูรณ์
2325,100,เขาค้อ - หนองแม่นา,0+500,506,520,0,0,0,781,18,0,0,0,"1,825",0.986,0,691,ขท.เพชรบูรณ์ที่ 1,เพชรบูรณ์
2326,100,เพชรบูรณ์ - ห้วยใหญ่,7+000,"1,270","1,036",53,21,2,"1,735",140,140,86,33,"4,516",9.345,108,1113,ขท.เพชรบูรณ์ที่ 1,เพชรบูรณ์
2327,100,บัวคำ - โพธิ์ชัย,3+500,771,128,16,2,2,"1,853",84,16,18,11,"2,901",4.585,20,1200,ขท.ร้อยเอ็ด,ร้อยเอ็ด
2328,101,แยกเขาช่องจอม - ปวงตึก,2+227,713,90,2,2,3,455,56,36,59,9,"1,425",11.579,13,475,ขท.สุรินทร์,สุรินทร์
2328,102,ปวงตึก - นาตำบล,32+197,777,357,2,0,0,619,257,53,62,43,"2,170",19.124,8,946,ขท.สุรินทร์,สุรินทร์
2329,100,เพ็ญ - สร้างคอม,3+000,731,275,12,24,2,"2,030",112,59,84,34,"3,363",9.367,13,1498,ขท.อุดรธานีที่ 2 (หนองหาน),อุดรธานี
2330,100,สร้างค้อ - ห้วยหวด,1+000,157,41,0,0,0,661,67,16,3,1,946,9.197,8,507,ขท.สกลนครที่ 1,สกลนคร
2331,100,โจ๊ะโหวะ - อุทยานแห่งชาติภูหินร่องกล้า,2+000,993,84,15,0,0,532,25,14,1,0,"1,664",2.404,19,487,ขท.เพชรบูรณ์ที่ 1,เพชรบูรณ์
2331,200,อุทยานแห่งชาติภูหินร่องกล้า - นครไทย,66+500,669,54,3,0,0,22,35,13,0,0,796,6.03,5,506,ขท.พิษณุโลกที่ 2 (วังทอง),พิษณุโลก
2333,100,หนองสนิท - ศรีสำโรง,4+500,840,426,107,77,34,414,239,149,122,95,"2,503",28.606,198,494,ขท.สุรินทร์,สุรินทร์
2334,100,จอมพระ - ศีขรภูมิ,13+808,280,65,6,2,0,555,53,7,4,6,978,7.362,32,346,ขท.สุรินทร์,สุรินทร์
2335,100,ภูมิซรอล  - สำโรงเกียรติ,0+700,105,44,3,3,1,527,40,8,13,6,750,9.467,8,369,ขท.ศรีสะเกษที่ 2,ศรีสะเกษ
2336,100,หนองผ้าอ้อม - กุฉินารายณ์,0+500,"3,056","1,545",95,97,77,"2,277","1,420","1,202",930,151,"10,850",35.733,59,2437,ขท.กาฬสินธุ์,กาฬสินธุ์
2336,100,หนองผ้าอ้อม - กุฉินารายณ์,39+700,"2,620","1,716",116,134,135,"2,303","1,371","1,130","1,234",844,"11,603",41.782,121,3100,ขท.กาฬสินธุ์,กาฬสินธุ์
2337,100,ห้วยยาง - สองคอน,1+000,"1,162",330,192,182,168,"1,138",176,130,88,80,"3,646",22.6,203,1346,ขท.อำนาจเจริญ,อุบลราชธานี
2337,100,ห้วยยาง - สองคอน,26+600,"1,852",334,216,246,199,"1,544",178,141,136,77,"4,923",19.846,208,1652,ขท.อำนาจเจริญ,อุบลราชธานี
2338,100,สวนมะเดื่อ - แยกท่ามะนาว,14+080,"1,283",538,72,87,55,"1,552",260,310,175,44,"4,376",21.275,0,1307,ขท.ลพบุรีที่ 2 (ลำนารายณ์),ลพบุรี
2338,100,สวนมะเดื่อ - แยกท่ามะนาว,22+718,"1,302",582,60,74,40,"1,633",180,261,115,53,"4,300",16.814,4,1291,ขท.ลพบุรีที่ 2 (ลำนารายณ์),ลพบุรี
2339,100,ศรีวิชา - กวนบุ่น,22+000,302,93,50,11,11,"1,106",63,25,4,7,"1,672",7.237,114,1211,ขท.สกลนครที่ 1,สกลนคร
2339,100,ศรีวิชา - กวนบุ่น,25+080,464,242,2,4,0,"1,365",73,12,0,1,"2,163",4.161,67,2213,ขท.สกลนครที่ 1,สกลนคร
2340,100,ศิลาทิพย์ - โคกแสมสาร,1+000,"1,073",545,94,68,89,"1,234",221,291,191,101,"3,907",24.597,0,889,ขท.ลพบุรีที่ 2 (ลำนารายณ์),ลพบุรี
2340,100,ศิลาทิพย์ - โคกแสมสาร,28+048,648,378,38,17,18,"1,020",214,189,104,74,"2,700",22.815,0,562,ขท.ลพบุรีที่ 2 (ลำนารายณ์),ลพบุรี
2340,200,โคกแสมสาร - สระโบสถ์,54+513,943,"1,057",47,24,12,"1,213",224,64,19,10,"3,613",9.77,1,1586,ขท.ลพบุรีที่ 1,ลพบุรี
2341,100,ไพรพัฒนา - หนองบัวเรณ,18+000,416,158,7,2,2,202,40,11,3,1,842,7.007,8,522,ขท.ศรีสะเกษที่ 1,ศรีสะเกษ
2341,100,ไพรพัฒนา - หนองบัวเรณ,37+300,129,110,6,3,3,329,41,10,7,8,646,11.146,55,578,ขท.ศรีสะเกษที่ 1,ศรีสะเกษ
2341,100,ไพรพัฒนา - หนองบัวเรณ,70+960,344,257,9,7,9,190,105,41,13,5,980,18.367,34,441,ขท.ศรีสะเกษที่ 1,ศรีสะเกษ
2342,100,สว่างแดนดิน - ส่องดาว,1+200,"1,330",329,76,65,13,"2,234",97,30,10,10,"4,194",5.365,48,2723,ขท.สกลนครที่ 2 (สว่างแดนดิน),สกลนคร
2343,100,สักหลง - วังมล,1+000,552,108,21,0,0,"1,763",139,31,1,0,"2,615",6.539,12,1636,ขท.เพชรบูรณ์ที่ 1,เพชรบูรณ์
2346,100,ดอนเชียงบาน - นาหว้า,4+100,"1,068",762,106,32,4,"1,991",83,52,37,25,"4,160",5.601,15,943,ขท.สกลนครที่ 1,สกลนคร
2346,200,นาหว้า - ดงขวาง,32+996,"2,793","2,797",42,43,42,"2,549",435,424,399,419,"9,943",17.721,336,2093,ขท.นครพนม,นครพนม
2347,100,ธาตุนาเวง - สกลนคร,1+900,"9,232","7,851","1,361",810,655,"11,579","1,238",769,614,456,"34,565",13.14,597,7060,ขท.สกลนครที่ 1,สกลนคร
2348,101,บ้านผือ - น้ำซึม,10+050,"4,461",626,55,40,30,366,343,317,254,166,"6,658",17.272,199,2162,ขท.อุดรธานีที่ 1,อุดรธานี
2348,102,น้ำซึม -   คีรีวงกต,41+500,"1,091",235,71,9,22,"3,180",182,154,57,35,"5,036",9.114,53,2729,ขท.อุดรธานีที่ 1,อุดรธานี
2348,102,น้ำซึม -   คีรีวงกต,59+200,272,52,5,3,1,833,76,24,4,3,"1,273",8.72,2,509,ขท.อุดรธานีที่ 1,อุดรธานี
2349,100,หัวช้าง - บึงบูรพ์,0+500,373,470,24,7,3,465,59,27,7,5,"1,440",7.5,24,306,ขท.ศรีสะเกษที่ 1,ศรีสะเกษ
2350,100,หนองหาน - กุมภวาปี,29+550,"2,343",843,65,35,35,"5,495",309,283,254,311,"9,973",12.303,28,1999,ขท.อุดรธานีที่ 2 (หนองหาน),อุดรธานี
2351,100,พลไว - แข้โพนเมือง,2+500,"2,515","2,306",20,19,21,"1,576","1,470",17,13,17,"7,974",19.526,15,1044,ขท.ยโสธร,ยโสธร
2351,200,แข้โพนเมือง - ยางชุมน้อย,37+000,"1,172","1,286",70,59,17,145,274,52,56,61,"3,192",16.259,20,937,ขท.ศรีสะเกษที่ 1,ศรีสะเกษ
2352,100,นาด่าน - สุวรรณคูหา,1+800,"2,525","1,393",12,45,11,"1,515",116,20,29,10,"5,676",4.07,14,1974,ขท.หนองบัวลำภู,หนองบัวลำภู
2354,101,เทพสถิต - ซับใหญ่,1+000,"1,716",581,46,59,39,"1,060",363,349,469,197,"4,879",30.252,67,950,ขท.ชัยภูมิ,ชัยภูมิ
2354,101,เทพสถิต - ซับใหญ่,50+500,"1,952",231,43,42,46,"1,201",294,348,666,257,"5,080",32.539,39,1016,ขท.ชัยภูมิ,ชัยภูมิ
2355,100,สูงเนิน - สี่แยก,2+000,"2,357","1,071",25,16,10,444,145,34,28,19,"4,149",6.074,43,939,ขท.สกลนครที่ 2 (สว่างแดนดิน),สกลนคร
2356,100,เสิงสาง -ทางเข้าสระตะเคียน,0+200,"1,488","1,301",427,279,252,"2,594","1,784",712,794,513,"10,144",42.725,242,2077,ขท.นครราชสีมาที่ 3,นครราชสีมา
2357,100,หนองยายโต๊ะ -  ลำพญาไม้,14+000,"1,092",439,47,25,6,"1,431",167,141,83,70,"3,501",14.053,2,1064,ขท.ลพบุรีที่ 2 (ลำนารายณ์),ลพบุรี
2358,100,โนนหอม - เต่างอย,0+500,443,148,12,0,2,"1,049",59,8,28,4,"1,753",5.762,12,961,ขท.สกลนครที่ 1,สกลนคร
2359,101,หนองบัวแดง - แหลมทอง,14+800,"1,707","1,341",12,21,6,"1,959",462,351,343,226,"6,428",21.92,126,1164,ขท.ชัยภูมิ,ชัยภูมิ
2359,101,หนองบัวแดง - แหลมทอง,36+500,"1,759",969,12,17,8,"2,125",357,205,251,194,"5,897",17.5,78,1168,ขท.ชัยภูมิ,ชัยภูมิ
2361,100,หนองเขียด - ภูผาม่าน,0+500,654,255,11,2,2,"1,405",257,39,21,6,"2,652",12.33,36,750,ขท.ขอนแก่นที่ 2 (ชุมแพ),ขอนแก่น
2365,100,โคกแขวน - ดอนแขวน,1+060,"2,122","1,587",275,266,260,"2,464","1,236",687,794,544,"10,235",37,279,1836,ขท.นครราชสีมาที่ 3,นครราชสีมา
2367,100,มหาสารคาม - บ้านม่วง,8+500,"3,848","2,802",62,26,17,"4,433",376,131,27,34,"11,756",5.197,12,3017,ขท.มหาสารคาม,มหาสารคาม
2367,202,สี่แยกหนองแปน - กมลาไสย,35+394,"4,495","3,994",11,0,0,737,527,153,86,71,"10,074",8.309,174,3952,ขท.กาฬสินธุ์,กาฬสินธุ์
2368,100,ทางเข้าผาแต้ม,1+300,501,214,2,0,4,52,23,0,0,0,796,3.392,4,564,ขท.อุบลราชธานีที่ 2,อุบลราชธานี
2369,101,พระทองคำ - ดอนไผ่,2+200,"1,716",691,18,20,18,"2,065",336,238,183,127,"5,412",17.036,22,1303,ขท.นครราชสีมาที่ 1,นครราชสีมา
2369,101,พระทองคำ - ดอนไผ่,26+123,571,188,11,10,15,"1,664",113,117,173,133,"2,995",18.731,45,1460,ขท.นครราชสีมาที่ 1,นครราชสีมา
2369,102,ดอนไผ่ - แก้งสนามนาง,61+063,"2,044",56,3,4,6,198,103,35,59,41,"2,549",9.729,10,1016,ขท.นครราชสีมาที่ 1,นครราชสีมา
2370,100,นิคมคำสร้อย - หนองสูง,28+700,"1,025",385,68,10,7,"3,108",50,22,33,29,"4,737",3.188,42,2421,ขท.มุกดาหาร,มุกดาหาร
2371,101,ศีขรภูมิ - ศรีณรงค์,5+200,"1,389",137,6,7,3,"1,889",184,22,84,22,"3,743",8.603,3,1434,ขท.สุรินทร์,สุรินทร์
2372,101,วังบาล - ห้วยแล้ง,2+000,573,66,11,8,0,528,71,20,10,4,"1,291",8.753,41,616,ขท.เพชรบูรณ์ที่ 1,เพชรบูรณ์
2372,102,ห้วยแล้ง - น้ำชุน,12+000,715,273,2,3,0,"1,670",95,25,28,30,"2,841",6.371,10,846,ขท.เพชรบูรณ์ที่ 1,เพชรบูรณ์
2373,100,โนนสำนัก - ดอนไม้งาม,0+500,984,249,36,11,9,"1,400",120,39,15,15,"2,878",7.262,6,1320,ขท.ศรีสะเกษที่ 1,ศรีสะเกษ
2375,100,บักดอก - พนมดิน,0+500,411,77,19,1,1,"1,437",87,41,29,8,"2,111",7.911,12,1081,ขท.สุรินทร์,สุรินทร์
2376,100,น้ำซึม - โสกกล้า,10+000,"1,010",183,21,4,7,679,97,35,47,17,"2,100",9.857,13,611,ขท.อุดรธานีที่ 1,อุดรธานี
2376,200,โสกกล้า - สังคม,30+000,723,261,192,9,14,470,18,10,5,0,"1,702",3.29,56,531,ขท.หนองคาย,หนองคาย
2377,100,นาไร่ใหญ่ - เสนางคนิคม,0+500,"2,466",261,147,148,127,"1,026",99,83,86,84,"4,527",13.85,172,1492,ขท.อำนาจเจริญ,อำนาจเจริญ
2378,100,จอมพระ - สะพานบุรีรินทร์,12+205,588,254,10,6,5,"1,700",157,52,60,53,"2,885",11.542,29,917,ขท.สุรินทร์,สุรินทร์
2378,200,สะพานบุรีรินทร์ - ไทรงาม,33+500,799,86,14,7,3,"1,689",127,46,49,6,"2,826",8.422,0,967,ขท.บุรีรัมย์,บุรีรัมย์
2379,100,เจริญศิลป์ - กุดนาขาม,4+000,579,377,28,11,0,"1,053",175,48,12,5,"2,288",10.97,58,1021,ขท.สกลนครที่ 2 (สว่างแดนดิน),สกลนคร
2380,100,หนองปลิง - บ้านสนาม,0+800,"2,651","1,463",69,26,13,233,189,37,17,12,"4,710",6.242,32,1362,ขท.มหาสารคาม,มหาสารคาม
2381,100,นาเชือก - โพธิ์ทอง,0+500,"1,206","1,011",151,123,141,832,543,280,147,120,"4,554",29.732,19,745,ขท.มหาสารคาม,มหาสารคาม
2382,100,เขื่องใน - ธาตุน้อย,2+500,"9,562","6,597",95,27,14,"2,170",701,106,58,31,"19,361",4.84,41,2016,ขท.อุบลราชธานีที่ 1,อุบลราชธานี
2382,200,ธาตุน้อย -  ยางชุมน้อย,23+000,"1,752","1,536",73,88,54,546,358,123,79,74,"4,683",16.571,82,1439,ขท.ศรีสะเกษที่ 1,ศรีสะเกษ
2383,100,ม่วงสามสิบ - ดู่น้อย,3+000,"8,189","7,892",30,16,0,"1,317",67,17,1,0,"17,529",0.576,19,824,ขท.อุบลราชธานีที่ 1,อุบลราชธานี
2385,100,นายม - เพชรบูรณ์,16+000,"3,772","1,457",17,23,15,"1,880",374,251,202,171,"8,162",12.693,103,3091,ขท.เพชรบูรณ์ที่ 1,เพชรบูรณ์
2387,100,พิมพิสารน้อย - หนองห่าง,9+500,"1,102",412,74,0,0,"1,289",51,36,28,4,"2,996",3.972,19,965,ขท.ร้อยเอ็ด,ร้อยเอ็ด
2389,100,แก้งคร้อ - สระพัง,0+580,895,520,0,0,4,"2,314",77,46,42,77,"3,975",6.189,32,2183,ขท.ขอนแก่นที่ 2 (ชุมแพ),ชัยภูมิ
2389,100,แก้งคร้อ - สระพัง,35+780,"1,728",48,10,0,0,"1,977",91,64,55,57,"4,030",6.625,21,555,ขท.ขอนแก่นที่ 2 (ชุมแพ),ชัยภูมิ
2390,100,โนนสมบูรณ์ - ปฏิรูป,6+850,"2,953","2,914",45,45,49,"2,547",434,425,413,422,"10,247",17.449,331,2093,ขท.นครพนม,นครพนม
2391,100,กู่ทอง - บ้านเขื่อน,3+650,"1,864","1,693",66,65,56,"1,093",930,279,95,72,"6,213",24.095,57,1581,ขท.มหาสารคาม,มหาสารคาม
2392,100,จตุรพักตรพิมาน - ปทุมรัตต์,5+000,"1,534",623,60,49,38,"2,159",43,15,15,0,"4,536",3.527,30,1536,ขท.ร้อยเอ็ด,ร้อยเอ็ด
2393,101,โนนเห็น - คำกุง,8+000,245,159,19,0,0,"1,094",144,70,73,26,"1,830",17.104,35,745,ขท.อุดรธานีที่ 2 (หนองหาน),อุดรธานี
2393,102,คำกุง - หนองกุงทับม้า,34+465,472,450,27,18,5,"1,323",352,316,301,237,"3,501",35.104,4,746,ขท.อุดรธานีที่ 2 (หนองหาน),อุดรธานี
2396,102,ป่าไม้ - หนองแสง,31+000,605,445,27,26,20,"1,759",488,28,24,28,"3,450",17.797,35,1587,ขท.อุบลราชธานีที่ 2,อุบลราชธานี
2397,100,นิคมสร้างตนเองปราสาท - ช้างหมอบพัฒนา,2+133,771,223,3,1,8,"2,057",160,73,115,113,"3,524",13.337,11,1245,ขท.สุรินทร์,สุรินทร์
2398,101,นาเฉลียง - ซับพุทรา,3+600,836,215,12,10,14,"1,969",88,86,20,23,"3,273",7.363,51,1542,ขท.เพชรบูรณ์ที่ 2 (บึงสามพัน),เพชรบูรณ์
2399,101,สานตม - โคกใหญ่,1+000,427,11,0,0,0,42,5,9,1,10,505,4.95,0,134,ขท.เลยที่ 2 (ด่านซ้าย),เลย
2399,101,สานตม - โคกใหญ่,14+084,335,11,1,0,0,235,36,8,19,20,665,12.481,0,80,ขท.เลยที่ 2 (ด่านซ้าย),เลย
2399,102,โคกใหญ่ - วังยาว,26+909,678,89,1,0,0,50,24,10,8,5,865,5.434,6,310,ขท.เลยที่ 2 (ด่านซ้าย),เลย
2400,100,หนองหิน - เอราวัณ,5+000,405,80,0,0,0,"1,159",97,27,29,17,"1,814",9.372,7,687,ขท.เลยที่ 1,เลย
2400,100,หนองหิน - เอราวัณ,40+000,716,762,0,0,1,204,215,270,448,306,"2,922",42.437,22,522,ขท.เลยที่ 1,เลย
2401,100,หนองไผ่ - ซับพุทรา,6+700,"1,983","1,246",9,12,6,"2,090",94,116,94,11,"5,661",5.882,54,2060,ขท.เพชรบูรณ์ที่ 2 (บึงสามพัน),เพชรบูรณ์
2402,100,จางวาง - ดงมูลเหล็ก,11+000,"1,097",823,35,13,0,"1,200",58,55,25,17,"3,323",5.056,77,921,ขท.เพชรบูรณ์ที่ 1,เพชรบูรณ์
2404,100,เขื่องใน  - นาคำใหญ่,6+000,"3,662",210,180,16,1,"3,529",138,19,14,2,"7,771",2.445,32,798,ขท.อุบลราชธานีที่ 1,อุบลราชธานี
2405,100,บ้านไผ่ - กลางใหญ่,0+500,113,44,26,1,0,504,91,2,1,0,782,12.148,40,553,ขท.อุบลราชธานีที่ 1,อุบลราชธานี
2406,100,บ้านโคก - ธาตุกลาง,0+800,745,194,54,4,0,698,154,12,3,1,"1,865",9.33,65,753,ขท.อุบลราชธานีที่ 1,อุบลราชธานี
2408,100,นาคำใหญ่ - โพนเมือง,1+700,"2,175",270,38,7,0,852,142,17,9,3,"3,513",5.067,28,744,ขท.อุบลราชธานีที่ 1,อุบลราชธานี
2410,100,บ้านเหล่า - ดอนกลอย,7+200,"1,427",221,7,0,2,"1,978",182,117,51,32,"4,017",9.559,5,1396,ขท.อุดรธานีที่ 2 (หนองหาน),อุดรธานี
2410,100,บ้านเหล่า - ดอนกลอย,23+000,702,277,4,0,2,"1,452",235,169,93,47,"2,981",18.316,11,787,ขท.อุดรธานีที่ 2 (หนองหาน),อุดรธานี
2411,100,บ้านพลับ - หนองนกเขียน,0+800,"1,006",182,18,32,0,151,163,103,77,58,"1,790",24.19,143,791,ขท.อุดรธานีที่ 1,อุดรธานี
2412,100,ท่าวารี - ท่าศาลา,4+000,"2,961","3,639",24,18,7,"2,310",288,108,63,50,"9,468",5.64,27,112,ขท.อุบลราชธานีที่ 1,อุบลราชธานี
2413,100,บ้านเอ้ - หนองขอน,3+000,"1,651","1,559",215,193,11,"2,177",838,206,43,29,"6,922",19.07,81,2124,ขท.อุบลราชธานีที่ 1,อุบลราชธานี
2414,100,โคกน้อย - นาเมืองไทย,2+500,682,90,6,6,0,559,80,36,21,1,"1,481",9.723,4,747,ขท.อุดรธานีที่ 1,อุดรธานี
2415,101,หนองบ่อ - หนองยอ,1+000,"7,037","1,316",40,18,15,550,252,34,18,17,"9,297",3.808,23,2158,ขท.อุบลราชธานีที่ 1,อุบลราชธานี
2415,101,หนองบ่อ - หนองยอ,11+000,"8,535","3,490",43,31,20,"3,502",0,0,0,0,"15,621",0.326,24,1204,ขท.อุบลราชธานีที่ 1,อุบลราชธานี
2415,102,หนองยอ - หนองช้างใหญ่,17+500,"1,561","5,928",21,19,8,"1,343",50,24,9,4,"8,967",1.271,11,562,ขท.อุบลราชธานีที่ 1,อุบลราชธานี
2416,100,ทางเข้าเขื่อนลำปาว,12+010,"2,591","2,136",33,20,0,"4,452","2,098","1,707",149,50,"13,236",30.402,26,1894,ขท.กาฬสินธุ์,กาฬสินธุ์
2417,100,นาพระชัย -  เซกา,2+000,"1,647","1,643",45,43,47,"1,688",361,366,354,338,"6,532",23.102,307,1450,ขท.นครพนม,นครพนม
2418,100,โพนทอง -  หนองพอก,26+000,288,61,0,2,0,"1,095",104,49,59,2,"1,660",13.012,48,691,ขท.ร้อยเอ็ด,ร้อยเอ็ด
2419,100,ขวัญเมือง - คำลือชา,7+097,785,794,155,180,159,786,188,205,204,216,"3,672",31.373,249,754,ขท.กาฬสินธุ์,กาฬสินธุ์
2420,100,ศรีบุญเรือง - นากลาง,5+000,"2,112",132,3,2,3,277,126,86,232,137,"3,110",18.842,15,953,ขท.หนองบัวลำภู,หนองบัวลำภู
2421,101,เขื่อนลำพระเพลิง - สี่แยกลำพระเพลิง,26+000,"4,997","2,209",26,20,3,"1,738","1,480",12,8,0,"10,493",14.514,153,1913,ขท.นครราชสีมาที่ 3,นครราชสีมา
2421,102,สี่แยกลำพระเพลิง - กระโทก,44+000,"1,282",687,184,57,83,878,395,247,196,88,"4,097",26.019,15,1030,ขท.นครราชสีมาที่ 3,นครราชสีมา
2422,102,ทางเข้าปากช่อง,17+785,"2,717",372,142,51,35,"4,614",381,244,92,35,"8,683",9.651,10,1386,ขท.นครราชสีมาที่ 2,นครราชสีมา
2427,100,ทางเข้าสนามบินสกลนคร,1+300,703,66,6,0,0,47,71,7,0,0,900,8.667,24,228,ขท.สกลนครที่ 1,สกลนคร
2434,100,สีคิ้ว - หนองรี,1+300,"1,835","3,230",138,51,76,"1,206",347,134,48,25,"7,090",9.605,8,1329,ขท.นครราชสีมาที่ 2,นครราชสีมา
2436,100,บ้านแวง - แยกโชว์รูม,5+000,"1,866",420,0,3,0,"2,225",524,571,404,310,"6,323",28.657,49,1003,ขท.บุรีรัมย์,บุรีรัมย์
2440,100,บ้านใหม่ไชยพจน์ - ทางพาด,8+497,"1,105",380,20,2,8,"1,179",284,245,90,64,"3,377",20.521,15,724,ขท.บุรีรัมย์,บุรีรัมย์
2440,200,ทางพาด - พล,15+000,"1,538","1,445",8,8,7,754,522,581,548,468,"5,879",36.299,23,1218,ขท.ขอนแก่นที่ 3 (บ้านไผ่),ขอนแก่น
2440,200,ทางพาด - พล,28+800,"1,733","1,515",8,13,9,438,368,489,389,282,"5,244",29.558,15,1296,ขท.ขอนแก่นที่ 3 (บ้านไผ่),ขอนแก่น
2442,100,ห้วยสีทน - มอดินแดง,0+500,954,210,216,193,209,763,201,217,205,204,"3,372",36.447,189,1102,ขท.กาฬสินธุ์,กาฬสินธุ์
2445,101,บุรีรัมย์ - แสลงโทน,4+550,"6,820",550,116,65,62,"8,574",354,300,232,137,"17,210",6.682,50,7054,ขท.บุรีรัมย์,บุรีรัมย์
2445,101,บุรีรัมย์ - แสลงโทน,20+400,"1,819",521,35,15,2,"2,873",333,199,140,56,"5,993",12.431,4,940,ขท.บุรีรัมย์,บุรีรัมย์
2445,102,แสลงโทน - ห้วยเสว,34+176,"2,372",968,30,7,11,"2,085",444,80,117,37,"6,151",11.315,20,1280,ขท.บุรีรัมย์,บุรีรัมย์
2445,102,แสลงโทน - ห้วยเสว,50+600,780,348,9,1,0,"2,573",153,68,40,27,"3,999",7.227,6,1154,ขท.บุรีรัมย์,บุรีรัมย์
2445,103,ห้วยเสว - นิคมบ้านกรวด,61+188,"1,595",657,13,50,6,"1,969",285,78,124,45,"4,822",12.194,23,1098,ขท.บุรีรัมย์,บุรีรัมย์
2446,100,หนองน้ำขุ่น - ปะคำ,2+800,"2,345",40,19,12,5,379,130,56,43,18,"3,047",8.664,62,1573,ขท.บุรีรัมย์,บุรีรัมย์
2447,100,บุรีรัมย์ - บ้านพลวง,0+500,"6,167",434,46,27,32,"3,764",484,252,318,172,"11,696",10.987,33,3750,ขท.บุรีรัมย์,บุรีรัมย์
2458,100,โคกไทร - ปวงตึก,10+446,525,86,12,1,0,482,91,90,9,3,"1,299",14.935,40,1439,ขท.สุรินทร์,สุรินทร์
2460,100,ทางเข้าโพธิ์ไทร,1+675,"2,009","1,031",142,115,141,"1,654",175,113,124,80,"5,584",13.395,139,1643,ขท.อำนาจเจริญ,อุบลราชธานี
2462,100,หนองหล่ม - หนองเหล่า,1+000,"3,345",19,19,0,0,"3,672",155,18,12,7,"7,247",2.649,32,299,ขท.อุบลราชธานีที่ 1,อุบลราชธานี
2466,101,โคกหนองม่วง - หล่มสัก,4+000,"4,995","1,360",109,14,30,"7,328",505,231,109,80,"14,761",6.565,56,3369,ขท.เพชรบูรณ์ที่ 1,เพชรบูรณ์
2472,100,ทางเข้าพระตำหนักเขาค้อ,0+500,208,219,0,0,0,272,0,0,0,0,699,0,0,110,ขท.เพชรบูรณ์ที่ 1,เพชรบูรณ์
2474,100,ดงขวาง - ห้วยลาน,3+358,174,131,18,1,0,310,41,10,6,7,698,9.312,42,795,ขท.เพชรบูรณ์ที่ 1,เพชรบูรณ์
2477,100,โรงพยาบาลยโสธร - ดอนมะยาง,0+800,"3,797","1,535",99,83,14,"4,219",401,209,96,70,"10,523",8.296,37,3174,ขท.ยโสธร,ยโสธร
2478,100,ปากน้ำ - น้ำร้อน,6+573,"2,663","1,233",22,20,17,"1,140",461,336,227,189,"6,308",19.816,118,2516,ขท.เพชรบูรณ์ที่ 1,เพชรบูรณ์
2479,102,น้ำแคม - ปากคาน,13+650,156,7,0,0,0,5,10,8,2,0,188,10.638,0,205,ขท.เลยที่ 2 (ด่านซ้าย),เลย
2481,100,ศรีศักดิ์ดา - ซำบ่าง,0+360,818,692,41,20,11,373,240,30,8,4,"2,237",13.992,23,979,ขท.เลยที่ 1,เลย
3004,100,แยกจิรประวัติ - พระนอน,0+924,"7,057","6,687","1,355",67,214,"12,413","1,350","1,383","1,317","1,214","33,057",16.774,137,8698,ขท.นครสวรรค์ที่ 1,นครสวรรค์
3004,100,แยกจิรประวัติ - พระนอน,6+498,"6,869","6,589","1,226",45,170,"12,036","1,248","1,299","1,216","1,182","31,880",16.186,68,8456,ขท.นครสวรรค์ที่ 1,นครสวรรค์
3004,201,พระนอน - ท่าตะโก,20+198,"1,734",489,4,0,25,"3,265",203,296,344,152,"6,512",15.663,12,1070,ขท.นครสวรรค์ที่ 2 (ตากฟ้า),นครสวรรค์
3004,202,ท่าตะโก - ไดตาล,47+298,932,188,0,0,8,"2,641",207,89,188,271,"4,524",16.866,5,632,ขท.นครสวรรค์ที่ 2 (ตากฟ้า),นครสวรรค์
3004,203,ไดตาล - วังพิกุล,65+660,763,168,3,0,5,"2,272",114,59,83,22,"3,489",8.111,12,1056,ขท.นครสวรรค์ที่ 2 (ตากฟ้า),นครสวรรค์
3004,300,วังพิกุล - ซับสมอทอด,93+666,981,"1,095",19,21,10,"2,481",123,83,76,45,"4,934",7.256,23,2015,ขท.เพชรบูรณ์ที่ 2 (บึงสามพัน),เพชรบูรณ์
3005,100,นครสวรรค์ - โกรกพระ,2+000,"9,432","4,318",194,178,177,"2,141","1,030",242,199,211,"18,122",11.24,190,6820,ขท.นครสวรรค์ที่ 1,นครสวรรค์
3008,100,พยุหะคีรี - เนินมะกอก,3+000,"2,387",927,0,0,0,921,245,230,294,124,"5,128",17.414,39,1647,ขท.นครสวรรค์ที่ 1,นครสวรรค์
3010,100,สรรพยา - สรรคบุรี,8+000,"1,023","1,327",32,18,26,161,139,119,49,87,"2,981",14.693,77,1002,ขท.ชัยนาท,ชัยนาท
3011,100,บ้านไร่ - บ้านใต้,5+010,"1,953","1,564",7,10,6,"2,986",91,81,30,22,"6,750",3.556,31,1550,ขท.อุทัยธานี,อุทัยธานี
3013,101,หนองฉาง - ทัพทัน,0+266,"1,814","1,090",162,277,277,"2,054",440,302,255,204,"6,875",25.527,211,2543,ขท.อุทัยธานี,อุทัยธานี
3013,101,หนองฉาง - ทัพทัน,2+446,"1,971",291,0,226,249,392,401,298,315,238,"4,381",39.42,221,795,ขท.อุทัยธานี,อุทัยธานี
3013,102,ทัพทัน - คลองแบ่ง,12+446,"2,721",597,12,8,10,623,88,62,71,35,"4,227",6.482,15,1365,ขท.อุทัยธานี,อุทัยธานี
3013,200,คลองแบ่ง - ลาดยาว,37+646,"1,526",367,1,3,18,"1,480",132,142,133,68,"3,870",12.817,84,1155,ขท.นครสวรรค์ที่ 1,นครสวรรค์
3016,100,ลพบุรี -  ค่ายเอราวัณ,3+000,"9,415","4,572",202,274,194,"3,051",224,25,0,0,"17,957",3.993,190,6585,ขท.ลพบุรีที่ 1,ลพบุรี
3017,101,แยกนิคมสร้างตนเอง - แยกพัฒนานิคม,14+000,"8,102","4,980",562,259,287,"2,245","1,104","1,652",581,534,"20,306",21.752,163,1897,ขท.ลพบุรีที่ 1,ลพบุรี
3017,102,แยกพัฒนานิคม - วังม่วง,48+500,"2,248","2,523",109,52,42,813,769,673,364,263,"7,856",27.533,22,1541,ขท.ลพบุรีที่ 1,ลพบุรี
3019,100,สามแยกโคกกะเทียม - สถานีรถไฟโคกกะเทียม,0+500,"3,184",321,18,8,35,"2,589",106,43,59,14,"6,377",4.156,13,1886,ขท.ลพบุรีที่ 1,ลพบุรี
3020,100,พระพุทธบาท - หนองโดน,1+000,"4,751","3,324",276,289,305,"4,769","1,566","1,400","1,283","1,409","19,372",32.273,144,4785,ขท.สระบุรี,สระบุรี
3022,100,พระพุทธบาท - ท่าเรือ,5+000,"3,465","3,650",741,794,800,"3,212","2,572","2,422","2,391","1,729","21,776",49.173,273,2660,ขท.สระบุรี,สระบุรี
3024,100,บ้านหมี่ - เขาช่องลม,14+000,732,403,0,1,2,418,55,16,9,2,"1,638",5.189,6,334,ขท.ลพบุรีที่ 1,ลพบุรี
3027,200,มหานาม - บ้านเบิก,16+000,"2,003","1,033",31,11,42,748,74,32,33,17,"4,024",5.194,12,787,ขท.อ่างทอง,อ่างทอง
3028,100,บางงา - บ้านหมี่,6+000,"2,892",252,18,8,32,"2,319",417,106,191,26,"6,261",12.458,9,1573,ขท.สิงห์บุรี,ลพบุรี
3030,100,ดงมะขามเทศ - บางระจัน,0+500,"3,675","1,370",20,17,25,"4,212",297,198,187,91,"10,092",8.076,68,3477,ขท.สิงห์บุรี,สิงห์บุรี
3032,100,บุ้งกี๋ - ท่าศาล,1+000,"3,594","3,373",26,2,23,"3,683",298,151,108,36,"11,294",5.472,32,2660,ขท.สิงห์บุรี,สิงห์บุรี
3032,200,ท่าศาล - นางบวช,42+500,"1,371","1,959",56,7,2,"1,139",302,183,235,166,"5,420",16.513,28,1390,ขท.สุพรรณบุรีที่ 1,สุพรรณบุรี
3033,100,บางงา - โภคาวิวัฒน์,0+500,"1,656",222,79,5,1,484,107,61,132,39,"2,786",12.383,15,960,ขท.สิงห์บุรี,สิงห์บุรี
3034,100,หน้าพระลาน - บ้านครัว,5+000,"4,258","2,189",602,540,716,"3,776","1,897","2,023","2,308","2,286","20,595",47.439,223,3118,ขท.สระบุรี,สระบุรี
3034,100,หน้าพระลาน - บ้านครัว,16+010,"4,488","2,515",618,704,662,"3,637","2,124","2,001","2,164","2,009","20,922",46.191,260,3603,ขท.สระบุรี,สระบุรี
3038,100,ดอนเจดีย์ - ศรีประจันต์,7+000,"1,889",742,1,4,0,"2,450",230,156,218,108,"5,798",12.349,23,1245,ขท.สุพรรณบุรีที่ 1,สุพรรณบุรี
3039,100,สะเดาดู่ - แยกปากน้ำ,1+100,154,54,4,2,1,544,79,65,23,1,927,18.447,31,230,ขท.ชัยนาท,สุพรรณบุรี
3040,100,กำแพงแสน - จันทร์ลาด,3+500,"2,784","3,235","2,295","1,930","1,314","2,457","2,349","2,309","2,177","2,135","22,985",53.139,178,2278,ขท.นครปฐม,นครปฐม
3040,200,จันทร์ลาด - พระแท่นดงรัง,19+790,265,13,0,0,0,579,23,30,20,28,958,10.543,8,442,ขท.สุพรรณบุรีที่ 2 (อู่ทอง),กาญจนบุรี
3041,101,เขาขาด - หนองแซง,6+000,"2,832","2,344",179,277,119,"3,565",554,492,578,415,"11,355",21.444,150,2953,ขท.สระบุรี,สระบุรี
3041,102,หนองแซง - สระบุรี,18+600,"3,720","1,589",505,352,747,"1,514",831,811,885,877,"11,831",38.061,276,1743,ขท.สระบุรี,สระบุรี
3041,102,หนองแซง - สระบุรี,24+861,"1,674",981,539,545,374,"2,156",737,"1,112","1,330",522,"9,970",46.339,272,3626,ขท.สระบุรี,สระบุรี
3042,100,หนองยาว - พระพุทธฉาย,4+500,"2,574","1,575",23,28,18,467,212,0,0,20,"4,917",5.654,86,2072,ขท.สระบุรี,สระบุรี
3043,100,อุทัย - หนองตาโล่,0+500,"3,981","2,082",168,206,266,"1,851","1,461",906,546,285,"11,752",31.229,21,3107,ขท.อยุธยา,พระนครศรีอยุธยา
3043,100,อุทัย - หนองตาโล่,7+500,"3,672","2,168",499,400,241,"1,654","1,508",858,470,328,"11,798",32.251,31,2254,ขท.อยุธยา,พระนครศรีอยุธยา
3043,200,หนองตาโล่ - สะพานใหม่,19+000,"1,069",881,23,19,27,"1,470",30,27,33,18,"3,597",4.281,16,993,ขท.สระบุรี,สระบุรี
3045,100,วิหารแดง - หนองหมู,0+200,"1,426","1,448",43,40,40,"1,215",403,367,267,232,"5,481",24.612,93,2364,ขท.สระบุรี,สระบุรี
3046,100,พระพุทธฉาย - น้ำตกสามหลั่น,0+200,220,132,0,0,0,116,19,0,18,0,505,7.327,57,215,ขท.สระบุรี,สระบุรี
3048,100,ห้วยบง - ท่าลาน,7+400,"3,254","3,437","1,261","1,283","1,495","1,745","2,101","2,118","2,056","2,078","20,828",53.442,792,1673,ขท.สระบุรี,สระบุรี
3049,100,นครนายก - น้ำตกนางรอง,7+400,"3,708","3,286",192,178,175,241,201,167,9,2,"8,159",8.972,268,2244,ขท.นครนายก,นครนายก
3050,100,ทางเข้าน้ำตกสาริกา,1+000,830,720,0,0,0,0,0,0,0,0,"1,550",0,158,710,ขท.นครนายก,นครนายก
3051,101,บ้านนา - บางอ้อ,1+000,"4,925","4,686","2,150","2,278","2,546","2,597","2,464","2,567","2,204","1,969","28,386",49.419,136,3554,ขท.นครนายก,นครนายก
3051,102,บางอ้อ - สำนักงานพลังงานปรมาณูเพื่อสันติ,12+100,499,297,177,116,75,396,402,285,267,226,"2,740",50.036,30,315,ขท.นครนายก,นครนายก
3052,100,ป่าส้าน - เขาชะโงก,4+000,"2,913","1,943","1,754","1,694","1,366","1,026",611,530,375,170,"12,382",38.33,131,2327,ขท.นครนายก,นครนายก
3056,101,บ้านหว้า - อุทัย,5+948,"7,614","8,849","4,147","3,195","3,570","5,190","4,588","4,397","3,298","2,075","46,923",45.016,34,4579,ขท.อยุธยา,พระนครศรีอยุธยา
3063,100,บ่อโพง - โคกมะลิ,6+766,"5,643","4,174",216,167,165,"4,760",753,785,"1,453",977,"19,093",22.521,46,3925,ขท.อยุธยา,พระนครศรีอยุธยา
3064,100,อ่างทอง - ปากดง,2+000,"9,884","2,648",120,114,654,"12,921",998,769,918,532,"29,558",13.482,103,6807,ขท.อ่างทอง,อ่างทอง
3064,100,อ่างทอง - ปากดง,7+600,"4,825","1,082",123,122,428,"6,587",689,552,488,300,"15,196",16.972,164,3908,ขท.อ่างทอง,อ่างทอง
3064,100,อ่างทอง - ปากดง,13+950,"3,238",333,82,70,147,"5,273",630,598,449,304,"11,124",19.759,91,3212,ขท.อ่างทอง,อ่างทอง
3067,100,อรัญประเทศ - ไผ่ล้อม,2+755,"7,201","2,062",87,80,73,"3,630",517,381,264,161,"14,456",10.21,379,6027,ขท.สระแก้ว (วัฒนานคร),สระแก้ว
3070,100,ศรีมโหสถ - ศรีมหาโพธิ,7+500,"2,266","1,764",281,209,175,633,535,446,273,131,"6,713",26.352,61,1330,ขท.ปราจีนบุรี,ปราจีนบุรี
3076,100,นครนายก - บางหอย,20+000,"1,278",957,24,30,27,588,485,314,321,228,"4,252",33.043,19,593,ขท.นครนายก,นครนายก
3076,200,บางหอย - วังขอน,22+941,"2,261","1,439",154,49,52,"1,816",762,805,770,633,"8,741",35.133,28,1408,ขท.ปราจีนบุรี,ปราจีนบุรี
3076,200,บางหอย - วังขอน,39+091,928,"1,046",255,215,88,366,404,543,431,294,"4,570",43.217,23,550,ขท.ปราจีนบุรี,ปราจีนบุรี
3076,301,วังขอน - สี่แยกนาน้อย,48+520,"3,849","1,439",289,5,273,"1,643","1,265",337,298,216,"9,614",24.901,31,1197,ขท.ฉะเชิงเทรา,ฉะเชิงเทรา
3076,301,วังขอน - สี่แยกนาน้อย,65+382,"7,228","1,187",180,0,239,831,824,410,381,144,"11,424",17.489,17,1492,ขท.ฉะเชิงเทรา,ฉะเชิงเทรา
3076,302,สี่แยกนาน้อย - อ่างฤาไน,82+648,"2,468","1,793",29,24,65,"2,860","1,391","1,318","1,181","1,037","12,166",41.23,13,1932,ขท.ฉะเชิงเทรา,ฉะเชิงเทรา
3076,302,สี่แยกนาน้อย - อ่างฤาไน,130+505,"1,952","1,663",25,17,46,"2,372","1,355","1,349","1,305","1,196","11,280",46.702,12,1542,ขท.ฉะเชิงเทรา,ฉะเชิงเทรา
3076,401,อ่างฤาไน - ทุ่งกบินทร์,165+693,"1,027",885,16,16,29,"3,098",119,154,117,105,"5,566",9.702,25,1368,ขท.สระแก้ว (วัฒนานคร),สระแก้ว
3076,402,ทุ่งกบินทร์ - ไผ่ล้อม,177+393,"1,427","1,345",282,232,202,"1,030",956,"1,037",721,529,"7,761",47.378,242,1213,ขท.สระแก้ว (วัฒนานคร),สระแก้ว
3076,402,ทุ่งกบินทร์ - ไผ่ล้อม,185+744,"1,398","1,250",258,199,222,960,864,880,682,500,"7,213",46.402,266,872,ขท.สระแก้ว (วัฒนานคร),สระแก้ว
3077,100,ศาลนเรศวร - เขาใหญ่,5+600,799,320,19,16,8,439,33,20,11,11,"1,676",5.907,172,841,ขท.ปราจีนบุรี,ปราจีนบุรี
3078,100,ระเบาะไผ่ - ประจันตคาม,10+167,"2,899","2,246",92,72,79,"1,796",612,603,456,299,"9,154",23.17,40,2105,ขท.ปราจีนบุรี,ปราจีนบุรี
3078,100,ระเบาะไผ่ - ประจันตคาม,16+897,"2,608","2,041",112,133,104,"2,093",330,264,122,107,"7,914",13.394,27,1746,ขท.ปราจีนบุรี,ปราจีนบุรี
3079,101,ปราจีนบุรี - ศรีมหาโพธิ,5+250,"6,451",933,226,25,37,835,912,"1,055","1,035",334,"11,843",28.692,57,1959,ขท.ปราจีนบุรี,ปราจีนบุรี
3079,102,ศรีมหาโพธิ - พญาจ่าย,23+522,"3,006","2,082",260,181,279,"1,881","1,104",766,237,123,"9,919",27.12,4,2286,ขท.ปราจีนบุรี,ปราจีนบุรี
3079,102,ศรีมหาโพธิ - พญาจ่าย,34+360,"2,687",621,105,94,132,594,403,398,294,261,"5,589",28.306,13,1399,ขท.ปราจีนบุรี,ปราจีนบุรี
3081,100,ท่าเรือ - พระแท่นดงรัง,0+550,"3,891","1,558",5,6,2,"3,089",438,604,687,441,"10,721",20.315,30,2260,ขท.กาญจนบุรี,กาญจนบุรี
3084,100,ท่าม่วง - หนองขาว,1+000,"5,337","4,641",1,6,11,"4,380",129,152,85,21,"14,763",2.737,0,5132,ขท.กาญจนบุรี,กาญจนบุรี
3085,100,ยางเกาะ - ศรีมงคล,0+500,"1,027",503,66,44,34,"1,610",70,84,55,53,"3,546",9.588,12,1026,ขท.กาญจนบุรี,กาญจนบุรี
3086,100,ลาดหญ้า - ทุ่งมะสังข์,0+170,"2,568","1,053",85,30,38,"2,762",113,61,11,5,"6,726",3.836,54,2129,ขท.กาญจนบุรี,กาญจนบุรี
3086,201,ทุ่งมะสังข์ - ปลักประดู่,28+500,"2,196",903,5,0,14,"3,987",93,78,34,19,"7,329",3.247,21,3279,ขท.สุพรรณบุรีที่ 2 (อู่ทอง),กาญจนบุรี
3086,201,ทุ่งมะสังข์ - ปลักประดู่,31+562,"3,060","1,073",5,1,14,"5,494",227,155,215,56,"10,300",6.485,5,2674,ขท.สุพรรณบุรีที่ 2 (อู่ทอง),กาญจนบุรี
3086,202,ปลักประดู่ - ด่านช้าง,105+500,925,451,13,4,16,"3,136",128,72,60,45,"4,850",6.701,18,773,ขท.สุพรรณบุรีที่ 2 (อู่ทอง),สุพรรณบุรี
3086,202,ปลักประดู่ - ด่านช้าง,107+562,906,437,14,11,10,"3,196",120,66,52,32,"4,844",6.007,5,840,ขท.สุพรรณบุรีที่ 2 (อู่ทอง),สุพรรณบุรี
3087,100,ราชบุรี - แก้มอ้น,16+286,"5,259","3,554",0,0,0,"4,416",439,268,1,0,"13,937",5.08,8,2462,ขท.ราชบุรี,ราชบุรี
3087,100,ราชบุรี - แก้มอ้น,30+183,"3,889","3,250",34,67,44,"4,513",221,259,143,58,"12,478",6.347,7,1992,ขท.ราชบุรี,ราชบุรี
3087,100,ราชบุรี - แก้มอ้น,31+055,"2,417","1,347",0,2,14,"5,581",213,83,0,1,"9,658",3.241,4,3741,ขท.ราชบุรี,ราชบุรี
3088,101,ราชบุรี - ปากท่อ,0+200,"4,661","1,466",343,78,64,"5,177",435,154,42,31,"12,451",6.457,139,4463,ขท.สมุทรสงคราม,ราชบุรี
3088,102,ปากท่อ - วันดาว,23+646,"2,549",779,143,99,94,829,322,163,79,72,"5,129",16.163,56,1294,ขท.สมุทรสงคราม,ราชบุรี
3090,100,บ้านเลือก - หนองตากยา,4+617,"9,039","7,601",173,150,0,"9,864","1,203","1,320",961,152,"30,463",12.428,77,7783,ขท.ราชบุรี,ราชบุรี
3090,100,บ้านเลือก - หนองตากยา,7+210,"10,100","7,133",178,182,0,"7,528","1,045","1,181","1,151","1,077","29,575",15.675,39,7983,ขท.ราชบุรี,ราชบุรี
3090,100,บ้านเลือก - หนองตากยา,42+915,"4,763","4,018",139,137,0,"5,732","1,011","1,151",895,267,"18,113",19.108,50,3685,ขท.ราชบุรี,กาญจนบุรี
3091,100,อ้อมน้อย - สมุทรสาคร,0+500,"8,969","6,358",40,228,291,"11,302","1,275","1,306",624,34,"30,427",12.351,67,9923,ขท.สมุทรสาคร,สมุทรสาคร
3091,100,อ้อมน้อย - สมุทรสาคร,13+000,"8,759","7,969",169,243,294,"12,787","1,876","1,654","1,313",74,"35,138",15.522,39,9308,ขท.สมุทรสาคร,สมุทรสาคร
3092,100,สมุทรสงคราม - ลาดใหญ่,1+800,"7,359","7,861","1,365","1,543","1,441","2,521","1,499",840,625,31,"25,085",23.835,558,8299,ขท.สมุทรสงคราม,สมุทรสงคราม
3093,100,ปากท่อ - ท่าน้ำสมุทรสงคราม,18+800,"2,391",336,102,33,79,"5,896",362,444,292,50,"9,985",12.619,46,2284,ขท.สมุทรสงคราม,สมุทรสงคราม
3094,100,ทางเข้านครชัยศรี,0+500,"12,905","10,875","1,385","1,325","1,154","15,948","4,874","1,899","1,518",966,"52,849",22.207,20,3820,ขท.นครปฐม,นครปฐม
3111,100,ปทุมธานี - ท้ายเกาะ,0+200,"5,557","5,690","2,899","2,406","2,496","2,730","2,721","2,876","2,815","2,633","32,823",48.585,388,4489,ขท.ปทุมธานี,ปทุมธานี
3111,100,ปทุมธานี - ท้ายเกาะ,6+369,"5,723","5,855","2,996","2,552","2,582","2,817","2,809","2,969","2,902","2,712","33,917",48.725,401,4504,ขท.ปทุมธานี,ปทุมธานี
3111,200,ท้ายเกาะ - เสนา,19+673,"4,389","4,159","1,219",809,776,"1,142",746,791,780,686,"15,497",29.606,4,2781,ขท.อยุธยา,พระนครศรีอยุธยา
3111,200,ท้ายเกาะ - เสนา,28+000,"4,652","4,511","1,452","1,131","1,068","1,131",858,970,858,653,"17,284",32.041,0,2982,ขท.อยุธยา,พระนครศรีอยุธยา
3111,200,ท้ายเกาะ - เสนา,34+556,"4,709","4,548","1,452","1,169","1,067","1,131",857,970,858,653,"17,414",32.009,0,3020,ขท.อยุธยา,พระนครศรีอยุธยา
3113,100,สำโรง - สะพานภูมิพล,0+500,"6,392","6,435","1,247",220,"1,069","3,568","1,806","1,386","1,344","1,645","25,112",29.747,115,5457,ขท.สมุทรปราการ,สมุทรปราการ
3117,100,คลองด่าน - บางบ่อ,0+500,"3,601","2,216",532,430,516,"3,591",692,366,324,283,"12,551",20.803,34,3008,ขท.สมุทรปราการ,สมุทรปราการ
3119,101,มีนบุรี - แยกเคหะร่มเกล้า,1+500,"19,421","19,360","2,571","1,559","2,210","4,774","2,582","2,372","2,059","2,089","58,997",21.816,857,10221,ขท.กรุงเทพ,กรุงเทพมหานคร
3121,100,บางคล้า - แปลงยาว,2+360,"6,150","1,570",282,0,350,"1,625","1,247",450,190,145,"12,009",19.835,18,1493,ขท.ฉะเชิงเทรา,ฉะเชิงเทรา
3121,100,บางคล้า - แปลงยาว,5+500,"8,010","1,582",258,0,288,"2,024",810,561,441,394,"14,368",17.358,25,1360,ขท.ฉะเชิงเทรา,ฉะเชิงเทรา
3124,100,บางน้ำเปรี้ยว - บางขนาก,4+889,"3,584","1,476",56,9,27,"1,918",100,42,12,4,"7,228",2.684,32,2685,ขท.ฉะเชิงเทรา,ฉะเชิงเทรา
3124,100,บางน้ำเปรี้ยว - บางขนาก,8+006,"2,211","1,862",125,122,105,"1,686",392,156,102,56,"6,817",13.686,227,1687,ขท.ฉะเชิงเทรา,ฉะเชิงเทรา
3126,100,พลูตาหลวง - แสมสาร,0+600,"7,041","5,913",523,450,394,"3,171",920,381,24,18,"18,835",11.611,17,3379,ขท.ชลบุรีที่ 2,ชลบุรี
3127,100,มาบโป่ง - หัวไผ่,0+500,"3,711","2,701",166,151,144,"7,578","1,999","1,308",990,744,"19,492",27.375,38,3528,ขท.ชลบุรีที่ 1,ชลบุรี
3127,100,มาบโป่ง - หัวไผ่,16+642,"2,021","1,777",141,175,139,"4,194","1,911","1,364",479,361,"12,562",35.257,35,2227,ขท.ชลบุรีที่ 1,ชลบุรี
3134,100,แยกอ่างศิลา - เขาสามมุข,0+500,"10,377","6,330",184,32,23,"8,939",295,275,45,16,"26,516",2.587,11,5252,ขท.ชลบุรีที่ 2,ชลบุรี
3138,100,บ้านบึง - มาบปู,0+700,"2,819","2,135",405,410,404,"4,873","1,261","1,692","1,155","1,052","16,206",36.863,13,2003,ขท.ชลบุรีที่ 1,ชลบุรี
3139,100,บ้านแลง - หาดใหญ่,4+710,"3,268",716,204,8,5,"4,369",206,108,28,8,"8,920",4.07,41,3341,ขท.ระยอง,ระยอง
3140,100,ทางเข้าบ้านเพ,0+100,"1,565",785,65,77,5,"1,451",125,86,0,0,"4,159",7.045,60,1426,ขท.ระยอง,ระยอง
3143,100,บ้านค่าย - หนองละลอก,0+200,"3,617","3,560",82,67,87,"5,027",596,521,341,261,"14,159",13.228,19,2646,ขท.ระยอง,ระยอง
3144,100,ตลาดหนองมน - ทางเข้าสวนสัตว์เปิดเขาเขียว,3+000,"5,761","4,716",55,94,30,"6,944",169,"1,440",79,44,"19,332",9.601,19,2941,ขท.ชลบุรีที่ 2,ชลบุรี
3145,102,ท่าเรือแกลง - แหลมแม่พิมพ์,11+500,"3,886",918,0,1,27,"1,161",18,19,0,0,"6,030",1.078,32,914,ขท.ระยอง,ระยอง
3148,100,ตราด - แหลมงอบ,6+000,"3,607","2,243",130,10,10,"4,481",44,24,10,0,"10,559",0.928,15,4055,ขท.ตราด,ตราด
3149,100,พลิ้ว - แหลมสิงห์,8+000,"4,318","1,502",7,12,34,"4,717",42,13,8,4,"10,657",1.06,20,2595,ขท.จันทบุรี,จันทบุรี
3152,100,ท่าจุ๊ย - ท่าใหม่,0+500,"2,383","1,506",56,43,30,"2,891",77,29,23,18,"7,056",3.118,27,2267,ขท.จันทบุรี,จันทบุรี
3153,100,จันทบุรี - ท่าใหม่,3+500,"7,545","1,597",246,200,106,"9,320",994,104,23,21,"20,156",7.184,122,3844,ขท.จันทบุรี,จันทบุรี
3155,100,ตราด - แหลมศอก,1+000,"2,419",119,61,12,6,"2,654",0,0,0,0,"5,271",0.341,20,1714,ขท.ตราด,ตราด
3156,100,แหลมงอบ - แสนตุ้ง,2+000,"2,294",327,29,9,7,"2,720",7,2,0,0,"5,395",0.463,3,2014,ขท.ตราด,ตราด
3156,100,แหลมงอบ - แสนตุ้ง,35+000,"2,405",753,51,36,42,"2,927",38,21,3,6,"6,282",2.324,10,1965,ขท.ตราด,ตราด
3157,101,แสนตุ้ง - บ่อไร่,0+500,"1,115",129,18,0,0,"1,254",110,62,20,8,"2,716",7.364,0,1071,ขท.ตราด,ตราด
3157,102,บ่อไร่ - แหลมค้อ,40+000,477,228,4,0,0,"1,276",20,21,38,18,"2,082",4.659,0,1029,ขท.ตราด,ตราด
3157,102,บ่อไร่ - แหลมค้อ,81+000,817,212,6,1,1,"1,382",23,25,30,8,"2,505",3.513,0,946,ขท.ตราด,ตราด
3158,100,แสนตุ้ง - หนองบัว,2+000,"1,051",516,14,0,0,"1,091",74,49,19,0,"2,814",5.046,0,865,ขท.ตราด,ตราด
3158,100,แสนตุ้ง - หนองบัว,7+687,"1,010",126,15,0,0,"1,157",71,62,12,0,"2,453",5.911,0,954,ขท.ตราด,ตราด
3158,100,แสนตุ้ง - หนองบัว,20+937,878,156,17,0,0,"1,056",151,50,17,0,"2,325",9.376,0,988,ขท.ตราด,ตราด
3159,100,เขาสมิง - นนทรีย์,1+000,937,656,7,0,1,"2,088",25,38,42,30,"3,824",3.556,0,1148,ขท.ตราด,ตราด
3168,100,ปราณบุรี - ปากน้ำปราณ,1+000,"2,549","2,947",25,7,2,"4,609",395,6,6,5,"10,551",3.99,146,6179,ขท.ประจวบคีรีขันธ์ (หัวหิน),ประจวบคีรีขันธ์
3168,100,ปราณบุรี - ปากน้ำปราณ,4+000,"1,961","2,203",29,12,3,"2,794",84,15,11,11,"7,123",1.909,53,4918,ขท.ประจวบคีรีขันธ์ (หัวหิน),ประจวบคีรีขันธ์
3168,100,ปราณบุรี - ปากน้ำปราณ,6+000,"2,800","1,378",5,17,8,"2,276",64,33,12,10,"6,603",2.181,89,2970,ขท.ประจวบคีรีขันธ์ (หัวหิน),ประจวบคีรีขันธ์
3169,100,สามแยกบางสะพาน - ชายทะเล,0+500,"1,890","2,220",2,137,24,"1,257",145,102,24,115,"5,916",9.246,10,1575,ขท.ประจวบคีรีขันธ์ (หัวหิน),ประจวบคีรีขันธ์
3171,100,เทศบาลเมืองเพชรบุรี - บันไดอิฐ,1+375,"4,435","4,197",21,9,0,"1,823",429,36,2,0,"10,952",4.346,17,3408,ขท.เพชรบุรี,เพชรบุรี
3176,100,เพชรบุรี - บ้านแหลมฝั่งตะวันตก,2+300,"2,508",552,37,22,17,347,20,10,10,26,"3,549",2.959,67,2374,ขท.เพชรบุรี,เพชรบุรี
3177,100,เพชรบุรี - หาดเจ้าสำราญ,0+500,"7,290","5,381",54,2,1,"4,484",247,81,84,7,"17,631",2.394,23,8994,ขท.เพชรบุรี,เพชรบุรี
3178,100,เพชรบุรี - บ้านแหลมฝั่งตะวันออก,0+500,"1,707","1,773",41,36,23,"1,192",87,22,14,4,"4,899",3.797,83,3635,ขท.เพชรบุรี,เพชรบุรี
3179,100,เทศบาลเมืองเพชรบุรี - บ้านลาด,0+500,"4,232","1,621",7,0,0,"3,990",84,60,8,0,"10,002",1.52,21,3331,ขท.เพชรบุรี,เพชรบุรี
3180,101,ท่าแซะ - ท่าเสม็ด,1+800,"1,495",768,46,4,2,"1,121",355,166,26,10,"3,993",14.1,161,1530,ขท.ชุมพร,ชุมพร
3180,102,ท่าเสม็ด - ศูนย์ราชการชุมพร,25+180,"1,680",828,120,32,29,"2,204",180,70,71,45,"5,259",8.119,88,1706,ขท.ชุมพร,ชุมพร
3181,100,ทางเข้าตลาดท่าแซะ,0+500,"2,051","1,565",95,0,0,"1,617",501,115,6,6,"5,956",10.544,267,1864,ขท.ชุมพร,ชุมพร
3183,101,แยกไปเขื่อนเจ้าพระยา - คลองมอญ,12+963,"1,462",866,8,1,14,369,171,93,130,27,"3,141",13.881,6,1224,ขท.ชัยนาท,ชัยนาท
3183,102,คลองมอญ - หนองบัว,26+963,"1,308",637,18,4,2,"1,689",124,61,86,13,"3,942",7.357,8,1032,ขท.ชัยนาท,ชัยนาท
3183,200,หนองบัว - อุทัยธานี,32+778,"1,734",793,0,0,0,"1,336",132,160,115,83,"4,353",11.257,1,677,ขท.อุทัยธานี,อุทัยธานี
3184,100,ดงคอน - ปากน้ำ,2+500,781,288,0,0,1,"1,092",298,355,490,258,"3,563",39.349,23,355,ขท.ชัยนาท,ชัยนาท
3184,100,ดงคอน - ปากน้ำ,9+500,509,310,0,0,4,"1,068",255,229,272,126,"2,773",31.951,24,425,ขท.ชัยนาท,สุพรรณบุรี
3187,100,เขื่อนเพชร - บางกุฬา,10+350,"2,117","1,448",15,0,0,"4,232",439,391,8,4,"8,654",9.73,9,3494,ขท.เพชรบุรี,เพชรบุรี
3188,101,ท่าเยี่ยม - ขอนหอม,1+500,"4,963","1,478",87,69,66,"2,342",654,540,472,51,"10,722",17.273,176,3850,ขท.สระบุรี,สระบุรี
3191,101,มาบตาพุด - แยกนิคมพัฒนา,0+500,"7,789","5,682","1,664","1,697","1,353","8,122","1,411","2,012","3,413","2,025","35,168",33.869,9,5143,ขท.ระยอง,ระยอง
3191,102,แยกนิคมพัฒนา - อ่างเก็บน้ำหนองปลาไหล,20+500,"4,497","4,266",170,156,152,"7,889","1,949","1,358","1,045",887,"22,369",24.798,12,3141,ขท.ระยอง,ระยอง
3193,101,ทับไทร - เทพนิมิต,0+500,"3,697","1,221",53,0,0,"4,998",159,56,23,15,"10,222",2.475,24,2093,ขท.จันทบุรี,จันทบุรี
3193,102,เทพนิมิต - ตามูน,47+000,"1,509",95,11,5,3,"1,520",60,29,29,23,"3,284",4.537,26,783,ขท.จันทบุรี,จันทบุรี
3195,100,สุพรรณบุรี - ลาดตาล,0+200,"1,223",303,16,7,7,"1,764",212,124,41,120,"3,817",13.387,25,934,ขท.สุพรรณบุรีที่ 1,สุพรรณบุรี
3195,202,วิเศษชัยชาญ - ป่างิ้ว,25+500,"7,114",941,98,123,544,"11,160",974,689,663,397,"22,703",14.932,102,5770,ขท.อ่างทอง,อ่างทอง
3196,200,ปากคลองห้า - จันเสน,18+000,907,87,0,0,7,"1,973",110,83,106,57,"3,330",10.901,3,1221,ขท.นครสวรรค์ที่ 2 (ตากฟ้า),นครสวรรค์
3196,301,จันเสน - ท่าแค,59+800,"3,794","2,649",47,36,57,"1,951",191,118,108,67,"9,018",6.398,17,1745,ขท.ลพบุรีที่ 1,ลพบุรี
3196,302,ท่าแค - โก่งธนู,92+000,"5,396","2,147",247,160,275,"1,829",964,357,262,95,"11,732",18.011,55,1611,ขท.ลพบุรีที่ 1,ลพบุรี
3196,400,โก่งธนู - เจ้าปลุก,105+100,"3,866","2,083",868,589,666,875,997,807,713,497,"11,961",35.691,8,975,ขท.อ่างทอง,พระนครศรีอยุธยา
3198,100,ช่องกุ่ม - หนองสังข์,18+696,"3,051",975,76,90,75,165,156,148,98,12,"4,846",11.948,58,2488,ขท.สระแก้ว (วัฒนานคร),สระแก้ว
3199,101,แก่งเสี้ยน - ท่าพะเนียด,0+130,"7,839","5,088",35,24,35,"8,736",387,67,35,6,"22,252",2.49,0,4839,ขท.กาญจนบุรี,กาญจนบุรี
3199,102,ท่าพะเนียด - โป่งปัด,10+855,"4,318","3,110",135,223,163,"1,290",915,343,229,45,"10,771",17.807,104,2443,ขท.กาญจนบุรี,กาญจนบุรี
3199,103,โป่งปัด - ศรีสวัสดิ์,57+791,"1,200",689,8,7,16,320,55,23,7,0,"2,325",4.645,0,495,ขท.กาญจนบุรี,กาญจนบุรี
3199,103,โป่งปัด - ศรีสวัสดิ์,115+691,317,106,2,0,5,65,16,2,1,4,518,5.405,0,315,ขท.กาญจนบุรี,กาญจนบุรี
3199,103,โป่งปัด - ศรีสวัสดิ์,116+906,217,39,1,0,0,95,13,1,0,0,366,3.825,0,301,ขท.กาญจนบุรี,กาญจนบุรี
3200,100,ฉะเชิงเทรา - บางน้ำเปรี้ยว,5+500,"1,547","1,153",91,54,59,902,275,131,80,56,"4,348",15.064,51,1003,ขท.ฉะเชิงเทรา,ฉะเชิงเทรา
3200,100,ฉะเชิงเทรา - บางน้ำเปรี้ยว,17+000,"2,417","2,327",107,92,65,"1,176","1,103","1,096",969,"1,131","10,483",42.507,41,1418,ขท.ฉะเชิงเทรา,ฉะเชิงเทรา
3201,100,เนินสันติ - แยกยายรวย,8+000,"1,085",420,16,0,0,703,285,108,31,6,"2,654",16.202,78,972,ขท.ชุมพร,ชุมพร
3203,100,ทางเข้าโครงการพระราชประสงค์หุบกะพง,1+500,"1,546","1,268",660,17,11,"1,037","1,001",13,10,10,"5,573",19.056,11,1368,ขท.เพชรบุรี,เพชรบุรี
3204,100,เขาตะเครา – ท่าแลง,3+950,"1,849",589,39,25,26,"1,810",264,211,26,10,"4,849",11.59,93,1980,ขท.เพชรบุรี,เพชรบุรี
3206,100,ปากท่อ - ห้วยศาลา,0+600,"2,699","1,016",75,62,47,"2,865",226,498,"1,010",192,"8,690",23.418,26,2470,ขท.สมุทรสงคราม,ราชบุรี
3206,200,ห้วยศาลา - จอมบึง,36+350,390,249,18,24,0,883,65,84,58,21,"1,792",14.063,19,505,ขท.ราชบุรี,ราชบุรี
3206,200,ห้วยศาลา - จอมบึง,54+904,864,632,27,26,12,"1,727",108,180,123,34,"3,733",12.939,22,934,ขท.ราชบุรี,ราชบุรี
3206,200,ห้วยศาลา - จอมบึง,102+106,"1,744",549,20,81,15,"2,283",125,81,40,21,"4,959",7.32,10,1035,ขท.ราชบุรี,ราชบุรี
3208,101,เขาวัง - น้ำพุ,3+000,"4,139","2,244",183,120,73,"4,056",966,985,676,540,"13,982",24.031,12,3011,ขท.ราชบุรี,ราชบุรี
3208,102,น้ำพุ - เหมืองผาปกค้างคาว,19+714,"1,398",681,20,41,11,"3,974",185,273,123,76,"6,782",10.454,11,652,ขท.ราชบุรี,ราชบุรี
3208,102,น้ำพุ - เหมืองผาปกค้างคาว,51+823,"1,766","1,754",38,99,16,"2,489",134,62,21,23,"6,402",5.545,21,1345,ขท.ราชบุรี,ราชบุรี
3209,101,ท่ามะกา - กลอนโด,0+500,"3,326","1,603",0,0,7,"5,031",243,387,417,207,"11,221",11.238,0,4424,ขท.กาญจนบุรี,กาญจนบุรี
3209,101,ท่ามะกา - กลอนโด,18+000,949,193,18,8,16,"1,156",116,150,168,116,"2,890",19.862,3,1093,ขท.กาญจนบุรี,กาญจนบุรี
3209,101,ท่ามะกา - กลอนโด,29+300,"1,410",614,6,0,8,"2,434",164,156,140,6,"4,938",9.599,12,1579,ขท.กาญจนบุรี,กาญจนบุรี
3209,101,ท่ามะกา - กลอนโด,44+750,"1,109",440,11,2,1,"1,222",48,98,93,13,"3,037",8.396,3,922,ขท.กาญจนบุรี,กาญจนบุรี
3209,102,กลอนโด - กาญจนบุรี,59+450,"1,110",239,6,7,6,"1,983",238,178,165,104,"4,036",17.294,4,1363,ขท.กาญจนบุรี,กาญจนบุรี
3209,102,กลอนโด - กาญจนบุรี,80+484,"2,625","1,263",23,33,10,"2,297",122,112,121,82,"6,688",7.177,3,1830,ขท.กาญจนบุรี,กาญจนบุรี
3210,100,พังงอน - จางวาง,0+500,"1,506",538,3,48,4,"1,465",101,36,35,53,"3,789",7.311,6,450,ขท.จันทบุรี,จันทบุรี
3211,100,ทางเข้าหันคา - กะบกเตี้ย,0+600,"1,952","1,088",7,2,5,620,250,216,198,28,"4,366",16.01,8,466,ขท.ชัยนาท,ชัยนาท
3211,100,ทางเข้าหันคา - กะบกเตี้ย,8+378,706,566,2,0,0,"1,828",178,200,219,179,"3,878",20.01,2,1443,ขท.ชัยนาท,ชัยนาท
3211,100,ทางเข้าหันคา - กะบกเตี้ย,11+472,953,42,0,2,1,"2,200",82,37,49,27,"3,393",5.836,2,1564,ขท.ชัยนาท,ชัยนาท
3211,200,กะบกเตี้ย - แยกหูช้าง,57+172,947,327,0,0,0,"1,255",71,49,46,15,"2,710",6.679,5,1266,ขท.อุทัยธานี,อุทัยธานี
3212,100,คุ้งสำเภา - ไร่พัฒนา,2+200,"1,198",602,19,7,4,"2,419",276,180,271,69,"5,045",15.996,21,914,ขท.ชัยนาท,ชัยนาท
3212,200,ไร่พัฒนา - หนองโพ,23+200,773,267,0,0,0,"2,473",102,123,191,26,"3,955",11.176,17,1619,ขท.นครสวรรค์ที่ 2 (ตากฟ้า),นครสวรรค์
3213,100,วัดสิงห์ - บ้านโคก,5+000,"1,614","1,757",45,6,3,319,91,68,99,28,"4,030",7.32,3,1299,ขท.ชัยนาท,ชัยนาท
3213,200,บ้านโคก - แยกเขาตะพาบ,37+000,621,298,203,199,151,647,302,277,286,180,"3,164",44.09,153,691,ขท.อุทัยธานี,อุทัยธานี
3214,100,บ้านพร้าว - คลองห้า,0+650,"31,408","31,473","1,253","1,367","1,224","2,833","2,259","1,561",889,571,"74,838",10.517,166,1844,ขท.ปทุมธานี,ปทุมธานี
3214,100,บ้านพร้าว - คลองห้า,8+300,"21,502","21,184","3,816","2,727","2,690","3,932","2,518","2,139","1,913","1,588","64,009",21.208,77,7078,ขท.ปทุมธานี,ปทุมธานี
3215,102,บางบัวทอง - ไทรน้อย,14+705,"14,986","6,204","1,622",646,632,"14,135","3,021","2,231","2,315","2,991","48,783",24.263,2563,6912,ขท.นนทบุรี,นนทบุรี
3217,100,กุยบุรี - ยางชุม,0+500,"1,783",112,51,38,13,"1,992",34,32,24,15,"4,094",3.81,103,2457,ขท.ประจวบคีรีขันธ์ (หัวหิน),ประจวบคีรีขันธ์
3218,100,หัวหิน - โป่งแย้,3+000,"4,268","1,488",16,43,20,"1,361",34,33,20,18,"7,301",2.301,19,1672,ขท.ประจวบคีรีขันธ์ (หัวหิน),ประจวบคีรีขันธ์
3218,100,หัวหิน - โป่งแย้,14+558,"3,605","1,411",35,65,8,"1,286",133,63,21,36,"6,663",4.893,77,1283,ขท.ประจวบคีรีขันธ์ (หัวหิน),ประจวบคีรีขันธ์
3218,100,หัวหิน - โป่งแย้,26+958,"2,893","1,561",40,62,14,"1,708",178,49,14,29,"6,548",5.284,71,1479,ขท.ประจวบคีรีขันธ์ (หัวหิน),ประจวบคีรีขันธ์
3218,200,โป่งแย้ - อ่างเก็บน้ำห้วยผาก,31+958,426,494,0,0,0,"1,019",407,373,0,0,"2,719",28.687,67,932,ขท.เพชรบุรี,เพชรบุรี
3220,100,แยกสะแกกรัง - เขาพะแวง,3+900,"1,774",627,0,0,0,"2,898",101,106,78,34,"5,618",5.678,14,2328,ขท.อุทัยธานี,อุทัยธานี
3220,200,เขาพะแวง - โกรกพระ,15+500,"2,104",759,14,0,0,458,465,400,300,212,"4,712",29.223,0,1535,ขท.นครสวรรค์ที่ 1,นครสวรรค์
3221,100,อุทัยธานี -  ทัพทัน,4+000,"1,760","1,059",15,16,4,"3,527",51,43,142,4,"6,621",3.927,4,1490,ขท.อุทัยธานี,อุทัยธานี
3222,100,แก่งคอย - เขาเพิ่ม,8+247,"4,344","3,991",220,229,190,"2,524","1,283","1,204","1,593","1,274","16,852",34.257,191,2814,ขท.สระบุรี,สระบุรี
3222,200,เขาเพิ่ม - บ้านนา,36+247,"4,632","4,614","1,365",357,423,"1,752",909,"1,600","1,280","1,473","18,405",32.828,116,3602,ขท.นครนายก,นครนายก
3224,101,บ้านป่า - ท่าคล้อ,4+200,"3,772","3,758",177,157,193,"3,294","2,092","1,727","1,636","1,608","18,414",40.257,145,3397,ขท.สระบุรี,สระบุรี
3224,102,ท่าคล้อ - แสลงพัน,20+200,"2,147","1,767",105,103,106,"2,385",205,122,131,113,"7,184",10.857,117,1706,ขท.สระบุรี,สระบุรี
3225,100,ดาวเรือง - ถนนวงแหวนรอบเมืองสระบุรี,0+550,"2,278","2,216",206,223,199,699,441,392,374,294,"7,322",26.263,173,985,ขท.สระบุรี,สระบุรี
3229,100,หนองบัว - ด่านพุน้ำร้อน,0+587,"2,061","1,612",30,41,17,894,44,30,14,11,"4,754",3.302,41,707,ขท.กาญจนบุรี,กาญจนบุรี
3229,100,หนองบัว - ด่านพุน้ำร้อน,16+087,"2,270","1,362",21,8,10,"2,058",66,40,24,18,"5,877",2.825,19,767,ขท.กาญจนบุรี,กาญจนบุรี
3229,100,หนองบัว - ด่านพุน้ำร้อน,18+462,966,651,18,19,10,"1,323",35,17,9,0,"3,048",2.953,0,762,ขท.กาญจนบุรี,กาญจนบุรี
3231,100,เด่นมะขาม - บางเลน,1+975,"2,244","2,334",203,273,198,"2,857","2,079","2,550","1,199","1,124","15,061",49.286,185,2201,ขท.นครปฐม,นครปฐม
3232,100,หนองพงนก - ไผ่เจดีย์,5+200,"1,492","1,456","1,067",959,885,"1,192","1,277","1,384","1,380","1,154","12,246",57.48,203,1275,ขท.นครปฐม,นครปฐม
3233,100,นครชัยศรี - ดอนตูม,1+200,"6,211","6,162",447,555,459,"15,165","3,062","3,009",971,768,"36,809",23.972,226,3556,ขท.นครปฐม,นครปฐม
3234,100,ศีรษะทอง - วัดปรีดาราม,0+500,"4,828","4,836","1,099","1,009",881,"13,527","5,007","1,166","1,035",847,"34,235",29.049,24,3887,ขท.นครปฐม,นครปฐม
3235,100,นครชัยศรี - เลียบแม่น้ำนครชัยศรี,0+500,"6,532","6,157",550,424,716,"2,744","1,340",479,187,157,"19,286",17.126,278,4965,ขท.สมุทรสาคร,นครปฐม
3238,100,เจ็ดเสมียน - โคกหม้อ,11+570,"3,568",162,114,93,0,"4,171",369,337,201,203,"9,218",13.051,59,3797,ขท.ราชบุรี,ราชบุรี
3239,100,นครนายก - เขื่อนขุนด่านปราการชล,1+500,"3,940","3,940",160,153,165,357,329,190,0,0,"9,234",9.064,290,3139,ขท.นครนายก,นครนายก
3240,101,หนองปรือ - สำนักตะแบก,7+150,"4,774","1,389",153,39,40,"5,423",258,127,39,36,"12,278",4.39,6,3496,ขท.ชลบุรีที่ 2,ชลบุรี
3241,101,ศรีราชา - อ่างเก็บน้ำหนองค้อ,12+750,"8,222","6,083",172,46,274,"9,952","2,061","1,517","1,220",982,"30,529",19.981,16,3115,ขท.ชลบุรีที่ 2,ชลบุรี
3242,100,สมุทรสาคร - บางบอน,4+130,"14,093","8,116",515,515,485,"15,610","1,058","1,034",303,68,"41,797",8.285,83,8254,ขท.สมุทรสาคร,สมุทรสาคร
3242,200,บางบอน - โรงพยาบาลบางปะกอก 8,15+600,"42,363","37,052","2,701","2,671","2,544","11,899",896,194,27,20,"100,367",6.329,80,9699,ขท.ธนบุรี,กรุงเทพมหานคร
3245,100,อ่างเก็บน้ำหนองปลาไหล - หนองเสือช้าง,16+317,"3,926","3,419",131,90,112,"6,581",974,710,522,396,"16,861",16.63,37,2799,ขท.ระยอง,ระยอง
3245,201,หนองเสือช้าง - หนองเสือช่อ,32+917,"3,631","1,972",41,30,27,"2,038",903,855,"1,003",256,"10,756",28.579,9,1661,ขท.ชลบุรีที่ 1,ชลบุรี
3245,201,หนองเสือช้าง - หนองเสือช่อ,50+817,"1,465","1,225",83,68,51,"1,017",911,801,807,753,"7,181",47.222,10,1008,ขท.ชลบุรีที่ 1,ชลบุรี
3245,202,หนองเสือช่อ - หนองไม้แก่น,58+817,"1,485","1,628",28,24,27,"1,608",516,478,467,182,"6,443",26.292,17,1313,ขท.ชลบุรีที่ 1,ชลบุรี
3245,202,หนองเสือช่อ - หนองไม้แก่น,81+117,772,"1,221",21,21,22,"1,531",592,587,424,74,"5,265",32.669,16,878,ขท.ชลบุรีที่ 1,ชลบุรี
3245,300,หนองไม้แก่น - ลาดกระทิง,90+317,"1,375","1,032",0,0,0,"1,223",715,737,624,507,"6,213",41.574,26,940,ขท.ฉะเชิงเทรา,ฉะเชิงเทรา
3246,100,พนัสนิคม - เกาะโพธิ์,1+000,"4,398","4,706","1,082",22,25,"1,226","1,114","1,141",296,228,"14,238",19.848,18,2757,ขท.ชลบุรีที่ 1,ชลบุรี
3247,100,โป่งน้ำร้อน - จางวาง,0+500,194,94,1,2,2,"1,147",21,11,10,11,"1,493",3.818,9,598,ขท.จันทบุรี,จันทบุรี
3249,100,เขาไร่ยา - แพร่งขาหยั่ง,4+104,"2,752","2,429",60,38,8,"9,230",69,43,27,22,"14,678",1.41,0,2302,ขท.จันทบุรี,จันทบุรี
3249,100,เขาไร่ยา - แพร่งขาหยั่ง,22+305,"1,478",556,14,6,1,"4,145",18,15,13,15,"6,261",1.086,0,1002,ขท.จันทบุรี,จันทบุรี
3249,100,เขาไร่ยา - แพร่งขาหยั่ง,37+958,"1,303",625,3,0,0,"5,631",14,10,8,4,"7,598",0.474,4,899,ขท.จันทบุรี,จันทบุรี
3250,100,หนองคณฑี - สันประดู่,2+500,"3,988","2,984",496,"1,037",434,"3,684","2,634","2,572","2,026","1,698","21,553",48.258,259,2496,ขท.สระบุรี,สระบุรี
3251,200,คูพัฒนา - ชัณสูตร,17+610,736,628,0,5,0,920,41,33,17,1,"2,381",4.074,29,527,ขท.สิงห์บุรี,สิงห์บุรี
3252,100,พักทัน - บ้านจ่า,3+000,953,720,12,17,3,912,66,48,10,7,"2,748",5.495,27,864,ขท.สิงห์บุรี,สิงห์บุรี
3253,100,บ้านพละ - ปะทิว,1+300,686,206,41,2,1,965,170,139,88,122,"2,420",21.57,11,486,ขท.ชุมพร,ชุมพร
3253,100,บ้านพละ - ปะทิว,42+708,455,29,6,3,1,"1,165",60,33,13,7,"1,772",6.603,3,645,ขท.ชุมพร,ชุมพร
3256,102,บางพลี - กิ่งแก้ว,19+857,"29,166","5,808",973,427,"1,265","12,323","2,596","1,277","2,840",0,"56,675",14.83,12,21380,ขท.สมุทรปราการ,สมุทรปราการ
3260,101,หนองวัลย์เปรียง - สองพี่น้อง,1+600,"2,186",988,16,14,8,"4,416",436,331,439,218,"9,052",15.974,10,958,ขท.สุพรรณบุรีที่ 2 (อู่ทอง),สุพรรณบุรี
3260,102,สองพี่น้อง - มะขามล้ม,16+037,"3,181",241,14,20,6,"5,035",471,313,435,149,"9,865",14.131,3,1825,ขท.สุพรรณบุรีที่ 2 (อู่ทอง),สุพรรณบุรี
3260,200,มะขามล้ม - วัดป่าเลไลยก์,40+456,"1,195",335,5,7,3,"1,689",157,100,36,18,"3,545",9.055,5,896,ขท.สุพรรณบุรีที่ 1,สุพรรณบุรี
3261,100,คลอง 10 - หนองเสือ,10+000,"2,212","1,693",59,29,13,950,307,170,162,107,"5,702",13.82,20,1412,ขท.นครนายก,ปทุมธานี
3261,200,หนองเสือ - ปากคลอง 13,32+000,"1,127",835,24,13,28,"1,308",161,221,169,175,"4,061",18.887,18,906,ขท.สระบุรี,สระบุรี
3263,102,บางบาล - ไผ่กองดิน,11+382,"7,922","7,781",802,371,373,"1,375",988,704,657,478,"21,451",16.647,16,4010,ขท.อยุธยา,พระนครศรีอยุธยา
3263,102,บางบาล - ไผ่กองดิน,20+088,"4,246","4,807",818,757,697,"1,811",990,782,749,522,"16,179",27.795,32,2161,ขท.อยุธยา,พระนครศรีอยุธยา
3264,100,ดอนเจดีย์ - สระกระโจม,9+600,"1,216",770,43,6,0,"1,925",109,110,166,84,"4,429",10.725,12,1001,ขท.สุพรรณบุรีที่ 1,สุพรรณบุรี
3264,100,ดอนเจดีย์ - สระกระโจม,15+200,"1,306",742,42,6,0,"2,487",140,144,207,90,"5,164",11.367,6,897,ขท.สุพรรณบุรีที่ 1,สุพรรณบุรี
3265,100,แยกโคกหม้อ - ท่าซุง,6+489,"2,150",963,9,7,7,"2,195",141,57,148,38,"5,715",6.964,14,1217,ขท.อุทัยธานี,อุทัยธานี
3265,100,แยกโคกหม้อ - ท่าซุง,10+871,125,36,0,0,0,197,6,5,0,0,369,2.981,24,298,ขท.อุทัยธานี,อุทัยธานี
3267,100,อ่างทอง - เจ้าปลุก,4+367,"6,379","1,009",33,31,52,"2,140",743,595,959,809,"12,750",25.012,20,1189,ขท.อ่างทอง,พระนครศรีอยุธยา
3267,200,เจ้าปลุก - บางโขมด,7+000,"3,075","1,883",57,66,77,"3,421","1,575","1,400","1,458","1,494","14,506",41.845,47,1794,ขท.อยุธยา,พระนครศรีอยุธยา
3268,101,สำโรง - บางเมือง,2+000,"3,823","3,963","2,640","2,265","1,407","3,708","1,187",46,45,40,"19,124",26.093,129,2925,ขท.สมุทรปราการ,สมุทรปราการ
3268,103,บางพลี - บางบ่อ,13+000,"18,947","6,599",629,390,416,"6,749","2,060","1,434",760,514,"38,498",14.479,5,10733,ขท.สมุทรปราการ,สมุทรปราการ
3271,100,เนินสูง - ด่านชุมพล,3+500,432,185,4,0,0,522,18,21,36,14,"1,232",7.224,0,458,ขท.ตราด,ตราด
3272,100,ทองผาภูมิ - ปิล๊อก,0+750,"2,714",827,45,47,32,"3,115",214,65,22,13,"7,094",5.54,6,3152,ขท.กาญจนบุรี,กาญจนบุรี
3272,100,ทองผาภูมิ - ปิล๊อก,20+607,345,264,32,6,0,357,15,10,10,1,"1,040",4.038,1,512,ขท.กาญจนบุรี,กาญจนบุรี
3272,100,ทองผาภูมิ - ปิล๊อก,38+286,10,1,9,1,6,308,8,0,0,0,343,4.373,9,367,ขท.กาญจนบุรี,กาญจนบุรี
3273,100,โคกสูง - หนองเป็ด,8+000,"2,184","1,088",493,265,147,"2,474","1,038","1,000",848,839,"10,376",39.871,22,3378,ขท.ราชบุรี,ราชบุรี
3274,100,หลักสาม - บางโทรัด,5+600,"4,965","4,911","1,094",873,787,"4,949","4,793","1,035",845,569,"24,821",35.865,15,3797,ขท.นครปฐม,สมุทรสาคร
3277,100,ขลุง - มะขาม,26+800,"2,210","2,548",0,0,0,"4,583",385,175,125,146,"10,172",8.169,19,1740,ขท.ตราด,จันทบุรี
3281,100,แยกพระพรหม - คลองรั้ง,1+000,"4,022","1,319",118,64,114,"1,856",584,466,457,524,"9,524",23.194,8,2045,ขท.ปราจีนบุรี,ปราจีนบุรี
3282,101,บ้านไร่ - ไร่ใหม่,2+700,"1,094",288,0,9,14,"2,194",76,25,16,0,"3,716",3.767,39,1963,ขท.อุทัยธานี,อุทัยธานี
3282,102,ไร่ใหม่ - แยกนิคมทับเสลา,47+790,266,77,0,0,0,"1,062",49,16,26,6,"1,502",6.458,0,402,ขท.อุทัยธานี,อุทัยธานี
3283,100,อินทร์บุรี - ทองเอน,1+500,"1,504",439,53,8,4,429,215,23,36,12,"2,723",10.944,27,2438,ขท.สิงห์บุรี,สิงห์บุรี
3284,100,เนินหลังเต่า - หนองเสม็ด,7+000,"1,827","1,979",20,21,19,"1,286","1,169","1,045",212,97,"7,675",33.394,18,1494,ขท.ชลบุรีที่ 1,ชลบุรี
3285,100,อินทร์บุรี - หนองสุ่ม,3+300,733,898,27,7,4,134,56,12,2,3,"1,876",4.478,23,1432,ขท.สิงห์บุรี,สิงห์บุรี
3288,100,ท่าแดง - วังม่วง,2+000,"1,106",986,78,61,21,119,141,82,0,0,"2,594",11.758,120,995,ขท.นครนายก,นครนายก
3289,100,หนองชาก - เนินโมก,1+700,"1,716","1,733",421,424,420,"4,812",924,"1,552",930,811,"13,743",36.826,6,3236,ขท.ชลบุรีที่ 1,ชลบุรี
3290,100,โคกอุดม - คลองทราย,0+500,"6,046",103,34,15,41,80,153,107,11,25,"6,615",5.321,52,3223,ขท.ปราจีนบุรี,ปราจีนบุรี
3291,101,เจดีย์หัก - หนองหอย,3+000,"7,416","5,503",222,121,73,"7,123",451,259,80,91,"21,339",5.038,20,5702,ขท.ราชบุรี,ราชบุรี
3291,101,เจดีย์หัก - หนองหอย,4+920,"3,562","1,071",101,6,7,"5,084",366,272,108,45,"10,622",7.569,17,2857,ขท.ราชบุรี,ราชบุรี
3291,103,เตาปูน - เบิกไพร,32+807,"2,789","1,858",88,88,69,"3,902",408,282,213,76,"9,773",11.624,21,2771,ขท.ราชบุรี,ราชบุรี
3291,103,เตาปูน - เบิกไพร,36+207,"3,210","1,289",159,87,137,"3,124",854,914,587,316,"10,677",27.114,28,3083,ขท.ราชบุรี,ราชบุรี
3296,100,ดอนตูม - บางเลน,1+500,"3,896","3,634",637,588,502,"6,594","3,141","3,154","2,579","2,075","26,800",44.922,843,4369,ขท.นครปฐม,นครปฐม
3297,100,หนองปลาไหล - ดอนตูม,3+000,"5,949","5,681","2,020","2,020","1,890","6,549","4,400","4,043","3,627","2,649","38,828",47.978,1179,5189,ขท.นครปฐม,นครปฐม
3298,100,สามเรือน - บางปะหัน,0+190,"3,497","3,502",726,420,392,823,866,912,958,762,"12,858",33.52,1,1079,ขท.อ่างทอง,พระนครศรีอยุธยา
3299,100,ช้างทูน - โชคดี,0+500,913,837,17,0,0,"1,214",165,79,18,0,"3,243",8.079,19,967,ขท.ตราด,ตราด
3302,100,พระพุทธบาท - โคกตูม,2+000,"2,121","2,179",139,110,129,972,624,611,596,315,"7,796",30.593,91,1517,ขท.ลพบุรีที่ 1,สระบุรี
3303,100,บางระจัน - โพทะเล,2+000,"2,480","1,393",23,13,8,"2,267",405,301,203,113,"7,206",14.474,41,1682,ขท.สิงห์บุรี,สิงห์บุรี
3303,100,บางระจัน - โพทะเล,9+800,"1,241","1,222",3,1,6,"1,774",153,146,158,42,"4,746",10.662,53,700,ขท.สิงห์บุรี,สิงห์บุรี
3304,100,บ้านโพธิ์ - แปลงยาว,0+500,"3,320","1,969",73,227,127,"1,294","1,425",925,"1,470","1,804","12,634",47.317,68,1623,ขท.ฉะเชิงเทรา,ฉะเชิงเทรา
3304,100,บ้านโพธิ์ - แปลงยาว,3+475,"2,255","1,061",35,38,37,"2,534","1,617","1,983","1,676","1,106","12,342",52.317,25,810,ขท.ฉะเชิงเทรา,ฉะเชิงเทรา
3304,100,บ้านโพธิ์ - แปลงยาว,15+613,"2,054","1,189",30,32,34,"2,095","1,621","1,741","1,612",770,"11,178",51.977,25,837,ขท.ฉะเชิงเทรา,ฉะเชิงเทรา
3305,100,ท่าน้ำตื้น - บ้านเก่า,0+095,"2,194",944,30,11,12,"1,675",133,92,48,11,"5,150",5.961,5,1936,ขท.กาญจนบุรี,กาญจนบุรี
3305,100,ท่าน้ำตื้น - บ้านเก่า,11+847,"1,479",452,8,2,10,"1,852",63,46,47,4,"3,963",4.34,4,1353,ขท.กาญจนบุรี,กาญจนบุรี
3305,100,ท่าน้ำตื้น - บ้านเก่า,27+637,734,553,2,0,2,614,29,43,26,7,"2,010",5.323,79,741,ขท.กาญจนบุรี,กาญจนบุรี
3306,100,หนองปรือ - สระกระโจม,0+100,416,177,14,10,1,"1,518",110,69,45,17,"2,377",10.602,7,661,ขท.สุพรรณบุรีที่ 2 (อู่ทอง),กาญจนบุรี
3306,100,หนองปรือ - สระกระโจม,42+600,274,101,3,1,0,"1,323",73,59,31,16,"1,881",9.569,2,747,ขท.สุพรรณบุรีที่ 2 (อู่ทอง),กาญจนบุรี
3308,100,โคกเพร็ก - แสง์,3+000,681,488,142,134,0,978,303,265,199,167,"3,357",31.814,292,774,ขท.สระแก้ว (วัฒนานคร),สระแก้ว
3309,100,บางปะอิน - บางกระสั้น,3+000,"3,594","1,281","1,153",944,431,"4,106","1,232","1,039",718,614,"15,112",32.941,235,3104,ขท.อยุธยา,พระนครศรีอยุธยา
3309,201,บางกระสั้น - ศูนย์ศิลปาชีพบางไทร,15+000,"6,858","7,161","6,574","5,918","6,147","6,555","6,408","5,914","5,958","6,390","63,883",57.504,666,3336,ขท.ปทุมธานี,พระนครศรีอยุธยา
3309,202,ศูนย์ศิลปาชีพบางไทร - บางพูน,38+500,"5,712","5,980","4,125","3,289","1,931","4,133","3,872","3,362","2,666","1,566","36,636",45.545,0,4150,ขท.ปทุมธานี,ปทุมธานี
3310,100,กระทุ่มล้ม - พุทธมณฑล,2+500,"24,784","8,757",626,100,397,"23,487","1,088",921,601,255,"61,016",5.51,80,9413,ขท.สมุทรสาคร,นครปฐม
3312,100,สนามกีฬาธูปเตมีย์ - ลำลูกกา,2+061,"25,170","11,665",13,110,278,"16,109","2,712","1,297",802,425,"58,581",9.6,53,12244,ขท.กรุงเทพ,ปทุมธานี
3312,200,ลำลูกกา - คลอง 16,14+300,"26,742","4,587",185,368,380,"15,982","1,494",942,437,396,"51,513",7.798,161,7792,ขท.นครนายก,ปทุมธานี
3313,100,เขาอ่างแก้ว - วังกุ่ม,0+892,596,254,0,0,0,647,302,151,0,0,"1,950",23.231,70,569,ขท.เพชรบุรี,เพชรบุรี
3314,101,ท่าช้าง -  ป๊อกแป๊ก,2+700,"2,119","1,151",558,186,161,"2,628",790,"1,446","1,729",612,"11,380",43.269,204,2422,ขท.สระบุรี,สระบุรี
3316,100,ไร่ขิง - ทรงคนอง,2+500,"10,256","9,897","2,613","2,749","2,225","1,871","1,195",609,244,221,"31,880",22.72,566,6270,ขท.สมุทรสาคร,นครปฐม
3318,100,สุพรรณบุรี - มะขามล้ม,5+000,"3,330","2,721",10,5,2,"1,644",273,146,105,98,"8,334",7.547,20,3809,ขท.สุพรรณบุรีที่ 1,สุพรรณบุรี
3318,100,สุพรรณบุรี - มะขามล้ม,15+000,"3,779","3,875",0,3,9,542,243,168,13,14,"8,646",5.205,13,2463,ขท.สุพรรณบุรีที่ 1,สุพรรณบุรี
3318,200,มะขามล้ม - ดอนแจง,29+000,505,205,0,0,0,"1,204",153,109,72,30,"2,278",15.979,9,1052,ขท.สุพรรณบุรีที่ 2 (อู่ทอง),สุพรรณบุรี
3319,102,เนินกว้าว - บันไดสามขั้น,7+000,"3,026","1,754",52,0,55,710,328,186,111,90,"6,312",12.199,29,2097,ขท.นครสวรรค์ที่ 1,นครสวรรค์
3319,200,บันไดสามขั้น - ทัพทัน,19+567,749,330,4,2,22,"1,019",95,58,62,18,"2,359",10.894,8,457,ขท.อุทัยธานี,อุทัยธานี
3322,100,เนินสูง - ห้วยสะท้อน,0+500,"1,344",257,8,0,10,"3,655",280,64,31,30,"5,679",7.308,0,1119,ขท.จันทบุรี,จันทบุรี
3322,100,เนินสูง - ห้วยสะท้อน,29+000,"1,126",234,12,0,10,"3,294",213,26,12,10,"4,937",5.489,6,1306,ขท.จันทบุรี,จันทบุรี
3326,101,วังเพลิง - สระโบสถ์,7+700,"2,326","2,186",104,88,33,"1,455",601,250,185,98,"7,326",17.131,1,2172,ขท.ลพบุรีที่ 1,ลพบุรี
3326,102,สระโบสถ์ - ยางโทน,30+000,"3,270","1,298",194,76,86,558,513,434,442,111,"6,982",23.804,300,1565,ขท.ลพบุรีที่ 1,ลพบุรี
3327,100,เนินมะกอก - นิคมเขาบ่อแก้ว,6+000,"1,304","1,194",0,0,0,"2,076",144,138,301,137,"5,294",13.6,0,1614,ขท.นครสวรรค์ที่ 1,นครสวรรค์
3327,200,นิคมเขาบ่อแก้ว - โค้งวิจารณ์,16+000,316,179,2,0,0,648,117,224,503,103,"2,092",45.268,28,475,ขท.นครสวรรค์ที่ 2 (ตากฟ้า),นครสวรรค์
3329,100,ตาคลี - หนองหลวง,1+000,558,313,0,0,0,"1,599",180,87,88,42,"2,867",13.847,9,1038,ขท.นครสวรรค์ที่ 2 (ตากฟ้า),นครสวรรค์
3329,100,ตาคลี - หนองหลวง,23+500,169,38,0,0,0,543,42,20,60,18,890,15.73,9,379,ขท.นครสวรรค์ที่ 2 (ตากฟ้า),นครสวรรค์
3330,100,สุขสำราญ - สำโรงชัย,8+450,229,89,0,0,0,"1,009",55,25,47,6,"1,460",9.11,3,348,ขท.นครสวรรค์ที่ 2 (ตากฟ้า),นครสวรรค์
3331,100,หนองพิกุล - ใหม่สามัคคี,3+000,320,54,0,0,0,682,43,16,13,2,"1,130",6.549,6,435,ขท.นครสวรรค์ที่ 2 (ตากฟ้า),นครสวรรค์
3331,100,หนองพิกุล - ใหม่สามัคคี,13+000,206,116,1,0,0,781,41,21,28,13,"1,207",8.534,10,534,ขท.นครสวรรค์ที่ 2 (ตากฟ้า),นครสวรรค์
3333,101,โคกตูม - แยกมะนาวหวาน,2+000,"3,934","1,649",448,167,163,689,859,546,386,266,"9,107",26.211,71,1310,ขท.ลพบุรีที่ 1,ลพบุรี
3334,100,ธารเกษม - สถานีรถไฟเขาสูง,13+000,"3,370","1,588",153,108,115,"1,328",617,608,367,352,"8,606",25.18,79,1810,ขท.ลพบุรีที่ 1,ลพบุรี
3335,100,บ้านสิงห์ - บ้านแพ้ว,4+000,"2,476","1,916","1,009","1,067",973,"1,316","1,962","2,022","1,002",363,"14,106",52.382,300,3351,ขท.สมุทรสงคราม,ราชบุรี
3335,100,บ้านสิงห์ - บ้านแพ้ว,9+453,"2,602",942,704,507,0,"3,896",959,787,767,786,"11,950",31.849,237,2964,ขท.สมุทรสงคราม,ราชบุรี
3335,100,บ้านสิงห์ - บ้านแพ้ว,21+703,"3,557",868,469,439,43,"5,744","2,080","1,745","1,987",758,"17,690",39.864,249,2942,ขท.สมุทรสงคราม,ราชบุรี
3336,100,โคกวัด - บ้านไร่,0+500,"3,694",794,465,227,27,"3,510",856,777,640,17,"11,007",23.113,262,3141,ขท.สมุทรสงคราม,ราชบุรี
3337,100,ห้วยชินสีห์ - หินสี,0+900,"3,426",343,24,42,24,"4,201",565,608,632,199,"10,064",20.568,29,3530,ขท.สมุทรสงคราม,ราชบุรี
3337,100,ห้วยชินสีห์ - หินสี,11+500,986,169,14,26,15,"1,674",175,212,151,42,"3,464",17.927,28,1257,ขท.สมุทรสงคราม,ราชบุรี
3339,100,ห้วยชินสีห์ - ราชบุรี,1+100,793,"1,502",53,21,0,"3,859",153,56,19,13,"6,469",4.05,39,4064,ขท.สมุทรสงคราม,ราชบุรี
3339,100,ห้วยชินสีห์ - ราชบุรี,10+695,"4,042","2,523",28,10,4,"3,580",223,93,46,14,"10,563",3.692,43,3552,ขท.สมุทรสงคราม,ราชบุรี
3340,100,หนองเสม็ด - บ่อทอง,2+000,"1,927","2,252",23,23,30,"1,312","1,197",978,320,122,"8,184",32.625,21,1186,ขท.ชลบุรีที่ 1,ชลบุรี
3342,100,วังขอน - บ่อพลอย,20+500,613,318,0,2,4,"2,016",113,124,210,61,"3,461",14.851,1,303,ขท.สุพรรณบุรีที่ 2 (อู่ทอง),กาญจนบุรี
3343,100,แยกวังโพธิ์ - โรงพยาบาลไทรโยค,2+359,680,488,85,23,14,980,35,16,0,2,"2,323",3.874,4,753,ขท.กาญจนบุรี,กาญจนบุรี
3344,100,อุดมสุข - สมุทรปราการ,13+078,"27,979","17,568","1,014",515,698,"19,377","1,528","1,146","1,163",743,"71,731",8.076,2,15567,ขท.สมุทรปราการ,สมุทรปราการ
3348,100,หนองขอน - จันทนิมิต,10+900,"8,971","2,494",258,76,49,"11,222",182,130,30,16,"23,428",2.062,96,8246,ขท.จันทบุรี,จันทบุรี
3349,100,หนองควง - หนองหญ้าปล้อง,0+500,"1,550",478,56,34,23,655,260,82,23,19,"3,180",13.868,53,1283,ขท.เพชรบุรี,เพชรบุรี
3350,100,ท่าช้าง - สระบัวก่ำ,3+000,"1,506",909,2,5,1,"1,696",148,80,160,66,"4,573",10.059,7,1615,ขท.สุพรรณบุรีที่ 1,สุพรรณบุรี
3351,100,เก้าห้อง - บางแม่หม้าย,1+000,"1,515",180,12,36,2,"2,015",268,155,127,35,"4,345",14.338,61,1730,ขท.สุพรรณบุรีที่ 1,สุพรรณบุรี
3351,200,บางแม่หม้าย - บางน้อยใน,32+750,"1,654",101,19,1,3,"1,327",244,211,114,33,"3,707",16.347,4,984,ขท.สุพรรณบุรีที่ 2 (อู่ทอง),สุพรรณบุรี
3351,300,บางน้อยใน - บางหลวง,38+196,"1,769","1,641",506,521,374,"2,346","1,980","1,846","1,587","1,386","13,956",55.13,191,1482,ขท.นครปฐม,นครปฐม
3353,100,วงษ์สว่าง -  ป่ารัง,0+570,"1,331",678,102,98,78,518,317,276,160,79,"3,637",27.715,83,1184,ขท.ลพบุรีที่ 1,ลพบุรี
3354,102,สระใหญ่ - ชอนม่วง,0+500,273,238,23,12,17,622,39,299,70,9,"1,602",27.84,28,491,ขท.ลพบุรีที่ 1,ลพบุรี
3356,100,ทุ่งคอก - พระแท่นดงรัง,17+800,863,262,2,2,1,"2,382",134,156,291,139,"4,232",17.084,4,1433,ขท.สุพรรณบุรีที่ 2 (อู่ทอง),สุพรรณบุรี
3358,100,ทุ่งคอก - เบญพาด,17+695,472,148,1,0,1,"1,181",73,151,170,39,"2,236",19.41,9,591,ขท.สุพรรณบุรีที่ 2 (อู่ทอง),กาญจนบุรี
3363,100,ดอนแสลบ - ช่องด่าน,0+500,392,129,0,0,0,890,126,50,21,24,"1,632",13.542,15,581,ขท.สุพรรณบุรีที่ 2 (อู่ทอง),กาญจนบุรี
3365,100,สามชุก - หนองอีพัง,1+800,"2,538",855,25,7,1,"3,703",132,140,136,85,"7,622",6.573,27,3298,ขท.สุพรรณบุรีที่ 1,สุพรรณบุรี
3366,100,ท่าข้าม - โนนสาวเอ้,2+000,"1,073",301,75,79,54,"1,407",416,358,121,65,"3,949",27.678,281,1234,ขท.สระแก้ว (วัฒนานคร),สระแก้ว
3366,100,ท่าข้าม - โนนสาวเอ้,8+762,"1,269",432,52,51,51,"1,581",447,391,90,63,"4,427",24.689,418,1355,ขท.สระแก้ว (วัฒนานคร),สระแก้ว
3366,100,ท่าข้าม - โนนสาวเอ้,15+680,"1,033",298,0,0,2,"1,110",272,235,70,24,"3,044",19.809,101,1106,ขท.สระแก้ว (วัฒนานคร),สระแก้ว
3369,100,วัดอำภาศิริวงศ์ - คลอง 16,1+000,"1,265",977,11,8,4,"1,538",189,199,18,12,"4,221",10.187,74,783,ขท.นครนายก,นครนายก
3372,101,นาคู - สามโก้,12+000,196,77,1,1,8,391,148,51,37,28,938,29.104,5,376,ขท.อ่างทอง,อ่างทอง
3372,102,สามโก้ - สีบัวทอง,27+000,751,160,56,50,60,"1,175",71,53,48,37,"2,461",12.962,91,1040,ขท.อ่างทอง,อ่างทอง
3373,100,สามโก้ - คลองลี่,2+200,"1,449",809,69,84,193,"4,942",728,623,495,429,"9,821",25.985,63,2327,ขท.อ่างทอง,อ่างทอง
3374,100,บางสะพาน - หนองหัดไท,2+300,"4,207",679,26,17,2,"1,324",103,62,18,26,"6,464",3.527,34,3154,ขท.ประจวบคีรีขันธ์ (หัวหิน),ประจวบคีรีขันธ์
3374,200,หนองหัดไท - ดอนยาง,29+862,305,32,0,0,3,"1,085",107,30,14,11,"1,587",10.397,43,651,ขท.ชุมพร,ชุมพร
3376,100,บ้านฉาง - ถนนซอย 13 ของนิคมสร้างตนเองจังหวัดระยอง,2+000,"5,300","2,622",55,39,19,"8,000",234,199,23,22,"16,513",3.246,30,6797,ขท.ระยอง,ระยอง
3378,100,บางคล้า  - พนมสารคาม,3+900,"1,224",794,99,0,131,"1,058",579,144,96,95,"4,220",24.763,25,954,ขท.ฉะเชิงเทรา,ฉะเชิงเทรา
3384,100,โนนสาวเอ้ - ไทรเดี่ยว,14+000,796,643,50,38,7,418,261,239,173,102,"2,727",30.07,143,628,ขท.สระแก้ว (วัฒนานคร),สระแก้ว
3385,100,หน้าพระลาน - หนองจาน,2+000,"3,150","2,701",611,656,713,"3,060","2,022","2,846","2,479","2,545","20,783",54.184,272,2656,ขท.สระบุรี,สระบุรี
3387,100,หนองวัลย์เปรียง - ทับกระดาน,5+550,570,197,1,0,0,"1,562",63,68,138,79,"2,678",12.995,10,566,ขท.สุพรรณบุรีที่ 2 (อู่ทอง),สุพรรณบุรี
3388,100,บ้านโป่ง - บ่อไร่,14+500,294,190,0,0,0,860,20,20,21,0,"1,405",4.342,0,600,ขท.ตราด,ตราด
3390,100,หนองรี - บ่อยาง,0+500,318,160,1,0,0,"1,561",52,46,63,23,"2,224",8.273,13,935,ขท.สุพรรณบุรีที่ 2 (อู่ทอง),กาญจนบุรี
3394,100,ลูกแก - หนองตะเลา,0+500,"1,433",317,1,0,1,"2,548",54,71,73,49,"4,547",5.454,19,2722,ขท.กาญจนบุรี,กาญจนบุรี
3394,200,หนองตะเลา - รางพิกุล,8+200,"2,229","2,007",998,893,995,"1,862","1,976","1,936","1,829","1,628","16,353",56.607,243,1854,ขท.นครปฐม,ราชบุรี
3395,100,ทุ่งขนาน - ทับทิมสยาม05,1+460,927,538,3,6,4,"2,600",176,158,161,86,"4,659",12.685,0,1177,ขท.จันทบุรี,จันทบุรี
3395,201,ทับทิมสยาม05 - วัฒนานคร,17+360,"1,866","1,776",0,0,0,987,"1,376","1,374","1,229","1,004","9,612",51.841,106,1930,ขท.สระแก้ว (วัฒนานคร),สระแก้ว
3395,201,ทับทิมสยาม05 - วัฒนานคร,27+960,"1,562","1,535",22,0,0,"1,234","1,267","1,349","1,116","1,014","9,099",52.16,72,1696,ขท.สระแก้ว (วัฒนานคร),สระแก้ว
3395,202,วัฒนานคร - โคคลาน,62+070,"2,341","1,938",514,531,434,"3,888","1,479","1,349","1,326","1,219","15,019",42.2,170,3189,ขท.สระแก้ว (วัฒนานคร),สระแก้ว
3395,202,วัฒนานคร - โคคลาน,95+257,"1,465","1,625",646,534,355,"1,394","1,387","1,265","1,181","1,085","10,937",53.095,110,963,ขท.สระแก้ว (วัฒนานคร),สระแก้ว
3398,100,ท่าพะเนียด - ทุ่งมะสังข์,0+500,"1,221",627,49,0,1,"1,962",119,34,34,7,"4,054",4.81,2,889,ขท.กาญจนบุรี,กาญจนบุรี
3400,100,หนองเอื้อง - ทุ่งขาม,0+500,709,403,0,0,0,837,533,318,0,0,"2,800",30.393,43,757,ขท.เพชรบุรี,เพชรบุรี
3401,100,เนินโมก - ทับร้าง,3+000,"1,171",809,701,766,87,947,894,775,715,633,"7,498",51.614,29,832,ขท.ชลบุรีที่ 1,ชลบุรี
3403,100,วัดยกกระบัตร - หลักสี่,0+500,"4,852","4,845","1,022",879,715,"4,910","4,793",997,791,509,"24,313",35.718,17,3767,ขท.นครปฐม,สมุทรสาคร
3404,100,หลักสาม - คลองยกกระบัตร,0+300,"4,607","4,599",887,716,601,"4,548","4,509",906,638,482,"22,493",34.909,19,3647,ขท.นครปฐม,สมุทรสาคร
3405,100,บ้านแหลม - ทุ่งขนาน,16+500,180,83,9,6,4,951,117,82,71,46,"1,549",21.046,11,585,ขท.จันทบุรี,จันทบุรี
3409,100,ชากไทย - ทุ่งจันดำ,6+800,620,330,0,0,0,"2,229",10,8,1,0,"3,198",0.594,0,1176,ขท.จันทบุรี,จันทบุรี
3410,101,เขื่อนเพชร - เขาลูกช้าง,0+500,"1,308","1,184",76,0,0,"1,469",965,704,46,0,"5,752",29.816,32,1439,ขท.เพชรบุรี,เพชรบุรี
3410,102,เขาลูกช้าง - ห้วยโสก,30+000,779,555,0,0,0,"1,213",360,308,14,0,"3,229",21.121,62,953,ขท.เพชรบุรี,เพชรบุรี
3412,101,อยุธยา - บางบาล,1+000,"1,069",209,178,162,93,844,149,154,147,77,"3,082",25.373,16,1016,ขท.อยุธยา,พระนครศรีอยุธยา
3412,101,อยุธยา - บางบาล,16+500,"1,410","1,200",168,135,114,720,245,491,614,360,"5,457",35.899,0,1087,ขท.อยุธยา,พระนครศรีอยุธยา
3413,100,ทางเข้าบางบ่อ,1+960,"3,594","2,383",549,436,198,"5,121",851,588,467,228,"14,415",19.202,39,3013,ขท.สมุทรปราการ,สมุทรปราการ
3414,100,อ้อมน้อย - ศาลายา,1+000,"17,427","6,614",246,296,355,"20,685","1,005",629,266,108,"47,631",5.582,354,12904,ขท.สมุทรสาคร,นครปฐม
3415,100,สามพราน - แม่น้ำนครชัยศรี,1+000,"10,622","2,205","1,263",185,221,"10,119","2,326",506,308,172,"27,927",13.313,141,5897,ขท.สมุทรสาคร,นครปฐม
3416,100,โป่งแย้ - หุบเฉลา,0+500,406,312,0,0,0,769,295,265,0,0,"2,047",27.357,51,634,ขท.เพชรบุรี,เพชรบุรี
3416,100,โป่งแย้ - หุบเฉลา,8+000,433,216,0,0,0,923,165,130,0,0,"1,867",15.801,54,752,ขท.เพชรบุรี,เพชรบุรี
3420,100,ทางเข้าหนองไผ่,0+200,115,38,0,0,0,401,18,15,29,7,623,11.075,6,199,ขท.นครสวรรค์ที่ 2 (ตากฟ้า),นครสวรรค์
3422,100,ลาดบัวหลวง - สองพี่น้อง,15+355,"5,986",198,3,17,21,"2,944",259,298,592,425,"10,743",15.005,7,1039,ขท.สุพรรณบุรีที่ 2 (อู่ทอง),สุพรรณบุรี
3428,100,เขาชะโงก - ท้ายทอง,1+000,"2,535","2,097","2,406","2,188","1,699","1,722",430,274,195,190,"13,736",36.226,86,1710,ขท.นครนายก,นครนายก
3431,101,ไผ่ขวาง - เทศบาลเมืองสุพรรณบุรี,0+200,"7,509",928,702,96,45,"6,072",144,61,1,3,"15,561",2.249,159,5369,ขท.สุพรรณบุรีที่ 1,สุพรรณบุรี
3432,100,หินลาด - เขื่อนแก่งกระจาน,0+500,314,398,0,0,0,887,225,179,0,0,"2,003",20.17,29,758,ขท.เพชรบุรี,เพชรบุรี
3438,101,หนองฉาง - ดินแดง,6+000,"1,354",565,383,0,242,"1,401",424,419,301,306,"5,395",31.362,227,1195,ขท.อุทัยธานี,อุทัยธานี
3438,102,ดินแดง - ไผ่งาม,40+300,339,93,4,0,0,"1,382",65,17,5,0,"1,905",4.567,1,957,ขท.อุทัยธานี,อุทัยธานี
3440,100,ดอนพรหม - ตลาดเขต,3+330,156,40,0,1,0,465,26,36,9,4,737,10.312,0,285,ขท.สุพรรณบุรีที่ 2 (อู่ทอง),สุพรรณบุรี
3443,101,ตลาดใหม่ - ตลุงเหนือ,7+700,888,262,0,0,17,"1,232",149,191,137,71,"2,947",19.172,15,941,ขท.สุพรรณบุรีที่ 2 (อู่ทอง),กาญจนบุรี
3446,102,ป่าไร่ - ช่องตากิ่ว,30+500,481,459,0,0,0,571,273,290,279,249,"2,602",41.929,264,684,ขท.สระแก้ว (วัฒนานคร),สระแก้ว
3447,101,หนองระหาน - คลองเวฬุ,0+500,"1,015",932,0,0,0,"1,633",308,260,209,167,"4,524",20.866,22,1263,ขท.ตราด,จันทบุรี
3448,100,ทุ่งขนาน - ตาเรือง,10+408,452,286,3,8,2,"2,314",94,66,70,58,"3,353",8.888,13,501,ขท.จันทบุรี,จันทบุรี
3451,100,โคกโคเฒ่า - ลาดตาล,1+868,636,176,2,5,1,"1,182",74,40,10,22,"2,148",7.076,15,944,ขท.สุพรรณบุรีที่ 1,สุพรรณบุรี
3452,100,ดงพระราม - ห้วยขื่อ,3+906,"3,485","2,378",77,60,43,"2,669","1,116",639,377,50,"10,894",20.975,132,2459,ขท.ปราจีนบุรี,ปราจีนบุรี
3453,100,ท่าไม้ - ตะคร้ำเอน,0+500,"1,237",575,0,0,2,656,235,141,168,93,"3,107",20.566,16,1235,ขท.กาญจนบุรี,กาญจนบุรี
3454,100,แยกเข้าโรงเรียนคุรุประชาสรรค์ - สะพานของโครงการฯชัณสูตร,2+000,655,256,16,0,5,"1,289",48,45,99,17,"2,430",8.807,4,967,ขท.ชัยนาท,ชัยนาท
3454,200,ชัณสูตร - ท่าช้าง,21+793,"1,930","1,320",15,10,26,671,203,131,81,69,"4,456",11.67,25,1142,ขท.สิงห์บุรี,สิงห์บุรี
3454,301,ท่าช้าง - วิเศษชัยชาญ,62+293,"2,966",759,206,142,267,"3,566",572,381,296,213,"9,368",19.972,144,3683,ขท.อ่างทอง,อ่างทอง
3454,301,ท่าช้าง - วิเศษชัยชาญ,74+093,"1,687","1,086",85,71,83,"3,127",494,420,179,94,"7,326",18.305,113,3009,ขท.อ่างทอง,อ่างทอง
3454,400,หน้าโคก - เสนา,103+584,"2,363","2,498",282,271,245,"1,104",739,529,498,380,"8,909",29.88,38,1893,ขท.อยุธยา,พระนครศรีอยุธยา
3455,100,แยกปากกิเลน - บ้านเก่า,0+100,357,288,22,16,13,238,45,22,15,10,"1,026",11.793,0,115,ขท.กาญจนบุรี,กาญจนบุรี
3456,101,หนองกระดี่  - คลองข่อย,15+000,462,132,2,0,0,595,32,50,20,13,"1,306",8.806,7,553,ขท.อุทัยธานี,อุทัยธานี
3456,101,หนองกระดี่  - คลองข่อย,39+285,644,213,9,6,4,379,54,63,18,8,"1,398",10.944,10,658,ขท.อุทัยธานี,อุทัยธานี
3457,100,ไทรโยค - ท่าทุ่งนา,0+500,365,218,14,6,20,107,17,10,2,2,761,7.49,0,291,ขท.กาญจนบุรี,กาญจนบุรี
3459,100,สามแยกบ้านกรูด - ปากคลองบ้านกรูด,8+232,"1,024",234,4,4,14,"1,198",67,30,11,10,"2,596",5.239,31,1789,ขท.ประจวบคีรีขันธ์ (หัวหิน),ประจวบคีรีขันธ์
3460,100,สระแก้ว - หนองโดก,0+400,"1,333",305,2,1,0,"2,569",175,134,237,47,"4,803",12.367,8,1050,ขท.สุพรรณบุรีที่ 1,สุพรรณบุรี
3461,100,สวนแตง - ดอนคา,3+000,684,329,0,1,4,"1,341",114,62,204,134,"2,873",18.065,6,990,ขท.สุพรรณบุรีที่ 2 (อู่ทอง),สุพรรณบุรี
3462,100,สระแก้ว - แซร์ออ,4+277,962,931,583,409,175,"1,058","1,099",790,827,715,"7,549",53.186,146,739,ขท.สระแก้ว (วัฒนานคร),สระแก้ว
3462,100,สระแก้ว - แซร์ออ,51+263,887,958,424,447,164,945,890,933,882,710,"7,240",55.608,170,793,ขท.สระแก้ว (วัฒนานคร),สระแก้ว
3466,100,บ้านเก่า - พานทอง,0+500,"5,335","4,137",597,352,"3,412","9,752","7,367","4,547","3,295","2,483","41,277",51.981,31,4439,ขท.ชลบุรีที่ 1,ชลบุรี
3467,100,นครหลวง - ท่าเรือ,10+650,"2,447","1,753",126,128,108,"2,235",493,"1,198","1,753","1,352","11,593",43.406,15,2398,ขท.อยุธยา,พระนครศรีอยุธยา
3468,100,จร้าใหม่ - เลาขวัญ,10+000,473,206,7,7,0,"1,089",101,103,46,26,"2,058",13.751,14,332,ขท.สุพรรณบุรีที่ 2 (อู่ทอง),กาญจนบุรี
3469,100,อยุธยา - บ้านรุน,3+750,"1,258","1,102",86,64,58,702,193,212,132,78,"3,885",18.97,15,1617,ขท.อยุธยา,พระนครศรีอยุธยา
3470,100,ภาชี - ท่าเรือ,4+770,"3,370","2,999",113,156,127,"1,833","1,324","1,299","1,387","1,528","14,136",41.179,22,1732,ขท.อยุธยา,พระนครศรีอยุธยา
3471,100,บางบุตร - ชุมแสง,0+500,"1,988",50,18,1,3,"1,886",129,81,54,20,"4,230",6.809,20,1299,ขท.ระยอง,ระยอง
3472,100,อู่ทอง - ตลุงเหนือ,9+000,404,157,7,7,2,"1,546",72,198,125,34,"2,552",17.163,1,586,ขท.สุพรรณบุรีที่ 2 (อู่ทอง),กาญจนบุรี
3473,100,หนองจิกรี - ถนนสุด,7+000,"2,214","2,186",27,23,23,"1,757",493,456,523,434,"8,136",23.992,26,2079,ขท.นครสวรรค์ที่ 1,นครสวรรค์
3473,100,หนองจิกรี - ถนนสุด,29+000,"1,431","1,655",28,28,23,990,619,588,513,419,"6,294",34.795,24,1727,ขท.นครสวรรค์ที่ 1,นครสวรรค์
3475,100,ทับกฤช - พนมรอก,14+250,225,89,0,0,0,987,31,64,51,17,"1,464",11.134,30,523,ขท.นครสวรรค์ที่ 2 (ตากฟ้า),นครสวรรค์
3477,102,เกาะเรียน - อยุธยา,13+800,"2,672","2,019",793,675,731,"2,405",969,883,491,428,"12,066",34.618,141,1663,ขท.อยุธยา,พระนครศรีอยุธยา
3479,100,ทับพริก - เขาตาง๊อก,11+020,308,207,0,0,0,216,134,120,61,37,"1,083",32.502,81,270,ขท.สระแก้ว (วัฒนานคร),สระแก้ว
3480,100,ปลักประดู่ - ถ้ำธารลอด,5+000,"1,313",339,0,0,0,286,96,25,45,1,"2,105",7.933,32,666,ขท.สุพรรณบุรีที่ 2 (อู่ทอง),สุพรรณบุรี
3481,100,คลองหลวงแพ่ง - ศาลาแดง,0+500,"3,395","2,791",572,346,331,"2,998","1,939","1,178","1,058",654,"15,262",36.077,112,1589,ขท.กรุงเทพ,กรุงเทพมหานคร
3481,300,บางขนาก - ปราจีนบุรี,35+925,"1,519","1,285",259,96,23,181,475,359,334,504,"5,035",35.571,32,932,ขท.ปราจีนบุรี,ปราจีนบุรี
3481,300,บางขนาก - ปราจีนบุรี,47+970,"2,786","1,447",105,44,20,230,144,92,132,62,"5,062",9.759,12,932,ขท.ปราจีนบุรี,ปราจีนบุรี
3486,102,โคคลาน - ใหม่ไทยถาวร,8+000,"4,297","1,445",95,85,84,"1,440",529,514,761,788,"10,038",27.505,58,1009,ขท.สระแก้ว (วัฒนานคร),สระแก้ว
3487,100,วัดป่าเลไลยก์ - โพธิ์พระยา,0+500,"1,055",173,1,0,0,"1,294",80,15,6,6,"2,630",4.068,46,1057,ขท.สุพรรณบุรีที่ 1,สุพรรณบุรี
3488,100,หนองโสน - หนองมะสังข์,0+400,553,235,5,12,0,"2,678",147,125,105,52,"3,912",11.273,5,1107,ขท.สุพรรณบุรีที่ 2 (อู่ทอง),กาญจนบุรี
3492,100,ท่าม่วง - หนองตากยา,0+943,"2,780","1,395",25,8,17,"2,955",135,264,179,68,"7,826",8.574,13,2361,ขท.กาญจนบุรี,กาญจนบุรี
3493,100,คลองทราย - จันทบุรี,0+500,"7,204","1,855",204,191,113,"8,925","1,533","1,083",40,46,"21,194",14.183,91,4109,ขท.จันทบุรี,จันทบุรี
3494,100,ท่าประดู่ - ฉางเกลือ,3+800,848,150,2,0,0,"1,387",38,24,18,13,"2,480",3.75,0,809,ขท.ตราด,ตราด
3496,100,ดอนเจดีย์ - ปากดง,15+000,"1,171","1,653",7,12,2,"1,061",210,223,248,158,"4,745",17.977,9,642,ขท.สุพรรณบุรีที่ 1,สุพรรณบุรี
3497,100,ช้างแรก - บางสะพานน้อย,7+900,"2,252","1,084",18,1,0,"1,455",73,49,0,22,"4,954",2.927,1,2001,ขท.ประจวบคีรีขันธ์ (หัวหิน),ประจวบคีรีขันธ์
3499,101,เขื่อนเพชร - วังไคร้,2+050,"1,821","1,499",532,324,425,"2,048","1,370",730,3,0,"8,752",32.587,44,2839,ขท.เพชรบุรี,เพชรบุรี
3500,100,หนองบัว - ลาดหญ้า,1+000,452,148,3,2,2,751,101,90,44,16,"1,609",15.848,6,409,ขท.กาญจนบุรี,กาญจนบุรี
3501,100,อ่างทอง - บางหลวงโดด,12+000,"1,241",250,22,2,36,295,82,89,452,284,"2,753",34.326,23,1219,ขท.อ่างทอง,อ่างทอง
3502,100,ดอนไร่ -  อ่างเก็บน้ำกระเสียว,1+000,827,512,18,1,0,805,112,76,85,91,"2,527",14.444,13,386,ขท.สุพรรณบุรีที่ 1,สุพรรณบุรี
3502,100,ดอนไร่ -  อ่างเก็บน้ำกระเสียว,37+678,"5,193",627,29,26,9,"4,143",206,109,100,119,"10,561",5.388,21,4497,ขท.สุพรรณบุรีที่ 1,สุพรรณบุรี
3504,100,คลองข่อย - ห้วยน้ำดัง,0+500,530,254,24,21,26,966,126,122,120,81,"2,270",21.85,22,705,ขท.อุทัยธานี,อุทัยธานี
3504,200,ห้วยน้ำดัง - เขาชนกัน,18+412,"1,191","1,373",25,26,20,865,438,461,431,391,"5,221",33.844,21,1502,ขท.นครสวรรค์ที่ 1,นครสวรรค์
3505,100,หางตลาด - ศรีสำราญ,2+500,284,68,3,8,0,660,96,34,28,33,"1,214",16.392,4,334,ขท.สุพรรณบุรีที่ 2 (อู่ทอง),สุพรรณบุรี
3507,100,วัดพระศรีรัตนมหาธาตุ - บ้านกล้วย,0+000,852,276,6,0,0,"1,045",73,11,0,0,"2,263",3.712,39,792,ขท.สุพรรณบุรีที่ 1,สุพรรณบุรี
3508,100,ถนนชุมชนท้องถิ่นเลียบทางรถไฟสายเหนือ,4+100,"12,173","4,209",270,265,343,"1,785",367,291,221,188,"20,112",8.328,438,576,ขท.ปทุมธานี,ปทุมธานี
3511,100,แสนสุข - จารย์จู,13+200,205,110,41,45,45,702,113,69,31,32,"1,393",24.049,218,682,ขท.สระแก้ว (วัฒนานคร),สระแก้ว
3520,100,ไผ่ต่ำ - หนองแค,1+155,"1,248","1,037",21,18,32,"1,724",33,32,34,25,"4,204",4.139,16,1074,ขท.สระบุรี,สระบุรี
3522,100,เนินฝอยทอง - ทุ่งผักเบี้ย,2+100,"4,152",416,58,53,50,888,100,104,98,57,"5,976",7.731,61,5753,ขท.นครสวรรค์ที่ 1,นครสวรรค์
3523,100,ทางเข้านครสวรรค์,0+500,"15,035","9,644",824,76,187,"1,968",861,645,459,99,"29,798",7.809,9,10210,ขท.นครสวรรค์ที่ 1,นครสวรรค์
3524,100,นครปฐม - ลาดปลาเค้า,0+170,"9,361","8,158","2,080","2,044","1,895","11,778","7,581","8,306","5,412","3,019","59,634",47.384,126,7863,ขท.นครปฐม,นครปฐม
3525,100,สามแยกกระจับ - หนองโพ,0+120,"5,067","3,824",656,462,477,"7,320","1,004","1,127",539,418,"20,894",19.273,24,4465,ขท.ราชบุรี,ราชบุรี
3527,100,ด่านโง - หนองปืนแตก,0+500,386,338,0,0,0,779,316,225,0,0,"2,044",26.468,30,719,ขท.เพชรบุรี,เพชรบุรี
3531,100,แยกสารพัดช่าง - ถนนวงแหวนรอบเมืองสุพรรณบุรี,0+605,"10,764","5,121",27,13,20,"6,193",210,99,8,6,"22,461",1.585,24,5297,ขท.สุพรรณบุรีที่ 1,สุพรรณบุรี
3533,100,บางปลาหมอ - ถนนวงแหวนรอบเมืองสุพรรณบุรี,0+050,977,160,22,2,0,689,16,1,0,0,"1,867",1.018,50,1337,ขท.สุพรรณบุรีที่ 1,สุพรรณบุรี
3546,100,ท่าหลวง - ตลาดมะขาม,0+527,"3,709",380,0,0,1,"4,921",104,87,43,3,"9,248",2.574,8,2651,ขท.จันทบุรี,จันทบุรี
3548,101,ท่ามะกา - เทศบาลตำบลท่าม่วง,0+284,"2,369","1,201",85,138,49,"2,938",131,76,76,69,"7,132",7.557,3,1530,ขท.กาญจนบุรี,กาญจนบุรี
3548,101,ท่ามะกา - เทศบาลตำบลท่าม่วง,11+586,"2,459","1,302",92,90,77,"3,028",301,383,283,174,"8,189",15.973,29,2746,ขท.กาญจนบุรี,กาญจนบุรี
3549,100,ทางเข้าสังขละบุรี,0+702,577,298,13,19,0,961,60,20,8,3,"1,959",5.615,8,1105,ขท.กาญจนบุรี,กาญจนบุรี
3551,100,หนองปลาตะเพียน - หัวสำโรง,6+990,"8,406","1,391",271,0,323,"1,956","2,535","1,856","1,325","1,405","19,468",38.237,12,1683,ขท.ฉะเชิงเทรา,ฉะเชิงเทรา
3558,100,แยกวัดลาวทอง - วังยาง,2+274,958,315,110,36,1,"1,422",69,3,0,0,"2,914",3.741,70,1324,ขท.สุพรรณบุรีที่ 1,สุพรรณบุรี
3562,100,ลพบุรี - ป่าหวาย,3+000,"5,432","2,064",145,78,73,341,233,23,0,7,"8,396",4.931,90,4144,ขท.ลพบุรีที่ 1,ลพบุรี
3564,100,พัฒนานิคม - แก่งเสือเต้น,2+000,922,857,65,94,54,164,164,147,62,48,"2,577",22.08,22,679,ขท.ลพบุรีที่ 1,ลพบุรี
3566,100,โพนทอง - ขอนชะโงก,0+200,"1,630","1,257",49,41,31,"1,892",40,37,44,35,"5,056",4.509,25,1203,ขท.สระบุรี,สระบุรี
3569,100,ค่ายสุรสีห์ - กองพลทหารราบที่ 9,0+100,"2,078","1,599",54,47,132,"1,776",265,94,55,39,"6,139",10.295,2,1699,ขท.กาญจนบุรี,กาญจนบุรี
3570,100,ท่าพะเนียด - ค่ายสุรสีห์,7+700,"1,616","1,045",17,18,1,442,69,1,1,2,"3,212",2.864,6,1185,ขท.กาญจนบุรี,กาญจนบุรี
3573,100,อนุสาวรีย์ ร.6 - สถานีรถไฟแสมสาร,1+200,"5,713","4,759",65,56,65,881,266,58,11,7,"11,881",3.897,23,2609,ขท.ชลบุรีที่ 2,ชลบุรี
3574,100,มาบปู - เขาคันทรง,4+418,"7,218","3,363",82,94,404,"7,201","4,041","1,616","1,532","1,024","26,575",32.779,3,2072,ขท.ชลบุรีที่ 2,ชลบุรี
3574,201,เขาคันทรง - เขาน้อย,33+818,"3,187","2,875",96,65,102,"6,619",910,713,578,602,"15,747",18.861,49,2253,ขท.ระยอง,ระยอง
3574,203,บ้านค่าย - ระยอง,52+818,"9,343","2,132",539,91,115,"9,234",463,400,265,216,"22,798",6.799,45,4013,ขท.ระยอง,ระยอง
3575,100,ทางเข้าบ้านค่าย,1+000,"4,395","4,068",263,130,151,"6,125",821,640,539,399,"17,531",15.287,54,3464,ขท.ระยอง,ระยอง
3578,100,ทางรอบอ่างเก็บน้ำหนองปลาไหล,0+500,"2,401","2,257",94,37,60,"3,656",553,355,300,279,"9,992",15.853,30,1919,ขท.ระยอง,ระยอง
3579,100,ทุ่งนานางหรอก - ลาดหญ้า,1+000,410,305,8,3,9,597,81,75,109,33,"1,630",19.018,0,405,ขท.กาญจนบุรี,กาญจนบุรี
3580,100,แสนตอ - เขาช่อง,2+900,564,396,11,0,1,759,86,129,144,47,"2,137",19.045,3,807,ขท.กาญจนบุรี,กาญจนบุรี
3582,100,วังปลาหมู - วังลาน,1+750,933,208,2,1,1,"1,697",85,56,41,3,"3,027",6.178,2,1127,ขท.กาญจนบุรี,กาญจนบุรี
3587,100,บ้านถ้ำ - ยางระโหง,3+000,612,297,9,1,0,"2,081",11,8,3,0,"3,022",0.761,0,3053,ขท.จันทบุรี,จันทบุรี
3590,100,ท่าซุง - ท่าน้ำมโนรมย์,0+500,"2,344","1,209",15,21,1,"2,050",120,112,108,17,"5,997",6.32,59,883,ขท.อุทัยธานี,อุทัยธานี
3591,101,เชียงรากน้อย - คลองเชียงรากน้อย,0+300,"5,157","5,407","2,302","2,240","2,256","2,936","4,478","4,020","3,100","2,187","34,083",53.637,0,2333,ขท.ปทุมธานี,ปทุมธานี
3592,100,ทางเข้านิมิตรใหม่,1+401,"10,586","2,443",542,212,222,"9,014",986,918,686,952,"26,561",14.969,282,4787,ขท.นครนายก,ปทุมธานี
3593,100,ท่าดินเหนียว -  เสาธง,0+200,"1,594","1,310",15,6,0,"1,464",321,10,4,2,"4,726",7.258,31,1313,ขท.สุพรรณบุรีที่ 1,สุพรรณบุรี
3595,100,วังโพธิ์ - ลุ่มสุ่ม,0+575,150,171,1,0,0,223,0,0,0,0,545,0,0,146,ขท.กาญจนบุรี,กาญจนบุรี
3596,100,ทองหลาง - ทรายมูล,1+000,"1,339",843,29,16,28,"2,165",144,131,9,7,"4,711",7.111,43,1153,ขท.นครนายก,นครนายก
3608,100,ทางต่างระดับหนองขาม - ท่าเรือแหลมฉบัง (ทางบริการด้านซ้ายทาง),2+300,"3,176","1,543",105,116,96,"3,197","1,187",961,"1,300","1,457","13,138",38.948,5,890,ขท.ชลบุรีที่ 2,ชลบุรี
3611,100,ทางต่างระดับหนองขาม - ท่าเรือแหลมฉบัง (ทางบริการด้านขวาทาง),2+300,"3,162","1,990",90,113,139,"3,079",868,"1,090","1,639","2,100","14,270",41.689,6,1129,ขท.ชลบุรีที่ 2,ชลบุรี
3648,100,ทางเลี่ยงเมืองแกลง,8+450,"5,783","1,597",0,0,5,"8,701","1,384",832,556,186,"19,044",15.559,10,1403,ขท.ระยอง,ระยอง
3649,200,คุ้งยอ - ห้วยขื่อ,11+465,"5,686","5,130",508,386,364,"3,638","2,379","1,539","1,712","1,292","22,634",33.896,217,2984,ขท.ปราจีนบุรี,ปราจีนบุรี
3701,501,ทางต่างระดับคีรี - ทางต่างระดับมาบประชัน (รวมทางต่างระดับมาบประชัน - พัทยา),2+300,"3,730","1,403",195,29,51,"1,704",179,247,155,8,"7,701",8.687,8,1259,ขท.ชลบุรีที่ 2,ชลบุรี
3701,501,ทางต่างระดับคีรี - ทางต่างระดับมาบประชัน (รวมทางต่างระดับมาบประชัน - พัทยา),95+721,"4,883","2,991",42,204,250,"3,095","1,921","1,919","1,709","1,956","18,970",41.956,16,1221,ขท.ชลบุรีที่ 2,ชลบุรี
3701,501,ทางต่างระดับคีรี - ทางต่างระดับมาบประชัน (รวมทางต่างระดับมาบประชัน - พัทยา),107+394,"3,866","2,136",44,434,119,"3,189","1,324","1,041","1,107","2,297","15,557",40.638,18,798,ขท.ชลบุรีที่ 2,ชลบุรี
3702,501,ทางต่างระดับคีรี - ทางต่างระดับมาบประชัน (รวมทางต่างระดับมาบประชัน - พัทยา),2+300,"3,383","1,498",134,132,198,"1,644",532,373,207,11,"8,112",17.912,15,1905,ขท.ชลบุรีที่ 2,ชลบุรี
3702,501,ทางต่างระดับคีรี - ทางต่างระดับมาบประชัน (รวมทางต่างระดับมาบประชัน - พัทยา),95+721,"4,841","3,156",91,203,238,"3,464","2,371","2,034","2,253","2,371","21,022",45.048,8,1164,ขท.ชลบุรีที่ 2,ชลบุรี
3702,501,ทางต่างระดับคีรี - ทางต่างระดับมาบประชัน (รวมทางต่างระดับมาบประชัน - พัทยา),107+394,"3,658","1,897",57,218,101,"2,338","1,271",520,263,443,"10,766",26.156,18,1992,ขท.ชลบุรีที่ 2,ชลบุรี
3901,102,บางแค - คลองมหาสวัสดิ์,20+430,"15,034","6,876",147,310,126,"5,146","1,044",557,182,136,"29,558",7.967,0,5591,ขท.ธนบุรี,กรุงเทพมหานคร
3901,201,คลองมหาสวัสดิ์ - คลองบางไผ่,35+322,"33,877","9,010","1,635",0,"1,669","14,504","2,023","1,936",0,0,"64,654",8.705,21,10797,ขท.นนทบุรี,นนทบุรี
3901,201,คลองมหาสวัสดิ์ - คลองบางไผ่,39+528,"35,387","10,112","1,702",0,"1,553","15,377","2,371","2,488",0,0,"68,990",9.294,39,6981,ขท.นนทบุรี,นนทบุรี
3901,202,คลองบางไผ่ - คลองบางหลวง,46+472,"33,904","9,468","3,477",0,"2,300","5,012","1,778","1,533",0,0,"57,472",9.763,1487,10309,ขท.นนทบุรี,นนทบุรี
3901,400,คลองซอย 26 - คลองระพีพัฒน์,0+550,978,918,219,128,15,711,660,594,561,516,"5,300",46.679,23,754,ขท.อยุธยา,พระนครศรีอยุธยา
3901,500,คลองระพีพัฒน์ - บึงคำพร้อย,14+300,"5,741","5,432",26,15,18,51,46,41,25,0,"11,395",1.272,26,751,ขท.ปทุมธานี,ปทุมธานี
3901,500,คลองระพีพัฒน์ - บึงคำพร้อย,25+000,"5,788","5,604","1,100","1,162","1,101","2,729","1,693","1,131",333,163,"20,804",26.836,84,2216,ขท.ปทุมธานี,ปทุมธานี
3902,102,บางแค - คลองมหาสวัสดิ์,20+430,"12,840","4,890",93,346,84,"5,168",490,429,137,129,"24,606",6.563,0,7549,ขท.ธนบุรี,กรุงเทพมหานคร
3902,201,คลองมหาสวัสดิ์ - คลองบางไผ่,35+322,"47,849","15,953","3,397",0,"1,861","16,710","3,994","3,663",238,0,"93,665",10.416,34,10123,ขท.นนทบุรี,นนทบุรี
3902,201,คลองมหาสวัสดิ์ - คลองบางไผ่,39+528,"46,834","13,620","2,644",0,"2,796","16,464","5,660","4,040",0,354,"92,412",13.905,68,9747,ขท.นนทบุรี,นนทบุรี
3902,202,คลองบางไผ่ - คลองบางหลวง,46+472,"43,976","15,883","4,287",0,"3,720","9,447","3,192","9,519",0,0,"90,024",18.252,282,14754,ขท.นนทบุรี,นนทบุรี
3902,400,คลองซอย 26 - คลองระพีพัฒน์,0+550,"1,168","1,122",89,86,16,862,786,571,402,335,"5,437",40.39,36,810,ขท.อยุธยา,พระนครศรีอยุธยา
3902,500,คลองระพีพัฒน์ - บึงคำพร้อย,14+300,"3,402","3,173",476,897,780,"1,929","1,291","1,021","1,209",380,"14,558",38.316,132,961,ขท.ปทุมธานี,ปทุมธานี
3902,500,คลองระพีพัฒน์ - บึงคำพร้อย,25+000,"5,549","5,302",994,17,17,"2,865","1,175",647,61,30,"16,657",11.689,133,1373,ขท.ปทุมธานี,ปทุมธานี
4001,100,แยกโพธารส - ท่ายาง,5+500,"3,730",529,78,4,19,"4,945",408,237,58,20,"10,028",7.439,30,2820,ขท.ชุมพร,ชุมพร
4002,100,หลังสวน - ปากน้ำหลังสวน,0+533,"1,273",616,32,15,7,"2,393",194,71,17,13,"4,631",6.845,78,1986,ขท.ชุมพร,ชุมพร
4003,100,สวี - บ่อคา,3+850,"2,734",685,30,0,0,"2,844",184,132,12,0,"6,621",4.954,31,2074,ขท.ชุมพร,ชุมพร
4006,100,ราชกรูด - วังตะกอ,2+500,572,115,11,4,10,909,132,186,90,41,"2,070",22.367,2,520,ขท.ระนอง,ระนอง
4006,100,ราชกรูด - วังตะกอ,29+000,518,87,12,29,9,"2,745",74,64,25,16,"3,579",6.063,6,1016,ขท.ระนอง,ชุมพร
4008,100,เทศบาลเมืองท่าข้าม - กิโลศูนย์,1+297,"7,196","7,078",139,133,163,"7,515",313,310,140,85,"23,072",4.958,59,4970,ขท.สุราษฎร์ธานีที่ 1 ,สุราษฎร์ธานี
4009,101,บางใหญ่ - ซอยสิบ,18+000,"4,193","1,103",150,33,66,"6,165",318,248,356,234,"12,866",9.754,55,2073,ขท.สุราษฎร์ธานีที่ 2 (กาญจนดิษฐ์),สุราษฎร์ธานี
4009,201,นาสาร - เวียงสระ,61+000,"5,535","5,183",0,0,86,"2,686","1,851","1,720","1,429","1,161","19,651",31.79,0,4141,ขท.สุราษฎร์ธานีที่ 3 (เวียงสระ),สุราษฎร์ธานี
4009,202,เวียงสระ - บางสวรรค์,83+175,"4,916","3,764",364,327,255,"1,306",753,449,459,306,"12,899",19.761,0,2797,ขท.สุราษฎร์ธานีที่ 3 (เวียงสระ),สุราษฎร์ธานี
4009,202,เวียงสระ - บางสวรรค์,93+469,"2,778","2,517",298,203,199,"1,135",790,575,505,419,"9,419",28.57,0,1939,ขท.สุราษฎร์ธานีที่ 3 (เวียงสระ),สุราษฎร์ธานี
4009,300,บางหล่อ - อ่าวลึก,131+937,"2,963","2,701",91,86,147,"2,861",785,785,316,290,"11,025",21.85,85,2136,ขท.พังงา,กระบี่
4009,300,บางหล่อ - อ่าวลึก,143+237,"2,756","1,869",25,20,37,"1,860",388,508,324,225,"8,012",18.747,15,1551,ขท.พังงา,กระบี่
4010,100,หนองสวน - คำสน,4+000,"1,229",527,69,0,0,"2,808",220,139,128,16,"5,136",9.794,5,1296,ขท.สุราษฎร์ธานีที่ 2 (กาญจนดิษฐ์),สุราษฎร์ธานี
4011,100,เชิงสมอ - พุมเรียง,4+800,"1,832",874,14,12,6,812,117,122,19,9,"3,817",7.467,14,1375,ขท.สุราษฎร์ธานีที่ 1 ,สุราษฎร์ธานี
4012,100,หัวไทร - แพรกเมือง,3+000,"2,078","1,734",8,2,0,"1,119",107,86,8,4,"5,146",4.023,12,1541,ขท.นครศรีธรรมราชที่ 1,นครศรีธรรมราช
4013,101,นครศรีธรรมราช - ปากพนัง,15+000,"3,196","2,712",7,8,11,748,409,254,168,92,"7,605",12.387,27,1686,ขท.นครศรีธรรมราชที่ 1,นครศรีธรรมราช
4013,101,นครศรีธรรมราช - ปากพนัง,26+782,"2,436","2,235",19,18,17,"1,187",464,181,92,22,"6,671",11.902,24,1745,ขท.นครศรีธรรมราชที่ 1,นครศรีธรรมราช
4013,102,ปากพนัง - หัวไทร,61+463,950,808,23,20,13,"1,453",127,87,18,3,"3,502",7.653,2,1660,ขท.นครศรีธรรมราชที่ 1,นครศรีธรรมราช
4014,100,คลองเหลง - ขนอม,2+600,"1,195","1,064",17,98,21,549,183,179,105,45,"3,456",18.258,0,698,ขท.นครศรีธรรมราชที่ 1,นครศรีธรรมราช
4015,100,บ้านตาล - เขาธง,0+500,"6,087","5,618",906,270,88,"2,803","1,362",728,399,186,"18,447",16.442,69,3331,ขท.นครศรีธรรมราชที่ 1,นครศรีธรรมราช
4015,100,บ้านตาล - เขาธง,21+000,"4,303","3,844",789,35,48,"1,984","1,132",524,248,161,"13,068",16.437,63,4392,ขท.นครศรีธรรมราชที่ 1,นครศรีธรรมราช
4015,201,เขาธง - ฉวาง,38+000,"2,806","2,798",95,49,13,796,195,49,25,17,"6,843",5.085,10,1507,ขท.นครศรีธรรมราชที่ 2 (ทุ่งสง),นครศรีธรรมราช
4015,202,ฉวาง - ห้วยปริก,61+645,"2,936","2,381",57,45,18,748,240,129,120,78,"6,752",9.331,34,2689,ขท.นครศรีธรรมราชที่ 2 (ทุ่งสง),นครศรีธรรมราช
4015,300,ห้วยปริก - บ้านส้อง,91+837,"3,109","2,905",0,0,0,"3,331",257,208,113,118,"10,041",6.932,0,2332,ขท.สุราษฎร์ธานีที่ 3 (เวียงสระ),สุราษฎร์ธานี
4016,101,นครศรีธรรมราช - พรหมคีรี,8+200,"8,013","6,932","3,880",113,97,"3,930","1,037",634,597,204,"25,437",10.544,36,9221,ขท.นครศรีธรรมราชที่ 1,นครศรีธรรมราช
4016,101,นครศรีธรรมราช - พรหมคีรี,11+500,"5,011","4,492",431,4,2,"2,969",901,427,161,82,"14,480",10.891,39,3461,ขท.นครศรีธรรมราชที่ 1,นครศรีธรรมราช
4016,102,พรหมคีรี - นบพิตำ,32+000,"1,639","1,158",60,27,0,"1,439",472,106,47,10,"4,958",13.352,3,1283,ขท.นครศรีธรรมราชที่ 1,นครศรีธรรมราช
4018,100,ทุ่งโป๊ะ - ไม้เสียบ,4+400,"1,142",836,43,0,2,"1,269",333,293,197,102,"4,217",21.982,12,970,ขท.นครศรีธรรมราชที่ 2 (ทุ่งสง),นครศรีธรรมราช
4018,100,ทุ่งโป๊ะ - ไม้เสียบ,16+777,"1,366",956,30,18,15,"1,370",429,411,257,168,"5,020",25.857,15,1212,ขท.นครศรีธรรมราชที่ 2 (ทุ่งสง),นครศรีธรรมราช
4018,200,ไม้เสียบ - หัวถนน,29+562,"1,530",523,10,5,0,"1,464",168,25,0,0,"3,725",5.315,9,1702,ขท.พัทลุง,พัทลุง
4018,200,ไม้เสียบ - หัวถนน,42+272,784,347,3,1,0,994,124,29,1,0,"2,283",6.789,13,1245,ขท.พัทลุง,พัทลุง
4019,100,ทุ่งใหญ่ - ช้างกลาง,6+300,"1,014",861,41,28,22,444,294,264,142,52,"3,162",25.364,1,1046,ขท.นครศรีธรรมราชที่ 2 (ทุ่งสง),นครศรีธรรมราช
4020,100,เมืองภูเก็ต - กะทู้,1+112,"12,121","1,043",263,29,71,"5,723",271,189,15,12,"19,737",2.974,10,8315,ขท.ภูเก็ต,ภูเก็ต
4021,100,เมืองภูเก็ต - ห้าแยกฉลอง,0+651,"5,918","4,447",96,85,50,"4,952",127,16,20,2,"15,713",1.909,45,8546,ขท.ภูเก็ต,ภูเก็ต
4022,100,โรงเรียนวิชิตสงคราม - สนามสุรกุล,0+200,"2,780",193,41,6,1,"1,664",28,3,0,0,"4,716",0.806,16,2129,ขท.ภูเก็ต,ภูเก็ต
4023,100,เมืองภูเก็ต - แหลมพันวา,2+450,"1,524","1,596",25,18,13,"1,456",18,15,6,0,"4,671",1.499,29,1531,ขท.ภูเก็ต,ภูเก็ต
4023,100,เมืองภูเก็ต - แหลมพันวา,6+800,"2,353","1,951",22,26,18,"1,930",25,13,4,2,"6,344",1.387,38,2059,ขท.ภูเก็ต,ภูเก็ต
4024,101,บางคู  - ตีนเขา,2+000,"11,939","2,553",81,123,68,"11,420",407,243,128,82,"27,044",3.886,20,7634,ขท.ภูเก็ต,ภูเก็ต
4024,101,บางคู  - ตีนเขา,11+037,"22,517",403,124,34,16,"15,552",82,71,46,38,"38,883",0.738,11,15473,ขท.ภูเก็ต,ภูเก็ต
4024,102,ตีนเขา - หาดราไวย์,19+559,"1,932","1,990",28,21,19,"1,739",25,9,2,0,"5,765",1.318,12,3974,ขท.ภูเก็ต,ภูเก็ต
4025,100,ท่าเรือ -  เชิงทะเล,3+160,"3,462","3,149",27,20,18,"3,846",23,7,0,1,"10,553",0.654,21,2975,ขท.ภูเก็ต,ภูเก็ต
4026,100,ทางเข้าสนามบินภูเก็ต,1+500,"7,481","1,017",80,56,23,"3,122",70,57,31,23,"11,960",2.174,20,3297,ขท.ภูเก็ต,ภูเก็ต
4027,100,ท่าเรือ - เมืองใหม่,0+500,"7,474",625,37,39,14,"9,046",452,174,29,18,"17,908",4.054,54,6973,ขท.ภูเก็ต,ภูเก็ต
4028,100,ห้าแยกฉลอง - กะรน,0+500,"2,964","2,788",27,15,18,"2,503",38,16,0,0,"8,369",1.04,14,4125,ขท.ภูเก็ต,ภูเก็ต
4029,100,กะทู้ - ป่าตอง,0+000,"6,852","4,530",97,67,58,"4,171",171,40,13,6,"16,005",2.218,36,9357,ขท.ภูเก็ต,ภูเก็ต
4030,100,ถลาง - หาดราไวย์,1+000,"1,954","1,192",46,24,24,"2,329",38,35,8,8,"5,658",2.421,42,3633,ขท.ภูเก็ต,ภูเก็ต
4030,100,ถลาง - หาดราไวย์,13+950,"2,050","1,048",41,24,19,"2,309",83,20,3,2,"5,599",2.697,56,2813,ขท.ภูเก็ต,ภูเก็ต
4030,100,ถลาง - หาดราไวย์,24+140,"3,762","4,047",51,31,25,"3,506",62,39,8,5,"11,536",1.474,34,4244,ขท.ภูเก็ต,ภูเก็ต
4031,100,มุดดอกขาว - สนามบินภูเก็ต,1+200,"2,606",789,65,25,32,"2,396",145,66,32,13,"6,169",5.074,26,2505,ขท.ภูเก็ต,ภูเก็ต
4031,100,มุดดอกขาว - สนามบินภูเก็ต,10+722,"2,002","1,239",0,0,0,"1,231",9,8,0,0,"4,489",0.379,0,1334,ขท.ภูเก็ต,ภูเก็ต
4032,101,บางไทร - ตำตัว,1+000,668,345,12,6,9,"1,362",75,22,4,6,"2,509",4.862,12,1778,ขท.ภูเก็ต,พังงา
4033,100,ในช่อง - ในไร่,3+000,"2,135",103,202,14,12,167,127,44,149,54,"3,007",13.302,6,1093,ขท.กระบี่,กระบี่
4034,100,ปากน้ำกระบี่ - เขาทอง,11+400,"2,825",553,125,12,12,"1,823",108,13,28,20,"5,519",3.497,59,2474,ขท.กระบี่,กระบี่
4037,100,เหนือคลอง - สองแพรก,23+000,"3,539","3,553",43,40,17,"1,867",192,183,316,119,"9,869",8.785,25,1689,ขท.กระบี่,กระบี่
4037,200,สองแพรก - ควนสว่าง,46+800,"2,590","2,403",257,199,315,859,444,255,270,159,"7,751",21.184,0,3008,ขท.สุราษฎร์ธานีที่ 3 (เวียงสระ),สุราษฎร์ธานี
4038,100,คลองท่อม - ทุ่งใหญ่,5+000,"1,128",931,31,51,22,"1,175",216,186,228,130,"4,098",20.327,28,946,ขท.กระบี่,กระบี่
4038,100,คลองท่อม - ทุ่งใหญ่,48+000,839,752,19,71,13,"1,256",152,157,205,119,"3,583",20.011,11,903,ขท.กระบี่,นครศรีธรรมราช
4038,200,ทุ่งใหญ่ - วัดขนาน,55+683,"1,455",222,0,0,0,483,132,171,115,13,"2,591",16.635,29,1061,ขท.นครศรีธรรมราชที่ 2 (ทุ่งสง),นครศรีธรรมราช
4041,100,บางผึ้ง - โคกยาง,2+000,698,388,68,17,4,802,84,56,4,2,"2,123",7.866,25,1086,ขท.กระบี่,กระบี่
4045,100,บางรัก - ควนขัน,2+665,"5,517","3,192",40,50,48,"7,229",175,104,43,27,"16,425",2.721,3,6801,ขท.ตรัง,ตรัง
4046,101,ตรัง - สิเกา,9+479,"4,297","3,638",0,0,0,"5,893",479,347,310,269,"15,233",9.223,92,3907,ขท.ตรัง,ตรัง
4046,102,ถนนเลี่ยงเมืองสิเกา,32+879,"2,212","2,026",0,0,0,"2,584",294,225,213,189,"7,743",11.895,66,1564,ขท.ตรัง,ตรัง
4046,200,สิเกา - ควนกุน,41+865,"1,425",122,46,21,24,448,114,181,126,92,"2,599",21.47,6,766,ขท.กระบี่,ตรัง
4047,100,ลำปำ - พัทลุง,4+560,"3,122","2,918",91,109,23,"2,183",223,52,2,1,"8,724",4.7,61,2725,ขท.พัทลุง,พัทลุง
4048,100,สี่แยกช่องโก - ทุ่งข่า,2+100,"4,625","4,261",306,229,54,"3,737",109,64,33,28,"13,446",3.845,38,5028,ขท.พัทลุง,พัทลุง
4049,100,ห้วยทราย - ปากพะยูน,18+200,542,150,10,3,1,"1,768",409,213,50,14,"3,160",21.835,21,1606,ขท.พัทลุง,พัทลุง
4051,100,นาลาน - เจ๊ะบิลัง,1+000,"2,193","2,440",6,5,0,"2,598",185,106,41,5,"7,579",4.512,17,3058,ขท.สตูล,สตูล
4052,100,เขาขาว - ท่าเรือปากบารา,3+663,"3,429","3,733",66,65,18,"3,323",277,161,59,12,"11,143",5.313,45,3827,ขท.สตูล,สตูล
4053,100,ควนเนียง - ปากบาง,2+300,816,987,34,3,3,134,20,10,3,4,"2,014",2.135,47,1295,ขท.สตูล,สงขลา
4054,100,สะเดา - มาเลเซีย (เขตแดนไทย/มาเลเซีย),6+000,"2,049","1,045",104,76,4,"2,969",157,166,124,685,"7,379",16.425,11,2490,ขท.สงขลาที่ 2 (นาหม่อม),สงขลา
4055,101,นราธิวาส - มะนังตายอ,4+892,"1,819","1,899",19,6,3,"1,518",16,18,19,10,"5,327",1.352,49,1824,ขท.นราธิวาส,นราธิวาส
4055,102,มะนังตายอ - จือมอ,23+736,"1,776","1,483",20,0,0,"1,626",257,253,17,17,"5,449",9.983,12,4065,ขท.นราธิวาส,นราธิวาส
4055,102,มะนังตายอ - จือมอ,34+536,"1,355","1,215",14,0,0,"1,487",264,259,3,3,"4,600",11.5,10,3590,ขท.นราธิวาส,นราธิวาส
4055,103,จือมอ - สุคิริน,64+436,987,861,0,0,0,"1,413",0,0,0,0,"3,261",0,0,1183,ขท.นราธิวาส,นราธิวาส
4056,102,โคกสุมุ - บ้านโคก,6+633,"4,557","2,876",13,0,0,"2,136",244,243,13,17,"10,099",5.119,7,3931,ขท.นราธิวาส,นราธิวาส
4056,103,บ้านโคก - สุไหงโก - ลก,42+400,"2,552","2,563",0,0,0,"2,381",21,21,19,0,"7,557",0.807,13,4302,ขท.นราธิวาส,นราธิวาส
4056,103,บ้านโคก - สุไหงโก - ลก,52+880,"8,236","3,817",0,0,0,"4,311",19,15,18,0,"16,416",0.317,16,13062,ขท.นราธิวาส,นราธิวาส
4057,100,สุไหงโก - ลก - บูเก๊ะตา (เขตแดนไทย /มาเลเซีย),1+677,"1,851","1,830",0,0,0,"1,972",18,16,0,0,"5,687",0.598,20,4008,ขท.นราธิวาส,นราธิวาส
4057,100,สุไหงโก - ลก - บูเก๊ะตา (เขตแดนไทย /มาเลเซีย),16+377,"1,896","1,965",0,0,0,"2,062",16,0,0,0,"5,939",0.269,22,3777,ขท.นราธิวาส,นราธิวาส
4058,101,ยี่งอ - มะรือโบ,4+011,"1,611","1,634",27,0,0,948,121,163,45,0,"4,549",7.232,19,1370,ขท.นราธิวาส,นราธิวาส
4058,102,มะรือโบ - รือเสาะ,27+546,988,725,0,0,0,547,9,7,6,3,"2,285",1.094,26,1268,ขท.นราธิวาส,นราธิวาส
4060,100,สายบุรี - กะรุบี,2+000,880,883,18,7,0,282,281,156,17,21,"2,545",18.939,13,798,ขท.ปัตตานี,ปัตตานี
4060,200,กะรุบี - ตะโล๊ะหะลอ,25+400,822,"1,066",3,42,9,237,44,16,11,1,"2,251",5.464,0,1890,ขท.ยะลา,ยะลา
4060,300,ตะโล๊ะหะลอ - ศรีสาคร,34+050,"1,268",922,0,0,0,287,18,15,5,2,"2,517",1.589,20,1303,ขท.นราธิวาส,นราธิวาส
4061,101,ยะรัง - สะกำ,3+200,"1,058",949,8,8,5,136,27,23,19,3,"2,236",3.801,9,1464,ขท.ปัตตานี,ปัตตานี
4063,100,ปารามีแต - โกตาบารู,6+400,"4,209","4,177",62,60,5,"1,643","1,053",479,187,22,"11,897",15.18,8,4215,ขท.ยะลา,ยะลา
4065,100,บ้านเนียง - ยะหา,3+200,"7,395",589,32,22,2,255,208,144,111,114,"8,872",6.774,28,5062,ขท.ยะลา,ยะลา
4066,100,โกตาบารู - บือเล็งใต้,5+472,"3,983","2,015",38,0,0,"1,242",227,160,34,39,"7,738",5.945,6,2554,ขท.ยะลา,ยะลา
4066,100,โกตาบารู - บือเล็งใต้,11+486,"1,346","1,019",0,0,0,583,239,173,82,40,"3,482",15.336,0,1620,ขท.ยะลา,ยะลา
4067,100,โกตาบารู - แบหอ,0+400,"1,153","1,173",5,28,12,336,111,119,62,12,"3,011",11.425,10,2473,ขท.ยะลา,ยะลา
4068,100,ลำใหม่ - ลำพะยา,4+500,802,243,0,0,4,168,41,15,0,2,"1,275",4.863,77,1061,ขท.ยะลา,ยะลา
4070,100,ยะหา - บาละ,2+054,"2,432","2,892",37,17,3,339,204,185,91,81,"6,281",9.25,11,2698,ขท.ยะลา,ยะลา
4071,100,โกตาบารู - วังพญา,5+000,639,760,16,1,0,263,82,36,23,14,"1,834",8.506,39,1272,ขท.ยะลา,ยะลา
4071,200,วังพญา - พิเทน,21+000,945,837,24,17,10,109,12,15,5,0,"1,974",2.989,17,1154,ขท.ปัตตานี,ปัตตานี
4074,100,กะลาพอ - ปากู,2+000,767,811,19,0,0,214,113,93,5,8,"2,030",10.788,4,665,ขท.ปัตตานี,ปัตตานี
4075,100,ตอหลัง - บ้านนอก,5+800,381,87,11,0,0,90,13,5,0,0,587,3.066,12,618,ขท.ปัตตานี,ปัตตานี
4077,101,ยะหา - บาจุ,4+500,"2,604","2,325",0,0,0,79,76,83,38,34,"5,239",4.409,123,2683,ขท.ยะลา,ยะลา
4081,100,ท่านางพรหม - จงเก,2+582,"1,581",822,13,2,7,"1,582",146,60,19,16,"4,248",5.885,11,1298,ขท.พัทลุง,พัทลุง
4082,100,ยะลา - โต๊ะปะเก๊ะ,1+335,"5,470",708,71,3,5,631,244,81,26,5,"7,244",5.025,14,7261,ขท.ยะลา,ยะลา
4083,100,ทางเข้าระโนด,1+000,"2,117",800,51,136,10,"4,603",158,85,36,13,"8,009",5.469,32,3830,ขท.สงขลาที่ 1,สงขลา
4084,102,นราธิวาส - สะปอม,9+955,"2,054","1,351",34,12,3,"2,619",27,22,12,13,"6,147",1.448,62,3321,ขท.นราธิวาส,นราธิวาส
4085,100,ปากน้ำเทพา - ธารคีรี,8+105,"1,657",887,0,0,0,"2,391",144,86,48,26,"5,239",5.803,33,1772,ขท.สงขลาที่ 2 (นาหม่อม),สงขลา
4085,100,ปากน้ำเทพา - ธารคีรี,19+950,820,465,0,0,2,"2,202",146,130,90,38,"3,893",10.429,10,1362,ขท.สงขลาที่ 2 (นาหม่อม),สงขลา
4085,100,ปากน้ำเทพา - ธารคีรี,45+100,893,241,1,0,0,"1,470",115,55,21,16,"2,812",7.361,1,1510,ขท.สงขลาที่ 2 (นาหม่อม),สงขลา
4089,100,เตาปูน - ท่าสาป,0+209,"1,671",392,2,0,1,465,70,133,61,44,"2,839",10.884,35,1483,ขท.ยะลา,ยะลา
4090,100,นบปริง - นิคม,1+520,"1,207",706,211,50,36,"3,032",187,151,157,60,"5,797",11.057,6,890,ขท.พังงา,พังงา
4090,200,นิคม - หินดาน,30+600,793,283,8,4,10,"1,462",95,72,75,47,"2,849",10.635,1,809,ขท.ภูเก็ต,พังงา
4091,101,บางสีกิ้ม - เขาค่าย,2+500,372,52,1,0,1,521,33,28,5,7,"1,020",7.255,4,428,ขท.ระนอง,ระนอง
4091,101,บางสีกิ้ม - เขาค่าย,19+088,281,24,17,0,0,440,38,4,0,0,804,5.224,3,269,ขท.ระนอง,ระนอง
4091,101,บางสีกิ้ม - เขาค่าย,43+173,843,64,2,0,1,489,142,23,9,3,"1,576",11.294,5,482,ขท.ระนอง,ระนอง
4091,102,เขาค่าย - เขาปีบ,59+373,"3,022",91,7,1,3,"1,349",178,56,49,24,"4,780",6.506,1,1302,ขท.ระนอง,ชุมพร
4092,100,รามัน - จะรังตาดง,14+300,216,156,0,0,0,222,14,33,13,1,655,9.313,25,492,ขท.ยะลา,ยะลา
4092,200,จะรังตาดง - มายอ,30+000,802,876,16,13,6,21,18,15,12,2,"1,781",3.706,10,1260,ขท.ปัตตานี,ปัตตานี
4094,101,บ่อล้อ - เชียรใหญ่,2+000,"2,157","1,753",86,24,20,"1,026",157,97,55,18,"5,393",6.879,9,1711,ขท.นครศรีธรรมราชที่ 1,นครศรีธรรมราช
4094,102,เชียรใหญ่ - ปากพนัง,29+550,"1,981","1,572",61,28,12,218,99,78,29,18,"4,096",6.445,45,1715,ขท.นครศรีธรรมราชที่ 1,นครศรีธรรมราช
4095,100,สะบ้าย้อย - เขาแดง,1+050,"1,019",286,0,0,2,"2,098",82,61,27,9,"3,584",5.05,2,1931,ขท.สงขลาที่ 2 (นาหม่อม),สงขลา
4098,100,เขามัทรี - หาดทรายรี,2+600,783,259,19,12,13,"1,196",39,59,10,5,"2,395",5.762,80,1154,ขท.ชุมพร,ชุมพร
4099,100,เขาม่วง - วัดแหลมทราย,5+500,638,50,0,0,0,806,108,46,7,7,"1,662",10.108,59,610,ขท.ชุมพร,ชุมพร
4100,100,ทำเนียบ - คีรีรัฐนิคม,0+500,"1,155",728,7,0,0,863,82,59,27,17,"2,938",6.297,4,749,ขท.สุราษฎร์ธานีที่ 1 ,สุราษฎร์ธานี
4103,101,ปากพูน - เบญจม,9+000,"5,899","5,163",206,88,60,"3,898",525,310,132,112,"16,393",7.485,48,3346,ขท.นครศรีธรรมราชที่ 1,นครศรีธรรมราช
4103,102,เบญจม - จังหูน,23+500,"8,095","1,523",72,4,12,"6,351",678,222,159,125,"17,241",6.96,15,2605,ขท.นครศรีธรรมราชที่ 1,นครศรีธรรมราช
4103,102,เบญจม - จังหูน,30+799,"2,332",491,24,3,6,"1,916",386,136,137,91,"5,522",13.745,7,1012,ขท.นครศรีธรรมราชที่ 1,นครศรีธรรมราช
4107,100,มะรือโบ - ตันหยงมัส,5+500,"1,941","1,654",0,0,0,"1,307",301,273,0,0,"5,476",10.482,11,1708,ขท.นราธิวาส,นราธิวาส
4110,101,ทุ่งสง - ทุ่งใหญ่,42+870,989,366,29,7,11,255,126,122,51,22,"1,978",17.139,17,739,ขท.นครศรีธรรมราชที่ 2 (ทุ่งสง),นครศรีธรรมราช
4110,102,ทุ่งใหญ่ - บางรูป,53+733,"1,113","1,094",37,2,1,334,314,327,330,144,"3,696",30.249,29,553,ขท.นครศรีธรรมราชที่ 2 (ทุ่งสง),นครศรีธรรมราช
4110,200,บางรูป - พระแสง,84+733,"1,993","2,405",123,152,0,739,375,188,164,122,"6,261",15.988,0,1708,ขท.สุราษฎร์ธานีที่ 3 (เวียงสระ),สุราษฎร์ธานี
4112,100,สี่แยกละแม - สวนแตง,0+222,"1,391",824,76,21,10,"2,052",150,84,81,57,"4,746",8.491,37,1542,ขท.ชุมพร,ชุมพร
4112,201,สวนแตง - ไชยา,22+972,777,"1,060",0,10,0,455,83,21,10,1,"2,417",5.172,23,1023,ขท.สุราษฎร์ธานีที่ 1 ,สุราษฎร์ธานี
4112,201,สวนแตง - ไชยา,42+718,"1,005",392,7,8,0,"1,159",95,58,27,10,"2,761",7.171,6,1011,ขท.สุราษฎร์ธานีที่ 1 ,สุราษฎร์ธานี
4112,202,ไชยา - พุนพิน,89+572,"1,083","1,276",104,52,16,727,350,268,36,25,"3,937",18.974,92,884,ขท.สุราษฎร์ธานีที่ 1 ,สุราษฎร์ธานี
4113,100,ประกอบ - บ้านวัด,0+400,209,186,0,6,0,273,3,0,0,1,678,1.475,0,1198,ขท.สงขลาที่ 2 (นาหม่อม),สงขลา
4114,100,สมอทอง - ชายทะเล,3+000,"3,315",582,22,37,5,444,156,61,29,18,"4,669",6.554,18,1843,ขท.สุราษฎร์ธานีที่ 1 ,สุราษฎร์ธานี
4115,102,กรือซอ - แว้ง,12+580,"2,009","1,544",0,0,0,"1,927",0,0,0,0,"5,480",0,23,3129,ขท.นราธิวาส,นราธิวาส
4116,100,โคกบก - บ่อน้ำร้อน,2+950,"3,614",886,76,48,1,"1,747",353,98,162,60,"7,045",10.248,37,1827,ขท.นครศรีธรรมราชที่ 2 (ทุ่งสง),นครศรีธรรมราช
4118,100,บางเหรียง - พนม,3+000,"1,331",158,87,39,21,531,112,88,41,26,"2,434",13.435,109,989,ขท.พังงา,พังงา
4118,100,บางเหรียง - พนม,40+000,"1,078",47,9,15,17,"1,089",34,40,12,9,"2,350",5.404,4,648,ขท.พังงา,สุราษฎร์ธานี
4119,100,ปากคลอง - ปากน้ำชุมพร,0+565,"2,972",531,40,12,15,"4,406",425,172,22,11,"8,606",7.634,32,3206,ขท.ชุมพร,ชุมพร
4121,100,แม่ขรี - โหล๊ะจังกระ,1+550,"1,079",891,5,2,0,"2,568",189,88,50,15,"4,887",7.039,2,3272,ขท.พัทลุง,พัทลุง
4122,101,ป่าบอนเหนือ - โหล๊ะจังกระ,1+500,548,125,26,0,1,"1,325",48,32,12,9,"2,126",4.798,3,1574,ขท.พัทลุง,พัทลุง
4122,102,โหล๊ะจังกระ - บ้านนา,63+450,"1,091",434,42,3,2,"1,494",124,39,15,2,"3,246",5.699,6,1264,ขท.พัทลุง,พัทลุง
4123,100,บ้านโพธิ์ - ห้วยยอด,0+950,"2,830",520,16,13,1,"1,659",81,24,1,2,"5,147",2.37,9,3805,ขท.ตรัง,ตรัง
4124,100,นาโยงเหนือ - ย่านตาขาว,8+650,"1,085",279,4,1,0,"2,784",150,69,37,13,"4,422",6.106,30,3125,ขท.ตรัง,ตรัง
4125,100,ท่าพญา - ทุ่งยาว,5+000,"2,224",39,4,4,4,85,70,81,45,33,"2,589",9.154,286,1903,ขท.สตูล,ตรัง
4133,101,ท่าโรงช้าง - ควนสามัคคี,16+700,"1,607",123,19,3,1,"2,248",146,110,43,19,"4,319",7.455,1,2124,ขท.สุราษฎร์ธานีที่ 3 (เวียงสระ),สุราษฎร์ธานี
4133,102,ควนสามัคคี - พระแสง,45+000,"2,816","1,092",183,135,0,950,386,175,169,137,"6,043",16.581,0,2228,ขท.สุราษฎร์ธานีที่ 3 (เวียงสระ),สุราษฎร์ธานี
4134,100,หลังสวน - ละแม,7+500,"1,300",349,5,1,0,"1,846",246,44,71,25,"3,887",9.956,27,697,ขท.ชุมพร,ชุมพร
4135,100,ทางเข้าสนามบินหาดใหญ่,1+900,"9,470","7,193",66,138,30,"7,985",335,295,203,135,"25,850",4.395,16,6369,ขท.สงขลาที่ 1,สงขลา
4135,100,ทางเข้าสนามบินหาดใหญ่,5+300,"9,250","5,650",198,174,39,"9,815",510,441,201,163,"26,441",5.779,27,4008,ขท.สงขลาที่ 1,สงขลา
4136,101,นราธิวาส - ปาเซปูเต๊ะ,2+000,"1,881","1,532",21,8,4,"1,431",17,17,7,8,"4,926",1.238,60,2346,ขท.นราธิวาส,นราธิวาส
4137,100,ทุ่งตำเสา - สวนเทศ,1+000,"1,541",875,208,113,98,"1,489",623,268,192,141,"5,548",25.865,51,1383,ขท.สตูล,สตูล
4138,100,โคกสัก - หาดไข่เต่า,3+700,749,332,2,6,3,"1,417",63,38,27,6,"2,643",5.411,2,869,ขท.พัทลุง,พัทลุง
4140,100,ท่าศาลา - นบพิตำ,1+100,"1,720",968,17,4,0,"2,266",308,306,185,125,"5,899",15.731,8,1812,ขท.นครศรีธรรมราชที่ 1,นครศรีธรรมราช
4141,100,หน้าทับ - ทอนหงส์,6+700,983,747,24,2,0,"1,303",377,227,14,1,"3,678",16.884,14,1974,ขท.นครศรีธรรมราชที่ 1,นครศรีธรรมราช
4142,100,บ้านใน - บ้านโฉ,19+500,"2,937","2,381",83,64,56,"2,864",358,186,118,73,"9,120",9.375,25,2372,ขท.สุราษฎร์ธานีที่ 2 (กาญจนดิษฐ์),สุราษฎร์ธานี
4142,100,บ้านใน - บ้านโฉ,30+300,"2,117","1,440",81,60,43,"2,140",126,80,59,30,"6,176",6.444,8,1597,ขท.สุราษฎร์ธานีที่ 2 (กาญจนดิษฐ์),สุราษฎร์ธานี
4143,100,ซอยสิบ - บ้านกรูด,1+000,702,712,171,73,55,"1,167",368,524,319,183,"4,274",35.611,41,657,ขท.สุราษฎร์ธานีที่ 2 (กาญจนดิษฐ์),สุราษฎร์ธานี
4144,100,ภูงา - อ่าวพังงา,0+050,712,45,38,5,11,908,36,5,11,3,"1,774",4.002,0,819,ขท.พังงา,พังงา
4145,100,คลองแงะ - บาโรย,1+800,"1,311",401,12,59,3,"2,661",200,124,92,216,"5,079",13.664,13,2019,ขท.สงขลาที่ 2 (นาหม่อม),สงขลา
4147,100,ลำแก่น - ทับละมุ,1+250,"1,641","1,571",87,13,13,587,89,78,2,2,"4,083",4.825,8,1794,ขท.ภูเก็ต,พังงา
4150,100,หัวไทร - ปากเหมือง,2+000,896,647,43,18,6,575,248,155,66,39,"2,693",19.755,27,867,ขท.นครศรีธรรมราชที่ 1,นครศรีธรรมราช
4151,100,บ่อล้อ - กุมแป,2+600,"3,064",36,33,15,3,291,486,215,197,184,"4,524",24.315,10,610,ขท.นครศรีธรรมราชที่ 1,นครศรีธรรมราช
4151,201,กุมแป - ควนหนองหงส์,14+800,"1,410","1,088",24,3,2,"1,698",508,572,412,359,"6,076",30.546,25,1117,ขท.นครศรีธรรมราชที่ 2 (ทุ่งสง),นครศรีธรรมราช
4151,202,ควนหนองหงส์ - น้ำตก,28+300,"1,078",843,10,0,0,"1,257",439,469,289,177,"4,562",30.118,22,967,ขท.นครศรีธรรมราชที่ 2 (ทุ่งสง),นครศรีธรรมราช
4151,203,กะปาง - บางขัน,72+543,"1,073",259,1,21,1,"1,323",172,139,317,80,"3,386",21.559,12,642,ขท.นครศรีธรรมราชที่ 2 (ทุ่งสง),นครศรีธรรมราช
4151,300,น้ำตก - กะปาง,60+693,"2,329",354,45,24,42,"2,642",426,160,0,0,"6,022",10.827,73,2150,ขท.ตรัง,ตรัง
4151,400,บางขัน - ลำทับ,100+693,"1,138",908,47,26,2,"1,633",396,272,303,121,"4,846",23.112,10,1068,ขท.กระบี่,กระบี่
4152,100,บางชุมโถ - วัดประดู่,0+100,"1,056",418,153,16,9,"1,033",152,67,24,8,"2,936",9.401,27,1139,ขท.สุราษฎร์ธานีที่ 1 ,สุราษฎร์ธานี
4153,100,หนองขรี - เทศบาลเมืองท่าข้าม,4+000,"5,132","4,884",130,166,190,"11,149",818,725,307,174,"23,675",10.053,35,2419,ขท.สุราษฎร์ธานีที่ 1 ,สุราษฎร์ธานี
4154,100,ทางเข้าคันธุลี,3+500,464,378,3,1,6,422,94,25,31,5,"1,429",11.337,2,689,ขท.สุราษฎร์ธานีที่ 1 ,สุราษฎร์ธานี
4155,100,บาเจาะ - บ้านทอน,0+800,"1,020",878,5,1,0,804,5,6,3,3,"2,725",0.661,32,1635,ขท.นราธิวาส,นราธิวาส
4156,100,เขาพนม - ทุ่งใหญ่,5+000,"1,208",468,61,23,35,"2,774",213,184,367,169,"5,502",18.012,13,1255,ขท.กระบี่,กระบี่
4156,100,เขาพนม - ทุ่งใหญ่,36+200,949,310,56,6,5,"2,715",162,99,169,81,"4,552",11.467,0,1845,ขท.กระบี่,นครศรีธรรมราช
4157,101,ละหาร- บางเก่า,1+200,"1,005","1,040",43,19,0,195,256,137,47,56,"2,798",18.406,14,977,ขท.ปัตตานี,ปัตตานี
4157,101,ละหาร - บางเก่า,7+535,554,580,11,0,0,97,62,0,0,0,"1,304",4.755,12,458,ขท.ปัตตานี,ปัตตานี
4158,100,คลองเต็ง - เขาวิเศษ,4+100,"2,473",460,2,0,0,"5,813",332,290,216,207,"9,793",10.671,94,3370,ขท.ตรัง,ตรัง
4159,100,นาวง - ต้นชด,2+800,"2,197",126,3,2,3,"3,102",272,210,138,47,"6,100",11.016,11,2022,ขท.ตรัง,ตรัง
4161,100,สิชล - จอมทอง,4+500,610,582,0,1,1,399,31,13,2,0,"1,639",2.929,4,780,ขท.นครศรีธรรมราชที่ 1,นครศรีธรรมราช
4162,100,ต้นมะม่วง - ปากเมง,2+800,"2,352",470,0,0,0,"3,624",242,168,185,132,"7,173",10.135,99,2729,ขท.ตรัง,ตรัง
4163,101,ควนดินสอ - เขาปู่,26+700,158,47,4,0,1,473,46,11,2,0,742,8.086,2,666,ขท.พัทลุง,พัทลุง
4163,102,เขาปู่ - ป่าพะยอม,32+700,82,6,2,0,1,176,30,10,4,0,311,14.469,1,212,ขท.พัทลุง,พัทลุง
4163,102,เขาปู่ - ป่าพะยอม,50+000,510,315,6,9,3,"1,757",56,20,2,0,"2,678",3.361,4,1566,ขท.พัทลุง,พัทลุง
4164,100,สี่แยกโพธิ์ทอง - เขาปู่,3+170,"1,338",454,22,0,0,"1,423",156,120,40,14,"3,567",9.251,14,1420,ขท.พัทลุง,พัทลุง
4165,100,ชะอวด - บ้านตูล,7+500,"1,225",879,25,7,11,"1,528",470,437,268,136,"4,986",26.655,36,1146,ขท.นครศรีธรรมราชที่ 2 (ทุ่งสง),นครศรีธรรมราช
4167,100,ป่าไหม้ - ไทรทอง,7+000,548,475,12,0,3,131,119,28,0,0,"1,316",11.398,8,454,ขท.ปัตตานี,ปัตตานี
4168,100,ต้นไทร - ปะลุกาสาเมาะ,2+500,"1,503","1,219",0,0,0,906,626,189,101,0,"4,544",20.158,23,1650,ขท.นราธิวาส,นราธิวาส
4169,100,ทางรอบเกาะสมุย,3+500,"7,505","4,934",121,26,1,"5,845",316,158,36,12,"18,954",2.896,59,5824,ขท.สุราษฎร์ธานีที่ 2 (กาญจนดิษฐ์),สุราษฎร์ธานี
4170,100,สระเกศ - หัวถนน,6+000,"1,495",992,50,10,5,762,91,29,10,0,"3,444",4.21,18,1595,ขท.สุราษฎร์ธานีที่ 2 (กาญจนดิษฐ์),สุราษฎร์ธานี
4174,100,ลิปะน้อย - แหลมโจรคร่ำ,1+500,"1,713",801,76,71,3,616,245,79,47,5,"3,656",12.309,35,1198,ขท.สุราษฎร์ธานีที่ 2 (กาญจนดิษฐ์),สุราษฎร์ธานี
4176,100,ปะแต - บาละ,0+500,825,238,0,0,0,105,37,3,0,0,"1,208",3.311,6,1801,ขท.ยะลา,ยะลา
4177,100,เขาหมอน - บ้านพ่วง,4+000,"1,311",525,8,0,0,"1,614",154,129,88,0,"3,829",9.689,4,1002,ขท.สุราษฎร์ธานีที่ 2 (กาญจนดิษฐ์),สุราษฎร์ธานี
4178,100,น้ำเกลี้ยง - หนองดุก,10+000,"1,021",557,0,0,0,"1,787",156,116,55,58,"3,750",10.267,1,1146,ขท.สุราษฎร์ธานีที่ 2 (กาญจนดิษฐ์),สุราษฎร์ธานี
4181,100,โคกทราย - ปากพะยูน,23+500,947,766,121,102,15,"1,370",305,98,34,2,"3,760",14.787,28,952,ขท.พัทลุง,พัทลุง
4184,100,ควนสตอ - ด่านชายแดนวังประจัน(เขตแดนไทย/มาเลเซีย),3+500,473,305,7,0,15,532,99,14,4,0,"1,449",9.11,28,977,ขท.สตูล,สตูล
4185,100,คชาธาร - วัดมูลเหล็ก,1+000,"2,026",651,20,8,1,447,176,229,76,26,"3,660",14.098,21,1245,ขท.สุราษฎร์ธานีที่ 1 ,สุราษฎร์ธานี
4186,100,โรงเหล็ก - ห้วยพาน,0+500,942,703,35,6,1,"1,740",300,416,110,19,"4,272",19.944,13,1535,ขท.นครศรีธรรมราชที่ 1,นครศรีธรรมราช
4187,101,สี่แยกโพธิ์ทอง - ควนขนุน,1+443,"2,005","1,588",22,20,0,"2,482",131,63,7,11,"6,329",3.666,39,3198,ขท.พัทลุง,พัทลุง
4188,100,ห้วยพาน - น้ำตกกรุงชิง,1+000,415,297,28,3,10,559,134,32,0,1,"1,479",12.17,3,798,ขท.นครศรีธรรมราชที่ 1,นครศรีธรรมราช
4189,100,ท่าพุด - ยอดเหลือง,0+500,594,34,16,11,4,200,121,47,71,12,"1,110",23.964,11,625,ขท.นครศรีธรรมราชที่ 1,นครศรีธรรมราช
4191,100,ไชยา - เขาหลัก,6+182,"1,802","1,688",2,5,15,902,137,75,46,30,"4,702",6.55,15,941,ขท.สุราษฎร์ธานีที่ 1 ,สุราษฎร์ธานี
4191,100,ไชยา - เขาหลัก,22+149,"1,361","1,363",12,17,0,"1,404",118,122,35,12,"4,444",6.841,15,1033,ขท.สุราษฎร์ธานีที่ 1 ,สุราษฎร์ธานี
4192,100,เกาะมุกข์ - โมถ่าย,6+500,"1,315","1,275",11,0,0,"1,255",296,171,43,14,"4,380",11.963,1,905,ขท.สุราษฎร์ธานีที่ 1 ,สุราษฎร์ธานี
4193,100,สุไหงปาดี - บือเลาะ,4+000,"1,637","1,870",0,0,0,"1,896",0,0,0,0,"5,403",0,21,3168,ขท.นราธิวาส,นราธิวาส
4194,100,ควนสงสาร - กระทูน,1+700,988,"1,694",24,2,4,190,159,37,16,3,"3,117",7.09,12,1366,ขท.นครศรีธรรมราชที่ 2 (ทุ่งสง),นครศรีธรรมราช
4194,100,ควนสงสาร - กระทูน,25+607,994,728,13,0,2,885,262,130,51,18,"3,083",15.018,63,1288,ขท.นครศรีธรรมราชที่ 2 (ทุ่งสง),นครศรีธรรมราช
4195,100,ควนลำภู - จันดี,0+500,"1,666",669,34,8,3,937,214,138,101,80,"3,850",14.13,4,981,ขท.นครศรีธรรมราชที่ 2 (ทุ่งสง),นครศรีธรรมราช
4195,100,ควนลำภู - จันดี,13+698,"1,628",896,22,35,5,502,153,55,15,20,"3,331",8.496,30,919,ขท.นครศรีธรรมราชที่ 2 (ทุ่งสง),นครศรีธรรมราช
4197,100,เขาต่อ - ปลายพระยา,11+000,"2,080","1,874",146,113,106,"2,158",450,720,396,230,"8,273",24.356,41,1631,ขท.พังงา,กระบี่
4198,100,เขาสวนทุเรียน - อ่าวมะม่วง,0+500,363,264,0,0,0,"1,872",23,17,10,0,"2,549",1.962,24,1378,ขท.ชุมพร,ชุมพร
4199,100,บ่อพระ - ควนสามัคคี,3+000,"2,467","2,206",469,139,61,451,405,123,103,87,"6,511",14.099,0,2068,ขท.สุราษฎร์ธานีที่ 3 (เวียงสระ),สุราษฎร์ธานี
4201,100,ช่องพลี - อ่าวพระนาง,2+000,"2,735","1,098",247,23,7,"1,677",70,6,0,1,"5,864",1.825,11,4500,ขท.กระบี่,กระบี่
4202,100,ช่องพลี - หาดนพรัตน์ธารา,4+000,"2,652",877,"1,032",40,23,"2,082",150,30,26,3,"6,915",3.933,6,3958,ขท.กระบี่,กระบี่
4203,100,อ่าวน้ำเมา - หาดนพรัตน์ธารา,4+000,"3,532",610,759,61,29,"1,523",160,8,0,0,"6,682",3.861,28,4153,ขท.กระบี่,กระบี่
4204,100,ไสไทย - สุสานหอย 75 ล้านปี,3+000,"1,955",384,230,6,17,"1,070",93,19,1,0,"3,775",3.603,10,1930,ขท.กระบี่,กระบี่
4206,100,ห้วยน้ำขาว - เกาะกลาง,3+000,"1,350","1,154",276,21,0,"2,764",231,143,93,15,"6,047",8.318,4,1149,ขท.กระบี่,กระบี่
4207,100,สุคิริน - โต๊ะโม๊ะ,1+900,"1,264",967,0,0,0,"1,438",0,0,0,0,"3,669",0,0,1442,ขท.นราธิวาส,นราธิวาส
4208,100,ทางเข้าสถานีรถไฟบางกล่ำ,3+000,"1,112",584,14,8,5,151,77,73,57,47,"2,128",12.547,53,811,ขท.สงขลาที่ 1,สงขลา
4211,100,แก้วแสน - นาบอน,0+500,974,188,18,0,0,404,108,30,40,16,"1,778",10.911,6,784,ขท.นครศรีธรรมราชที่ 2 (ทุ่งสง),นครศรีธรรมราช
4213,100,บางอิฐ - บางเทพ,0+050,"3,801","2,416",68,65,66,"1,327",903,"2,572","1,586",799,"13,603",44.042,28,828,ขท.สุราษฎร์ธานีที่ 1 ,สุราษฎร์ธานี
4214,100,เขาขาว - บางขัน,0+500,640,339,0,3,1,392,79,33,22,4,"1,513",9.385,0,907,ขท.นครศรีธรรมราชที่ 2 (ทุ่งสง),นครศรีธรรมราช
4217,100,ดุซงญอ - ไอร์ตากอ,1+000,"1,765","1,741",0,0,0,"1,553",276,270,4,0,"5,609",9.806,9,1676,ขท.นราธิวาส,นราธิวาส
4219,100,ปลายหลิก - ทับใหม่,8+000,"2,788",17,34,0,3,498,130,47,27,1,"3,545",5.867,1,1209,ขท.สุราษฎร์ธานีที่ 3 (เวียงสระ),สุราษฎร์ธานี
4223,100,ห้วยพุน - พุมเรียง,5+700,790,230,15,5,0,437,99,33,10,0,"1,619",9.08,19,761,ขท.สุราษฎร์ธานีที่ 1 ,สุราษฎร์ธานี
4225,100,สวนปาล์ม -คลองชี,1+300,595,33,0,0,1,450,64,37,34,15,"1,229",12.286,0,677,ขท.กระบี่,กระบี่
4225,100,สวนปาล์ม -คลองชี,17+700,225,21,0,0,0,657,42,27,8,0,980,7.857,1,713,ขท.กระบี่,นครศรีธรรมราช
4225,100,สวนปาล์ม -คลองชี,31+500,144,32,1,0,1,715,34,44,1,0,972,8.23,4,776,ขท.กระบี่,ตรัง
4227,100,สำนักขัน - เหนือคลอง,1+700,429,673,3,0,0,411,75,17,6,1,"1,615",6.13,14,1188,ขท.นครศรีธรรมราชที่ 2 (ทุ่งสง),นครศรีธรรมราช
4228,100,ถ้ำพรรณรา - ทานพอ,3+000,"2,150",328,14,0,3,319,92,24,72,3,"3,005",6.456,4,1455,ขท.นครศรีธรรมราชที่ 2 (ทุ่งสง),นครศรีธรรมราช
4229,100,ช่องช้าง - นาสาร,17+000,"2,815","2,768",0,0,0,"2,791",68,57,0,0,"8,499",1.471,0,2246,ขท.สุราษฎร์ธานีที่ 3 (เวียงสระ),สุราษฎร์ธานี
4230,100,ควนไม้แดง - มะนาวหวาน,10+307,"2,097",263,81,31,23,193,186,116,82,61,"3,133",15.927,85,1519,ขท.นครศรีธรรมราชที่ 2 (ทุ่งสง),นครศรีธรรมราช
4232,100,ขนอม - ในเพลา,2+000,772,622,12,11,0,475,59,44,0,4,"1,999",5.903,41,744,ขท.นครศรีธรรมราชที่ 1,นครศรีธรรมราช
4234,100,บนเนิน - ท่าเทียบเรือประมงปากพนัง,0+500,"1,919","1,542",1,0,1,401,118,62,17,0,"4,061",4.876,13,1640,ขท.นครศรีธรรมราชที่ 1,นครศรีธรรมราช
4235,100,บ้านนา - ปากปรน - บกหัก,1+300,"2,037","2,013",149,26,4,"3,493",190,83,11,1,"8,007",3.934,33,2766,ขท.ตรัง,ตรัง
4235,100,บ้านนา - ปากปรน - บกหัก,30+288,327,181,22,10,1,867,96,62,25,18,"1,609",13.176,53,1180,ขท.ตรัง,ตรัง
4236,100,ถนนแพรก - ลำนาว,1+400,437,295,5,0,0,983,186,96,25,4,"2,031",15.313,2,897,ขท.กระบี่,ตรัง
4236,100,ถนนแพรก - ลำนาว,37+380,100,42,1,2,0,726,46,40,7,0,964,9.855,1,709,ขท.กระบี่,นครศรีธรรมราช
4237,100,แม่ขรี - ตะโหมด,2+400,"1,153",947,9,5,1,607,124,79,61,9,"2,995",9.316,4,1296,ขท.พัทลุง,พัทลุง
4238,100,ไม้หลา - ลานสกา,1+737,"2,455","2,272",107,14,6,"1,749","1,013",407,51,8,"8,082",18.547,16,1980,ขท.นครศรีธรรมราชที่ 1,นครศรีธรรมราช
4240,100,ทุ่งมะพร้าว - สามแยกนิคม,1+200,"1,539","1,640",36,7,4,"1,811",130,87,58,50,"5,362",6.266,6,1781,ขท.ภูเก็ต,พังงา
4241,100,สุคิริน - ไอร์ตากอ,1+275,"1,426","1,085",0,0,0,"1,665",0,0,0,0,"4,176",0,0,1555,ขท.นราธิวาส,นราธิวาส
4243,100,สะเดา - สะท้อน,3+536,748,539,30,21,0,962,4,2,1,0,"2,307",1.214,0,1009,ขท.สงขลาที่ 2 (นาหม่อม),สงขลา
4243,100,สะเดา - สะท้อน,32+360,165,184,3,1,0,389,23,7,0,0,772,4.016,3,524,ขท.สงขลาที่ 2 (นาหม่อม),สงขลา
4244,100,เบตง - ซาโห่,1+000,186,157,0,0,0,85,66,0,0,0,494,13.36,0,429,ขท.ยะลา,ยะลา
4246,100,เขาวง - หน้าเขา,3+000,647,99,2,1,1,896,69,38,19,5,"1,777",7.485,1,630,ขท.สุราษฎร์ธานีที่ 3 (เวียงสระ),สุราษฎร์ธานี
4247,100,หนองไทร - ยวนสาว,13+000,"1,622","1,342",24,4,0,909,255,284,51,11,"4,502",13.438,0,918,ขท.สุราษฎร์ธานีที่ 1 ,สุราษฎร์ธานี
4248,100,ท่าเรือใต้ - เขาหัวควาย,4+000,889,423,46,50,19,"1,446",126,99,64,62,"3,224",13.027,56,1124,ขท.สุราษฎร์ธานีที่ 2 (กาญจนดิษฐ์),สุราษฎร์ธานี
4251,100,ห้วยไผ่ - น้ำดำ,1+700,"1,429","1,387",24,3,2,924,82,43,9,3,"3,906",3.635,3,865,ขท.สุราษฎร์ธานีที่ 1 ,สุราษฎร์ธานี
4252,100,ทุ่งใหญ่ - ควนปริง,1+000,607,455,70,31,7,266,175,129,47,19,"1,806",22.591,30,598,ขท.กระบี่,นครศรีธรรมราช
4253,100,บ่อน้ำร้อน - บ่อกรัง,4+000,186,143,3,0,0,564,94,34,42,1,"1,067",16.026,8,336,ขท.สุราษฎร์ธานีที่ 2 (กาญจนดิษฐ์),สุราษฎร์ธานี
4254,100,หนองไทร - ยางงาม,3+000,766,813,0,0,0,797,115,64,18,11,"2,584",8.05,1,714,ขท.สุราษฎร์ธานีที่ 1 ,สุราษฎร์ธานี
4256,100,ต้นปาบ - วิภาวดี,4+000,"2,434",720,2,4,1,752,299,293,125,83,"4,713",17.08,5,723,ขท.สุราษฎร์ธานีที่ 1 ,สุราษฎร์ธานี
4258,100,ห้วยนาง - บ้านซา,2+200,953,144,10,1,3,"1,290",91,18,22,3,"2,535",5.444,4,1821,ขท.ตรัง,ตรัง
4258,200,บ้านซา - ควนชัน,11+000,39,34,0,0,0,483,9,4,0,0,569,2.285,0,753,ขท.กระบี่,ตรัง
4259,101,ทุ่งตาเพชร - ห้วยสลิง,22+000,682,710,0,1,0,399,63,56,19,11,"1,941",7.728,2,644,ขท.สุราษฎร์ธานีที่ 1 ,สุราษฎร์ธานี
4259,102,ห้วยสลิง - น้ำดำ,45+000,873,911,13,7,0,873,58,39,16,3,"2,793",4.404,4,855,ขท.สุราษฎร์ธานีที่ 1 ,สุราษฎร์ธานี
4260,100,ทุ่งโพธิ์ - บางใหญ่,3+500,"1,029",483,18,8,1,"1,239",90,80,35,20,"3,003",7.792,14,833,ขท.สุราษฎร์ธานีที่ 1 ,สุราษฎร์ธานี
4261,100,ป่าเตียว - ทุ่งค่าย,6+100,735,439,10,1,0,"2,067",160,178,65,24,"3,679",11.634,32,1724,ขท.ตรัง,ตรัง
4262,100,บางน้ำจืด - ตะกุกเหนือ,8+500,"2,800","1,260",3,2,0,634,361,243,135,94,"5,532",15.094,13,993,ขท.สุราษฎร์ธานีที่ 1 ,สุราษฎร์ธานี
4263,100,หาดผก - บางอ้อ,5+550,83,48,3,0,0,332,4,3,1,2,476,2.101,10,316,ขท.สุราษฎร์ธานีที่ 2 (กาญจนดิษฐ์),สุราษฎร์ธานี
4264,100,บ้านช่อง - หาดเลา,9+200,610,169,11,0,0,"1,757",67,56,23,0,"2,693",5.421,23,1556,ขท.ตรัง,ตรัง
4265,100,หนองนิล - คลองสงค์,5+195,"1,119","1,041",11,0,0,750,151,85,40,16,"3,213",9.088,20,1034,ขท.สุราษฎร์ธานีที่ 1 ,สุราษฎร์ธานี
4267,100,ห้วยนาง - หนองบัว,3+950,"1,170",363,4,0,0,"2,400",432,150,6,2,"4,527",13.033,0,2031,ขท.ตรัง,ตรัง
4268,100,ควนตอ - บ้านควน,6+614,"1,162",590,12,12,8,"1,816",102,45,40,38,"3,825",6.405,59,2103,ขท.ตรัง,ตรัง
4269,101,ห้วยยอด - คลองมวน,3+400,"1,308",192,8,2,0,"1,618",73,93,18,14,"3,326",6.013,25,1982,ขท.ตรัง,ตรัง
4269,102,คลองมวน - คลองโกง,14+530,"4,105",490,0,0,26,"3,970",406,8,12,1,"9,018",5.023,83,3775,ขท.ตรัง,ตรัง
4270,101,ห้วยยอด - ท่างิ้ว,5+000,695,292,0,0,0,"1,113",6,13,1,0,"2,120",0.943,2,927,ขท.ตรัง,ตรัง
4270,102,ท่างิ้ว - ทุ่งชุมพล,30+900,"1,792",177,2,1,6,"1,651",209,0,1,0,"3,839",5.653,32,1720,ขท.ตรัง,นครศรีธรรมราช
4270,300,ลานข่อย -ไม้เสียบ,49+900,"1,538",994,0,0,0,"1,483",360,333,223,117,"5,048",20.464,18,1237,ขท.นครศรีธรรมราชที่ 2 (ทุ่งสง),นครศรีธรรมราช
4272,100,ยือนัง - คลองชิง,13+750,598,"2,315",0,0,0,130,120,72,16,0,"3,251",6.398,69,1976,ขท.ยะลา,ยะลา
4273,100,ตะบิงติงงี - สันกาหลง,1+600,395,508,5,0,2,948,118,76,0,0,"2,052",9.552,104,906,ขท.ยะลา,ยะลา
4273,200,สันกาหลง - ศรีสาคร,32+625,747,657,0,0,0,358,10,9,6,4,"1,791",1.619,14,926,ขท.นราธิวาส,นราธิวาส
4276,100,ท่าประดู่ - สวนหมาก,2+000,0,0,0,0,0,263,0,0,0,0,263,0,0,736,ขท.กระบี่,ตรัง
4277,100,ท่านุ่น -ในหยง,1+800,364,152,46,2,0,"1,046",26,24,54,34,"1,748",8.009,2,1145,ขท.ภูเก็ต,พังงา
4278,100,ทอนแจ้ - อ่าวตง,2+000,53,32,0,0,0,285,0,0,0,0,370,0,2,481,ขท.กระบี่,ตรัง
4282,100,ทางเข้าทุ่งมะพร้าว,3+800,544,600,20,1,0,"1,085",63,36,45,5,"2,399",6.253,1,1185,ขท.ภูเก็ต,พังงา
4283,100,ทางเข้ากะไหล,1+501,705,46,7,1,1,99,12,13,4,1,889,3.6,11,533,ขท.พังงา,พังงา
4287,101,ท่าชะมวง - ควนลัง,23+924,"4,950","1,129",226,30,8,717,322,367,190,233,"8,172",14.072,153,1902,ขท.สงขลาที่ 1,สงขลา
4289,100,สามแยกทางรถไฟ - วังสมบูรณ์,0+200,150,27,2,0,1,405,37,4,4,1,631,7.448,8,977,ขท.ตรัง,ตรัง
4291,100,ทางเข้าสหกรณ์สุราษฎร์ธานี,0+300,"1,254","1,127",11,0,15,897,89,74,40,42,"3,549",7.326,0,865,ขท.สุราษฎร์ธานีที่ 1 ,สุราษฎร์ธานี
4300,100,ทางเข้ายี่งอ,1+755,"1,543","1,614",0,0,0,"1,267",329,310,52,51,"5,166",14.363,18,1739,ขท.นราธิวาส,นราธิวาส
4302,100,หาดทรายแก้ว - ท่านุ่น,2+000,"2,714",735,62,37,44,"3,305",265,226,204,183,"7,775",12.334,18,755,ขท.ภูเก็ต,ภูเก็ต
4303,100,ต้นแซะ - ทุ่งโพธิ์,2+200,"3,340","1,190",68,235,120,"3,169","1,014",703,645,344,"10,828",28.269,5,987,ขท.ภูเก็ต,พังงา
4304,100,ท่านุ่น - สามแยกสะพานสารสิน,0+300,162,32,6,0,0,422,12,0,0,2,636,2.201,18,707,ขท.ภูเก็ต,พังงา
4305,100,ทุ่งสง - จำปา,9+000,"2,073","2,171",132,141,37,597,125,48,28,27,"5,379",7.548,7,1322,ขท.นครศรีธรรมราชที่ 2 (ทุ่งสง),นครศรีธรรมราช
4309,100,สามแยกทุ่งหวัง - สงขลา,6+679,"3,993","1,682",202,42,65,"1,533",426,122,64,13,"8,142",8.99,90,2922,ขท.สงขลาที่ 1,สงขลา
4311,100,พังงา - ทับปุด,13+900,"4,171","1,956",567,60,90,"4,289",562,594,339,350,"12,978",15.372,27,1592,ขท.พังงา,พังงา
4315,100,บางรัก - ควนปริง,0+335,"1,725","1,508",35,14,11,"2,260",194,159,91,59,"6,056",8.719,32,2538,ขท.ตรัง,ตรัง
4319,100,ร่อนพิบูลย์ - ควนเกย,1+500,"1,746","1,223",41,17,0,"2,094",344,106,46,47,"5,664",9.887,2,3194,ขท.นครศรีธรรมราชที่ 2 (ทุ่งสง),นครศรีธรรมราช
4319,100,ร่อนพิบูลย์ - ควนเกย,5+859,815,389,6,5,6,724,310,82,39,35,"2,411",19.784,21,1046,ขท.นครศรีธรรมราชที่ 2 (ทุ่งสง),นครศรีธรรมราช
4326,100,เบตง - บ้าน กม.17,1+000,"2,090","1,587",54,0,8,"1,763","1,486","1,094",117,75,"8,274",33.599,21,6477,ขท.ยะลา,ยะลา
4326,100,เบตง - บ้าน กม.17,17+475,313,202,0,0,0,148,73,65,0,0,801,17.228,0,880,ขท.ยะลา,ยะลา
4327,100,สามแยกตากใบ - ตาบา,5+460,"1,793","1,501",66,29,0,"1,745",182,51,31,20,"5,418",5.777,214,4067,ขท.นราธิวาส,นราธิวาส
4329,100,ทางเข้าสหกรณ์ทุ่งสง,1+398,249,163,0,0,6,354,16,12,0,3,803,4.608,20,434,ขท.นครศรีธรรมราชที่ 2 (ทุ่งสง),นครศรีธรรมราช
4330,100,ดอนใหญ่ - ทุ่งอ่าว,0+100,789,635,4,0,2,451,91,31,4,2,"2,009",6.471,45,725,ขท.สุราษฎร์ธานีที่ 1 ,สุราษฎร์ธานี
4331,100,ห้วยกรวด - มะลวน,1+000,766,580,11,1,0,380,109,108,56,18,"2,029",14.391,23,479,ขท.สุราษฎร์ธานีที่ 1 ,สุราษฎร์ธานี
4332,100,บางน้ำจืด - เขากลอย,0+180,673,111,0,0,0,613,50,1,0,0,"1,448",3.522,0,1033,ขท.สุราษฎร์ธานีที่ 2 (กาญจนดิษฐ์),สุราษฎร์ธานี
4338,100,วัดไทร - ปากน้ำกะแดะ,1+480,"1,528",640,5,0,0,"1,626",67,0,0,0,"3,866",1.733,0,1563,ขท.สุราษฎร์ธานีที่ 2 (กาญจนดิษฐ์),สุราษฎร์ธานี
4339,100,ดอนเนาว์ - บ้านพอด,1+000,623,120,0,0,0,912,32,7,0,0,"1,694",2.302,0,673,ขท.สุราษฎร์ธานีที่ 2 (กาญจนดิษฐ์),สุราษฎร์ธานี
4340,100,ไสยวน  - ควนขนุน,0+570,"2,231","2,067",59,19,10,"1,709",106,41,20,19,"6,281",3.423,28,2033,ขท.พัทลุง,พัทลุง
4341,100,จอมทอง - เขาพลายดำ,1+050,"2,279","2,116",0,0,0,175,107,80,88,20,"4,865",6.064,0,1862,ขท.นครศรีธรรมราชที่ 1,นครศรีธรรมราช
4345,100,ควนกุน - หนองชุมแสง,2+000,326,14,1,0,0,144,32,25,17,1,560,13.393,0,319,ขท.กระบี่,ตรัง
4347,100,ตลาดฉุ้น - บ้านซา,0+400,605,132,2,1,0,733,3,0,0,0,"1,476",0.271,0,727,ขท.ตรัง,ตรัง
4348,100,ห้วยเจ - ควนอารีย์,1+500,48,21,0,0,0,608,0,0,0,0,677,0,0,893,ขท.กระบี่,ตรัง
4349,100,เขาดิน - บางปอ,1+000,630,295,0,0,0,905,161,125,24,5,"2,145",14.685,53,648,ขท.สุราษฎร์ธานีที่ 1 ,สุราษฎร์ธานี
4350,100,แหลมยาง - หาดผก,0+100,148,82,0,0,0,301,0,0,0,0,531,0,0,291,ขท.สุราษฎร์ธานีที่ 2 (กาญจนดิษฐ์),สุราษฎร์ธานี
4353,100,ท่าฉัตรไชย - หมวดถลาง,0+600,203,39,11,10,0,266,10,0,0,0,539,3.711,14,1308,ขท.ภูเก็ต,ภูเก็ต
4363,100,ฆอแย - กาโต,5+860,145,72,26,1,1,148,40,15,0,0,448,12.723,2,203,ขท.ยะลา,ยะลา
