ทางหลวงสาย,ตอนควบคุม,ชื่อสายทาง,จุดสำรวจ,รถยนต์นั่ง (ไม่เกิน 7 คน),รถยนต์นั่ง (เกิน 7 คน),รถโดยสารขนาดเล็ก,รถโดยสารขนาดกลาง,รถโดยสารขนาดใหญ่,รถบรรทุกขนาดเล็ก (4 ล้อ),รถบรรทุกขนาด 2 เพลา (6ล้อ),รถบรรทุกขนาด 3 เพลา (10ล้อ),รถบรรทุกพ่วง (มากกว่า 3 เพลา),รถบรรทุกกึ่งพ่วง (มากกว่า 3 เพลา),รวม,% ของยานยนต์หนัก,จักรยาน 2 ล้อ และ จักรยาน 3 ล้อ,สามล้อเครื่องและจักรยานยนต์,แขวงทางหลวง,จังหวัด
1,201,สนามกีฬาธูปะเตมีย์ - ต่างระดับคลองหลวง,35+550,126153,29442,1792,3421,9755,46176,7338,3285,1035,892,229288,11.219,195,14610,ปทุมธานี,ปทุมธานี
1,202,ต่างระดับคลองหลวง - ประตูน้ำพระอินทร์,48+100,98341,44447,4115,6928,12394,59666,19822,4133,2709,1656,254211,18.741,156,16767,ปทุมธานี,พระนครศรีอยุธยา
1,302,ต่างระดับบางปะอิน - หนองแค,67+300,40509,24475,10040,2734,3697,19828,18700,12246,12463,11132,155824,39.128,0,1834,อยุธยา,พระนครศรีอยุธยา
1,302,ต่างระดับบางปะอิน - หนองแค,60+800,35906,30854,9031,3212,4112,9772,8562,9692,8332,8285,127756,33.027,0,1815,อยุธยา,พระนครศรีอยุธยา
1,401,หนองแค - หินกอง,92+000,32952,27513,1098,1373,3425,38224,6719,9668,10004,9362,140337,28.895,64,3912,สระบุรี,สระบุรี
1,102,แยกคปอ. - สนามกีฬาธูปะเตมีย์,25+556,25413,9719,71,527,1135,10390,523,103,77,159,48116,5.243,44,10283,กรุงเทพ,กรุงเทพมหานคร
1,1104,เกาะคา - สามัคคี,697+942,22178,22031,737,649,823,10917,1896,2018,1409,1328,63987,12.696,449,11681,ลำปางที่ 1,ลำปาง
1,1301,แม่กา - แยกประตูชัย,836+967,17916,5295,108,22,65,17685,643,376,590,271,42972,4.577,81,5230,พะเยา,พะเยา
1,802,บ้านหว้า - วังไผ่,341+076,13313,10608,654,1109,1108,14378,1351,1335,1395,1387,46638,16.476,74,9960,นครสวรรค์ที่ 1,นครสวรรค์
1,1104,เกาะคา - สามัคคี,701+817,12794,12230,474,401,400,8567,870,709,596,645,37686,9.61,247,8213,ลำปางที่ 1,ลำปาง
1,902,ปากดง - นครชุม,457+876,11898,4705,34,26,111,6989,2850,3197,4615,5253,39678,40.454,83,5328,กำแพงเพชร,กำแพงเพชร
1,1401,พาน - ร่องขุ่น,909+967,11502,1405,110,47,105,4061,799,393,322,231,18975,9.998,35,2411,เชียงรายที่ 1,เชียงราย
1,801,หางน้ำหนองแขม - บ้านหว้า,306+776,11302,12535,0,75,493,18438,2146,2540,2535,2575,52641,19.691,10,1102,นครสวรรค์ที่ 1,นครสวรรค์
1,1403,แยกแม่กรณ์ - ห้วยพลู,930+617,10821,7996,276,128,170,10499,513,357,286,271,31318,5.507,56,9007,เชียงรายที่ 1,เชียงราย
1,403,ปากข้าวสาร - แยกสวนพฤกษศาสตร์พุแค,121+000,10554,13252,2420,2437,2223,6842,4415,3900,7570,7084,60698,45.52,415,3564,สระบุรี,สระบุรี
1,1104,เกาะคา - สามัคคี,708+317,10197,9879,863,622,642,5955,1440,1447,1217,1123,33386,19.444,420,7518,ลำปางที่ 1,ลำปาง
1,802,บ้านหว้า - วังไผ่,331+276,9909,9507,0,1309,1450,16783,1538,1739,1725,1612,45572,20.568,34,8455,นครสวรรค์ที่ 1,นครสวรรค์
1,404,แยกสวนพฤกษศาสตร์พุแค - แยกโรงเรียนสุธีวิทยา,136+208,9651,5805,2466,2826,2288,7177,5193,4096,4718,4476,48695,48.457,128,6315,สระบุรี,สระบุรี
1,1403,แยกแม่กรณ์ - ห้วยพลู,942+167,9624,5932,266,242,262,10708,280,227,218,145,27905,4.924,75,6523,เชียงรายที่ 1,เชียงราย
1,901,โนนปอแดง - ปากดง,423+900,9439,7220,194,24,178,9229,1930,998,1584,1604,32401,19.499,16,995,กำแพงเพชร,กำแพงเพชร
1,1402,ร่องขุ่น - แยกแม่กรณ์,924+617,9229,9720,297,280,282,11903,1166,1136,1103,1171,36288,14.16,760,7610,เชียงรายที่ 1,เชียงราย
1,700,ดอนรังนก - หางน้ำหนองแขม,289+504,9035,2945,89,13,77,5213,708,424,738,235,19476,11.265,17,2028,ชัยนาท,ชัยนาท
1,1403,แยกแม่กรณ์ - ห้วยพลู,948+000,8744,4140,231,179,155,8696,956,731,653,504,24989,12.719,172,6023,เชียงรายที่ 1,เชียงราย
1,1102,ดอนไชย - สบปราบ,617+097,8481,2125,233,24,124,1612,1005,734,1244,971,16554,24.783,18,2049,ลำปางที่ 1,ลำปาง
1,1301,แม่กา - แยกประตูชัย,822+117,7922,2811,120,37,78,7950,812,815,813,899,22256,15.518,8,5482,พะเยา,พะเยา
1,503,แยกร.พ.อานันทมหิดล - เขาวงพระจันทร์,167+355,7678,2716,27,38,69,7492,339,154,268,112,18894,5.186,21,3279,ลพบุรีที่ 1,ลพบุรี
1,901,โนนปอแดง - ปากดง,390+276,7339,2308,99,55,151,8123,1119,959,1767,1978,23898,25.228,46,1463,กำแพงเพชร,กำแพงเพชร
1,803,วังไผ่ - โนนปอแดง,377+276,7313,3256,64,45,26,3627,1774,1939,1875,1201,21121,32.483,10,730,นครสวรรค์ที่ 1,นครสวรรค์
1,801,หางน้ำหนองแขม - บ้านหว้า,316+676,7082,6922,0,0,415,11191,2051,2064,2060,2042,33828,25.517,38,1096,นครสวรรค์ที่ 1,นครสวรรค์
1,501,แยกโรงเรียนสุธีวิทยา - ดงจำปา,142+200,6552,7783,2245,600,649,3103,2362,2225,2896,2032,30447,35.35,75,2485,ลพบุรีที่ 1,สระบุรี
1,901,โนนปอแดง - ปากดง,417+776,6186,2412,69,22,150,9265,1230,891,1409,1679,23311,23.081,15,1496,กำแพงเพชร,กำแพงเพชร
1,700,ดอนรังนก - หางน้ำหนองแขม,291+711,5704,3547,17,15,41,5841,624,362,648,247,17045,11.358,12,1045,ชัยนาท,ชัยนาท
1,1201,สามัคคี - บ้านหวด,720+367,4681,4862,1249,1050,878,3439,1227,1084,1036,1023,20529,30.676,489,4227,ลำปางที่ 2,ลำปาง
1,1202,บ้านหวด - แม่กา,784+017,4342,2196,641,592,868,2446,1544,1342,1364,1281,16616,42.072,309,3320,ลำปางที่ 2,ลำปาง
1,1405,แม่คำ - กลางสะพานแม่น้ำสาย(เขตแดนไทย/พม่า),975+777,4289,3240,66,192,93,5323,603,524,337,98,14765,12.508,56,3747,เชียงรายที่ 1,เชียงราย
1,903,นครชุม - วังเจ้า,486+779,4200,2620,32,48,69,7893,1078,759,858,1544,19100,22.806,3,973,กำแพงเพชร,กำแพงเพชร
1,803,วังไผ่ - โนนปอแดง,356+936,4139,2676,17,46,120,3833,1847,1617,1602,1434,17331,38.465,15,1607,นครสวรรค์ที่ 1,นครสวรรค์
1,1101,แม่เชียงรายบน - ดอนไชย,589+255,4114,3731,333,58,183,1522,1380,1198,1596,1896,16011,39.411,79,308,ลำปางที่ 1,ลำปาง
1,1103,สบปราบ - เกาะคา,688+017,3970,3246,365,203,136,2635,1320,1014,1171,1424,15485,34.024,11,1508,ลำปางที่ 1,ลำปาง
1,504,เขาวงพระจันทร์ - โรงเรียนยงค์สุรีย์,192+000,3624,2135,59,40,96,2492,565,266,337,212,9827,15.435,4,2286,ลพบุรีที่ 1,ลพบุรี
1,1003,วังม่วง - แม่เชียงรายบน,543+117,3622,3054,85,147,333,1382,1140,991,1240,1718,13712,40.621,38,923,ตากที่ 1,ตาก
1,1202,บ้านหวด - แม่กา,787+129,3595,3194,1287,782,883,2357,1474,1434,1325,1053,17386,39.986,414,3228,ลำปางที่ 2,ลำปาง
1,1001,วังเจ้า - ตาก,511+796,3511,2830,59,23,91,6211,1130,889,879,1781,17403,27.536,13,882,ตากที่ 1,ตาก
1,1302,แยกประตูชัย - พาน,867+967,3201,821,50,27,98,3766,506,318,308,310,9405,16.661,19,1313,พะเยา,พะเยา
1,700,ดอนรังนก - หางน้ำหนองแขม,267+758,2867,2547,1,1,11,1884,535,371,680,242,9139,20.132,2,1090,ชัยนาท,ชัยนาท
1,1202,บ้านหวด - แม่กา,790+517,2684,1797,930,772,795,3488,1173,1187,1144,1107,15076,40.977,452,2871,ลำปางที่ 2,ลำปาง
1,1201,สามัคคี - บ้านหวด,769+397,2574,1878,898,572,693,2326,849,818,837,817,12262,37.398,349,1578,ลำปางที่ 2,ลำปาง
1,1103,สบปราบ - เกาะคา,650+917,2465,1721,79,7,86,2561,708,588,734,815,9764,30.097,2,417,ลำปางที่ 1,ลำปาง
1,603,ตาคลี - ดอนรังนก,254+000,2339,1154,25,10,19,3828,137,107,200,77,7896,6.971,9,3112,นครสวรรค์ที่ 2 (ตากฟ้า),นครสวรรค์
1,602,เกษตรชัย - ตาคลี,235+000,1635,464,0,0,18,2416,174,168,194,59,5128,11.96,15,1046,นครสวรรค์ที่ 2 (ตากฟ้า),นครสวรรค์
1,601,ลำพยนต์ - เกษตรชัย,222+176,747,306,2,3,25,2491,208,188,609,196,4776,25.753,10,771,นครสวรรค์ที่ 2 (ตากฟ้า),นครสวรรค์
2,301,นครราชสีมา - ดอนหวาย,148+657,59728,25440,1757,383,1401,39892,259,74,10,17,128963,1.663,20,27777,นครราชสีมาที่ 1,นครราชสีมา
2,205,โคกกรวด - นครราชสีมา,146+072,37102,32500,2637,2541,2382,6059,2334,2253,550,517,88877,11.903,14,15667,นครราชสีมาที่ 2,นครราชสีมา
2,502,ขอนแก่น - หินลาด,344+331,31603,24146,914,713,595,815,986,633,572,577,61553,6.62,234,6425,ขอนแก่นที่ 1,ขอนแก่น
2,102,ตาลเดี่ยว - ซับบอน,11+000,26741,25010,2043,3723,2949,15208,12930,13480,13562,14268,129915,46.887,255,3344,สระบุรี,สระบุรี
2,202,บ่อทอง - มอจะบก,87+438,20280,5601,303,190,465,7086,2820,3607,2911,5940,49202,32.382,13,1010,นครราชสีมาที่ 2,นครราชสีมา
2,103,ซับบอน - มวกเหล็ก,35+200,18962,13451,570,869,288,8643,3140,2947,2390,2626,53885,22.751,65,2239,สระบุรี,สระบุรี
2,102,ตาลเดี่ยว - ซับบอน,21+250,18789,20852,3180,2434,3326,13803,14886,14009,13440,13132,117851,51.953,121,4592,สระบุรี,สระบุรี
2,601,โนนสะอาด - อุดรธานี,443+084,17708,1064,531,193,137,9984,1035,584,521,940,32697,10.426,96,4475,อุดรธานีที่ 1,อุดรธานี
2,403,บ้านไผ่ - ท่าพระ,310+578,15635,6037,77,40,156,5709,1492,990,1074,1947,33157,17.188,24,2113,ขอนแก่นที่ 3 (บ้านไผ่),ขอนแก่น
2,501,ท่าพระ - ขอนแก่น,334+181,14398,13064,1696,45,1215,21278,828,603,461,436,54026,6.642,0,5917,ขอนแก่นที่ 1,ขอนแก่น
2,302,ดอนหวาย - บ้านวัด,204+357,12180,4185,77,75,220,10498,1640,1318,2277,1656,34127,21.06,14,565,นครราชสีมาที่ 1,นครราชสีมา
2,602,อุดรธานี - น้ำสวย,471+435,11701,9009,152,124,74,8328,1505,831,677,415,32817,11.053,24,4070,อุดรธานีที่ 1,อุดรธานี
2,700,น้ำสวย - สะพานมิตรภาพที่หนองคาย(เขตแดนไทย/ลาว),498+256,11054,6245,2207,941,819,5956,3182,2824,2690,2053,37971,32.944,1185,4990,หนองคาย,หนองคาย
2,302,ดอนหวาย - บ้านวัด,193+612,10833,8143,2,71,247,13750,3156,3269,3201,3857,46528,29.66,3,1143,นครราชสีมาที่ 1,นครราชสีมา
2,201,มวกเหล็ก - บ่อทอง,45+600,10598,7584,1183,1492,778,10809,7774,7484,8230,8402,64333,53.099,0,1879,นครราชสีมาที่ 2,นครราชสีมา
2,602,อุดรธานี - น้ำสวย,458+935,10208,7051,436,268,279,10391,755,531,590,487,30997,9.388,31,4021,อุดรธานีที่ 1,อุดรธานี
2,203,มอจะบก - ไร่โคกสูง,103+438,10160,8799,88,99,371,1884,4223,4153,1920,1672,33370,37.275,2,2215,นครราชสีมาที่ 2,นครราชสีมา
2,203,มอจะบก - ไร่โคกสูง,109+962,9627,9602,66,72,529,2091,2285,2226,2049,1400,29947,28.588,2,1405,นครราชสีมาที่ 2,นครราชสีมา
2,503,หินลาด - โนนสะอาด,374+669,9007,8875,187,202,975,4879,2414,2258,2175,2445,33418,31.329,89,2617,ขอนแก่นที่ 1,ขอนแก่น
2,201,มวกเหล็ก - บ่อทอง,58+015,8983,7788,918,1020,620,13351,3167,2792,2811,2192,43642,28.876,0,2892,นครราชสีมาที่ 2,นครราชสีมา
2,700,น้ำสวย - สะพานมิตรภาพที่หนองคาย(เขตแดนไทย/ลาว),487+006,8809,5326,2117,859,794,5163,2014,1601,1615,1664,29962,28.524,631,3240,หนองคาย,หนองคาย
2,700,น้ำสวย - สะพานมิตรภาพที่หนองคาย(เขตแดนไทย/ลาว),505+850,7305,3893,1872,845,846,2657,1843,1648,1173,1663,23745,33.769,967,4837,หนองคาย,หนองคาย
2,503,หินลาด - โนนสะอาด,365+007,5640,5233,262,99,859,3985,2575,2597,2489,2768,26507,42.962,33,3020,ขอนแก่นที่ 1,ขอนแก่น
2,302,ดอนหวาย - บ้านวัด,197+162,5144,4035,16,56,195,11450,1811,1564,1723,2519,28514,27.598,4,379,นครราชสีมาที่ 1,นครราชสีมา
2,204,ไร่โคกสูง - โคกกรวด,117+262,4443,2397,451,614,810,4299,1902,1574,1777,550,18817,38.407,22,1279,นครราชสีมาที่ 2,นครราชสีมา
2,601,โนนสะอาด - อุดรธานี,400+945,3619,1487,139,19,87,3911,668,499,471,704,11604,21.093,16,1220,อุดรธานีที่ 1,อุดรธานี
3,402,ศรีราชา - พัทยา,130+000,25766,18813,2981,467,1406,12778,3544,3321,3303,5189,77567,22.213,11,13134,ชลบุรีที่ 2,ชลบุรี
3,401,ชลบุรี - ศรีราชา,97+270,21904,13801,1971,222,289,18601,286,208,26,18,57327,1.829,14,8785,ชลบุรีที่ 2,ชลบุรี
3,401,ชลบุรี - ศรีราชา,111+000,19766,17777,460,145,234,20115,391,442,147,90,59567,2.433,6,6002,ชลบุรีที่ 2,ชลบุรี
3,602,บ้านสิ้ว - โพธิ์ทอง,324+400,13620,6312,51,75,90,21436,2661,1784,1048,164,47243,12.327,53,3718,จันทบุรี,จันทบุรี
3,403,พัทยา - พลูตาหลวง,175+000,13544,10789,1944,405,336,5772,1675,112,26,7,34611,7.401,10,7058,ชลบุรีที่ 2,ชลบุรี
3,501,พลูตาหลวง - มาบตาพุด,206+000,12811,6625,292,500,700,14189,1212,1289,1286,855,39761,14.695,16,7927,ระยอง,ระยอง
3,603,โพธิ์ทอง - บ้านพลิ้ว,340+000,12587,10117,30,53,33,16011,1900,489,249,315,41784,7.273,16,5017,จันทบุรี,จันทบุรี
3,300,หนองไม้แดง - ชลบุรี,91+767,11605,7888,818,774,2048,16443,127,5,2,0,39710,7.443,28,11499,ชลบุรีที่ 1,ชลบุรี
3,504,กะเฉด - นายายอาม,272+500,11191,1641,24,7,32,15195,955,548,465,456,30513,8.07,14,2738,ระยอง,ระยอง
3,104,บางตำหรุ - คลองด่าน,40+800,11115,4587,636,469,532,11315,3298,916,680,773,34321,19.43,228,5395,สมุทรปราการ,สมุทรปราการ
3,102,แบริ่ง - ท้ายบ้าน,20+000,8464,6838,1165,683,2590,4091,924,603,118,81,25557,19.56,111,5530,สมุทรปราการ,สมุทรปราการ
3,601,นายายอาม - บ้านสิ้ว,306+375,7613,5326,90,85,90,23020,931,1083,940,790,39968,9.804,6,1238,จันทบุรี,จันทบุรี
3,200,คลองด่าน - บางปะกง,74+000,7153,5466,5034,4887,5370,11211,5780,5665,5722,5294,61582,53.129,0,4997,ฉะเชิงเทรา,ฉะเชิงเทรา
3,503,ระยอง - กะเฉด,246+000,5922,4483,455,5,0,10255,531,921,474,424,23468,10.03,108,3200,ระยอง,ระยอง
3,200,คลองด่าน - บางปะกง,75+738,5508,5511,4242,4332,5007,6911,6011,5159,5161,4919,52760,57.977,0,4202,ฉะเชิงเทรา,ฉะเชิงเทรา
3,704,แม่น้ำตราด - หาดเล็ก,404+042,5441,805,171,72,39,4800,353,299,251,222,12453,9.923,38,3395,ตราด,ตราด
3,701,บ้านพลิ้ว - แม่น้ำเวฬุ,374+753,3329,4402,11,15,16,8329,770,584,477,431,18364,12.482,32,2247,ตราด,จันทบุรี
3,704,แม่น้ำตราด - หาดเล็ก,474+575,2296,516,206,17,8,3140,268,113,70,88,6721,8.394,21,2099,ตราด,ตราด
3,704,แม่น้ำตราด - หาดเล็ก,440+333,1246,635,49,22,16,1527,46,59,54,66,3720,7.062,15,696,ตราด,ตราด
4,201,นครชัยศรี - พระประโทน,41+500,39841,18247,1838,1680,1511,21226,6247,6130,6062,1428,104210,22.126,16,4422,นครปฐม,นครปฐม
4,100,อ้อมใหญ่ - นครชัยศรี,26+500,31807,10539,1107,310,545,24939,1543,1572,900,202,73463,6.903,88,16653,สมุทรสาคร,นครปฐม
4,202,พระประโทน - สระกระเทียม,64+387,30093,7547,2239,2837,2210,28738,7462,5645,6453,4764,97988,29.975,0,5194,นครปฐม,นครปฐม
4,202,พระประโทน - สระกระเทียม,55+087,27846,19823,3095,3395,3433,28292,6229,8069,7902,5125,113210,30.168,134,9537,นครปฐม,นครปฐม
4,100,อ้อมใหญ่ - นครชัยศรี,31+500,25616,11064,337,170,489,19943,1184,775,801,251,60631,6.054,114,10513,สมุทรสาคร,นครปฐม
4,1102,ตลาดเก่า - คลองท่อม,979+327,17301,16612,8722,1109,1096,17350,1839,1261,1023,424,66736,10.118,25,9614,กระบี่,กระบี่
4,301,สระกระเทียม - คลองอีจาง,77+850,15024,6669,401,628,105,25416,2891,2714,2130,1525,57502,17.377,9,3667,ราชบุรี,ราชบุรี
4,1403,คลองหวะ - พังลา,1260+942,14788,7765,451,6,132,6958,688,459,274,1655,33176,9.687,11,10956,สงขลาที่ 1,สงขลา
4,602,วังยาว - หนองหมู,237+500,13622,8860,124,162,866,13958,2191,2424,2058,1366,45630,19.868,39,7130,ประจวบคีรีขันธ์ (หัวหิน),ประจวบคีรีขันธ์
4,301,สระกระเทียม - คลองอีจาง,79+087,12708,9174,2810,2843,3025,30555,6499,4941,3891,2844,79289,30.322,43,8504,ราชบุรี,ราชบุรี
4,1402,เนินพิชัย - คลองหวะ,1253+359,12612,5476,195,121,107,12951,1379,1529,570,333,35275,11.452,7,6284,สงขลาที่ 1,สงขลา
4,502,เขาวัง - หนองบ้วย,158+339,12368,9632,589,1313,467,9522,5488,2167,1892,1665,45104,28.806,20,7528,เพชรบุรี,เพชรบุรี
4,302,คลองอีจาง - หลุมดิน,92+667,12014,10537,3151,2003,3051,24487,4998,5063,1816,1689,68808,27.06,20,13469,ราชบุรี,ราชบุรี
4,401,ห้วยชินสีห์ - ปากท่อ,111+587,11926,10567,88,105,191,12591,1016,1410,1106,783,39783,11.592,70,4343,สมุทรสงคราม,ราชบุรี
4,1401,พรุพ้อ - เนินพิชัย,1220+559,11917,10481,1201,698,689,1711,1807,1962,2080,1974,34519,26.677,283,4669,สงขลาที่ 1,สงขลา
4,503,หนองบ้วย - ห้วยทรายใต้,185+782,11084,10366,1986,2002,1895,10020,5822,1967,1985,1797,48923,31.616,25,8251,เพชรบุรี,เพชรบุรี
4,1401,พรุพ้อ - เนินพิชัย,1230+459,11062,11387,2157,958,771,2655,2491,2618,2477,2097,38674,29.508,164,4942,สงขลาที่ 1,สงขลา
4,501,สระพัง - เขาวัง,135+587,10989,10529,2538,312,1492,7714,2967,3017,1658,1494,42710,25.615,151,6764,เพชรบุรี,เพชรบุรี
4,1402,เนินพิชัย - คลองหวะ,1250+759,10791,6959,318,409,98,12871,1372,1201,1042,826,35886,13.787,16,1470,สงขลาที่ 1,สงขลา
4,503,หนองบ้วย - ห้วยทรายใต้,202+767,10751,10924,1763,1016,212,1607,1335,1167,158,135,29069,13.842,24,7438,เพชรบุรี,เพชรบุรี
4,303,หลุมดิน - ห้วยชินสีห์,103+887,10243,8972,352,41,35,11416,1388,1367,946,829,35590,12.942,13,5939,ราชบุรี,ราชบุรี
4,301,สระกระเทียม - คลองอีจาง,69+087,9466,5487,836,825,805,7311,3160,3144,3007,1819,35860,35.585,32,2289,ราชบุรี,ราชบุรี
4,605,บางสะพาน - น้ำรอด,387+313,9363,6679,39,26,40,5256,2537,2678,2460,4469,33547,36.397,18,1694,ประจวบคีรีขันธ์ (หัวหิน),ประจวบคีรีขันธ์
4,1204,ตรัง - เขาพับผ้า,1115+547,8916,2957,95,43,63,9055,380,235,199,206,22149,5.084,17,7309,ตรัง,ตรัง
4,1203,ลำภูรา - ตรัง,1099+615,8715,8523,204,203,179,9396,337,257,225,244,28285,5.112,60,6782,ตรัง,ตรัง
4,1301,เขาพับผ้า - พัทลุง,1160+640,8689,3536,150,223,85,9465,491,311,199,264,23411,6.713,40,4262,พัทลุง,พัทลุง
4,702,พ่อตาหินช้าง - วังครก,451+513,8116,3162,258,15,370,5891,1993,1927,1671,2148,25551,31.794,49,2545,ชุมพร,ชุมพร
4,603,หนองหมู - ห้วยยาง,299+888,7949,6505,477,0,442,5457,4242,5012,4118,3441,37644,45.837,0,1731,ประจวบคีรีขันธ์ (หัวหิน),ประจวบคีรีขันธ์
4,1103,คลองท่อม - นาวง,1016+865,7627,1256,444,172,70,2011,579,252,252,172,12837,11.673,4,1637,กระบี่,กระบี่
4,1302,พัทลุง - นาโหนด,1173+259,7544,7070,235,266,259,5362,5153,5298,5249,5527,41963,51.837,156,5104,พัทลุง,พัทลุง
4,1304,ห้วยทราย - พรุพ้อ,1205+559,7396,6412,37,50,201,9670,1072,1344,1222,1850,29255,19.621,3,2546,พัทลุง,พัทลุง
4,1103,คลองท่อม - นาวง,1010+765,6565,1726,162,39,80,1550,457,180,265,158,11181,10.541,11,1929,กระบี่,กระบี่
4,802,กระบุรี - หงาว,608+465,6384,1458,161,47,23,2490,389,335,73,62,11422,8.129,12,2462,ระนอง,ระนอง
4,701,น้ำรอด - พ่อตาหินช้าง,428+490,6240,886,105,34,121,8822,1835,1736,1074,2152,23005,30.219,15,1083,ชุมพร,ชุมพร
4,604,ห้วยยาง - บางสะพาน,350+013,5979,5143,114,111,94,4777,2089,3154,2959,2926,27346,41.443,43,3088,ประจวบคีรีขันธ์ (หัวหิน),ประจวบคีรีขันธ์
4,603,หนองหมู - ห้วยยาง,278+213,5977,3418,403,0,362,3617,3172,3639,3384,3392,27364,50.975,0,2476,ประจวบคีรีขันธ์ (หัวหิน),ประจวบคีรีขันธ์
4,801,เสียบญวณ - กระบุรี,490+753,5721,965,128,63,34,2559,431,365,314,168,10748,12.794,7,2141,ระนอง,ชุมพร
4,902,ตะกั่วป่า - บางสัก,770+127,5591,5355,645,595,137,1308,541,612,565,362,15712,17.904,300,3986,พังงา,พังงา
4,603,หนองหมู - ห้วยยาง,315+813,5570,5238,330,0,429,4833,4036,4283,5169,3842,33731,52.651,0,2364,ประจวบคีรีขันธ์ (หัวหิน),ประจวบคีรีขันธ์
4,1500,พังลา - จุดผ่านแดนถาวรสะเดา(เขตแดนไทย/มาเลเซีย),1280+042,5390,2280,152,211,97,7383,305,258,231,1900,18206,16.492,15,4211,สงขลาที่ 2 (นาหม่อม),สงขลา
4,904,นาเหนือ - เขาคราม,941+327,5277,3659,111,104,178,4230,562,704,546,507,15877,16.379,59,2894,พังงา,กระบี่
4,1002,ท้ายเหมือง - คลองบางดินสอ,837+753,4275,731,106,11,32,5202,185,132,147,83,10906,5.425,23,1327,ภูเก็ต,พังงา
4,1301,เขาพับผ้า - พัทลุง,1144+104,4034,1786,37,134,56,5201,324,170,162,359,12263,9.826,6,1589,พัทลุง,พัทลุง
4,1201,นาวง - ห้วยยอด,1062+265,3891,1069,54,34,54,2369,158,106,90,83,7908,6.644,5,2798,ตรัง,ตรัง
4,1103,คลองท่อม - นาวง,1046+265,3520,364,33,24,71,1847,271,127,184,134,6574,12.318,7,1200,กระบี่,ตรัง
4,1500,พังลา - จุดผ่านแดนถาวรสะเดา(เขตแดนไทย/มาเลเซีย),1300+842,3461,2700,158,258,150,3800,236,278,179,1648,12867,21.365,4,3031,สงขลาที่ 2 (นาหม่อม),สงขลา
4,904,นาเหนือ - เขาคราม,925+127,3403,3223,81,57,162,3505,574,797,555,459,12818,20.324,43,2596,พังงา,กระบี่
4,1202,ห้วยยอด - ลำภูรา,1095+200,3394,314,48,5,3,3269,147,108,49,74,7412,5.223,5,1932,ตรัง,ตรัง
4,1201,นาวง - ห้วยยอด,1076+665,3053,1442,17,15,14,5361,139,171,58,46,10317,4.295,1,3053,ตรัง,ตรัง
4,903,คลองบางดินสอ - นาเหนือ,874+208,2974,1800,79,97,118,2286,425,444,392,503,9117,21.696,62,1308,พังงา,พังงา
4,802,กระบุรี - หงาว,590+103,2973,1344,384,87,24,2201,371,361,103,82,7930,12.963,11,1099,ระนอง,ระนอง
4,802,กระบุรี - หงาว,565+823,2452,1462,96,47,15,991,153,280,159,114,5769,13.304,6,1502,ระนอง,ระนอง
4,901,อ่าวเคย - บางนายสี,741+421,2412,249,108,81,55,1127,152,140,90,48,4463,12.692,16,1043,พังงา,พังงา
4,1001,บางสัก - ท้ายเหมือง,825+553,2227,2061,29,11,45,2669,168,80,58,39,7387,5.427,5,1862,ภูเก็ต,พังงา
4,901,อ่าวเคย - บางนายสี,711+821,2223,288,32,11,21,1144,144,180,93,46,4181,11.827,13,1550,พังงา,พังงา
4,901,อ่าวเคย - บางนายสี,762+021,1601,450,341,147,145,1275,284,327,236,161,4968,26.184,329,1232,พังงา,พังงา
4,801,เสียบญวณ - กระบุรี,528+103,1541,612,105,16,10,4192,286,240,131,98,7231,10.804,18,1508,ระนอง,ระนอง
4,803,หงาว - อ่าวเคย,644+321,1484,708,59,10,30,2647,209,145,45,34,5371,8.803,34,1384,ระนอง,ระนอง
4,803,หงาว - อ่าวเคย,675+021,897,612,27,15,31,1052,130,77,79,61,2980,13.147,16,935,ระนอง,ระนอง
4,803,หงาว - อ่าวเคย,691+821,606,302,15,10,33,1832,118,120,62,16,3113,11.519,13,1051,ระนอง,ระนอง
4,903,คลองบางดินสอ - นาเหนือ,900+727,531,104,2,0,0,15,71,19,3,8,754,13.485,2,202,พังงา,พังงา
7,103,แขวงคลองสองต้นนุ่น - พิมพา,17+000,79439,40090,0,5274,1822,56757,32650,22992,3808,9460,252291,30.126,0,0,พิเศษระหว่างเมือง,กรุงเทพมหานคร
7,103,แขวงคลองสองต้นนุ่น - พิมพา,25+900,67953,61030,0,1920,5575,55177,12292,7516,11374,9694,232532,20.802,0,0,พิเศษระหว่างเมือง,สมุทรปราการ
7,105,หนองข้างคอก - ตะเคียนเตี้ย,89+344,30100,18556,25,14,481,17066,8294,8295,10423,22,93275,29.513,0,0,พิเศษระหว่างเมือง,ชลบุรี
7,104,พิมพา - หนองข้างคอก,67+900,29690,27343,8957,450,219,20543,10666,4708,3718,8392,114686,24.548,0,0,พิเศษระหว่างเมือง,ชลบุรี
7,104,พิมพา - หนองข้างคอก,45+400,24787,16267,8117,105,89,28370,10280,5176,4639,8028,105858,26.75,0,0,พิเศษระหว่างเมือง,ฉะเชิงเทรา
7,105,หนองข้างคอก - ตะเคียนเตี้ย,105+144,24331,17184,9,15,451,13527,7206,8119,8886,24,79752,30.971,0,0,พิเศษระหว่างเมือง,ชลบุรี
7,105,หนองข้างคอก - ตะเคียนเตี้ย,79+258,24090,15897,25,18,362,14486,9426,8075,9683,23,82085,33.607,0,0,พิเศษระหว่างเมือง,ชลบุรี
7,108,ทางต่างระดับคีรี - ทางต่างระดับหนองข้างคอก,2+000,18930,17182,13,9,147,17153,7807,6612,9206,23,77083,30.882,0,0,พิเศษระหว่างเมือง,ชลบุรี
7,109,ทางต่างระดับหนองขาม - ท่าเรือแหลมฉบัง,4+000,12513,11999,11,5,40,12635,8405,6694,9813,16,62130,40.193,0,0,พิเศษระหว่างเมือง,ชลบุรี
7,106,ตะเคียนเตี้ย - พลา,123+000,11898,4635,63,57,186,1562,272,114,131,75,18994,4.401,0,0,พิเศษระหว่างเมือง,ชลบุรี
7,107,ทางต่างระดับบางควาย - ทางต่างระดับบางวัว,2+300,7557,3742,1075,43,51,7683,3391,644,570,2056,26812,25.196,0,0,พิเศษระหว่างเมือง,ฉะเชิงเทรา
9,201,คลองมหาสวัสดิ์ - คลองบางไผ่,36+594,121910,22277,0,0,6252,24685,4752,10772,8847,1562,201058,16.008,0,0,นนทบุรี,นนทบุรี
9,201,คลองมหาสวัสดิ์ - คลองบางไผ่,40+800,106769,18873,0,0,6254,30491,5507,5595,5344,3142,181975,14.201,0,0,นนทบุรี,นนทบุรี
9,202,คลองบางไผ่ - คลองบางหลวง,47+744,82529,32509,0,0,9901,13001,9224,6030,5021,4807,163021,21.459,0,0,นนทบุรี,นนทบุรี
9,402,แขวงรามอินทรา - บางพลี,59+500,79301,15659,0,0,447,16815,4372,4723,674,4686,126676,11.763,0,0,พิเศษระหว่างเมือง,กรุงเทพมหานคร
9,102,บางแค - คลองมหาสวัสดิ์,20+430,57014,56208,278,283,332,50662,6646,5628,2973,4519,184544,11.044,0,0,ธนบุรี,กรุงเทพมหานคร
9,401,บางปะอิน - แขวงรามอินทรา,1+500,51010,24031,477,416,476,62520,10587,4676,7295,6253,167740,17.707,0,0,พิเศษระหว่างเมือง,พระนครศรีอยุธยา
9,401,บางปะอิน - แขวงรามอินทรา,20+500,49454,29794,448,440,421,56598,8062,6327,4935,3433,159912,14.77,0,0,พิเศษระหว่างเมือง,ปทุมธานี
9,301,คลองบางหลวง - ต่างระดับเชียงรากน้อย,78+099,15734,4385,3759,4078,4054,7440,10648,9672,9797,9350,78917,60.317,682,3083,ปทุมธานี,ปทุมธานี
9,301,คลองบางหลวง - ต่างระดับเชียงรากน้อย,64+069,15553,4919,3779,4038,5247,7793,10158,10727,10915,10994,84123,61.908,681,2895,ปทุมธานี,ปทุมธานี
11,900,อุโมงค์ - รินคำ,543+850,33851,13572,3648,3301,3170,8330,4556,4065,2228,3213,79933,25.687,718,6099,เชียงใหม่ที่ 2,เชียงใหม่
11,900,อุโมงค์ - รินคำ,551+500,24890,15512,3389,3305,3399,11537,4783,4168,2965,3462,77409,28.525,908,7603,เชียงใหม่ที่ 2,เชียงใหม่
11,800,ขุนตาน - อุโมงค์,532+949,12905,6687,528,242,725,6318,2747,2164,1552,1118,34986,24.434,0,4815,ลำพูน,ลำพูน
11,800,ขุนตาน - อุโมงค์,526+949,10867,4265,473,271,545,6487,1873,1217,910,629,27537,19.775,0,5340,ลำพูน,ลำพูน
11,502,ชัยมงคล - บึงหลัก,316+698,9643,1954,121,38,87,2538,817,431,386,509,16523,13.721,29,1552,อุตรดิตถ์ที่ 1,อุตรดิตถ์
11,701,ปางมะโอ - ป่าขาม,453+219,8874,545,69,49,64,10168,757,271,471,565,21832,9.971,13,2622,ลำปางที่ 1,ลำปาง
11,702,แยกภาคเหนือ - ขุนตาน,469+099,7867,910,101,30,138,5724,1489,1204,1432,877,19772,26.149,2,2191,ลำปางที่ 1,ลำปาง
11,403,บ้านป่า - นาอิน,236+235,5390,3640,37,39,529,7367,970,865,786,527,20147,18.435,10,1296,พิษณุโลกที่ 2 (วังทอง),พิษณุโลก
11,503,บึงหลัก - หนองน้ำเขียว,328+826,4672,1476,1,5,56,7859,644,299,361,428,15801,11.348,3,1098,อุตรดิตถ์ที่ 1,อุตรดิตถ์
11,501,นาอิน - ชัยมงคล,276+099,4615,4439,62,55,121,2063,1498,1422,1434,1461,17170,34.894,52,500,อุตรดิตถ์ที่ 1,อุตรดิตถ์
11,401,สากเหล็ก - กกไม้แดง,186+983,3643,457,29,5,29,3826,338,214,354,190,9083,12.423,26,1947,พิษณุโลกที่ 2 (วังทอง),พิษณุโลก
11,402,กกไม้แดง - บ้านป่า,210+841,3465,3241,81,0,234,6433,554,994,750,216,15969,17.208,29,2163,พิษณุโลกที่ 2 (วังทอง),พิษณุโลก
11,701,ปางมะโอ - ป่าขาม,425+509,3386,307,24,67,65,4343,364,234,292,344,9428,14.5,1,188,ลำปางที่ 1,ลำปาง
11,601,หนองน้ำเขียว - ปางเคาะ,369+006,2973,1759,57,40,85,6959,573,427,362,298,13533,13.191,0,2189,แพร่,แพร่
11,601,หนองน้ำเขียว - ปางเคาะ,374+406,2950,783,62,64,88,681,439,568,404,184,6222,28.065,22,739,แพร่,แพร่
11,503,บึงหลัก - หนองน้ำเขียว,351+340,2730,730,282,6,69,4839,465,353,313,547,10333,16.956,0,206,อุตรดิตถ์ที่ 1,อุตรดิตถ์
11,302,เขาทราย - สากเหล็ก,143+294,2443,712,16,10,27,2570,279,224,286,316,6882,16.595,6,1120,พิจิตร,พิจิตร
11,201,ช่องแค - ตากฟ้า,16+800,1726,437,50,18,10,3119,194,473,445,429,6903,22.75,9,405,นครสวรรค์ที่ 2 (ตากฟ้า),นครสวรรค์
11,201,ช่องแค - ตากฟ้า,38+850,1656,820,11,10,13,2678,155,156,529,378,6407,19.376,5,650,นครสวรรค์ที่ 2 (ตากฟ้า),นครสวรรค์
11,301,หนองกลับ - เขาทราย,122+100,1522,1307,2,6,24,1212,331,179,166,96,4845,16.549,15,651,พิจิตร,พิจิตร
11,204,น้ำสาดเหนือ - หนองกลับ,99+500,1495,1316,17,22,31,1693,305,413,1095,509,6896,34.448,12,772,นครสวรรค์ที่ 2 (ตากฟ้า),นครสวรรค์
11,602,ปางเคาะ - ปางมะโอ,412+009,1468,720,81,51,59,2967,324,139,95,108,6013,12.934,15,524,แพร่,แพร่
11,202,ตากฟ้า - ไดตาล,71+000,1280,461,14,0,16,2377,194,150,1456,529,6477,36.202,3,291,นครสวรรค์ที่ 2 (ตากฟ้า),นครสวรรค์
11,204,น้ำสาดเหนือ - หนองกลับ,111+650,796,866,0,0,0,2615,234,377,467,370,5725,25.294,1,392,นครสวรรค์ที่ 2 (ตากฟ้า),นครสวรรค์
12,402,พิษณุโลก - ร้องโพธิ์,232+609,41764,34768,365,163,192,19140,886,102,34,11,97427,1.425,57,21606,พิษณุโลกที่ 1,พิษณุโลก
12,801,บ้านฝาง - ขอนแก่น,545+249,26919,13546,725,600,425,649,953,785,641,564,45806,8.659,160,5927,ขอนแก่นที่ 1,ขอนแก่น
12,703,หนองแก - บ้านฝาง,532+149,10344,1343,187,110,73,10642,557,355,563,365,24540,8.247,19,2854,ขอนแก่นที่ 2 (ชุมแพ),ขอนแก่น
12,803,พรหมนิมิตร - ห้วยสีดา,584+354,8979,2827,55,43,47,9958,274,259,242,214,22898,4.713,54,6391,ขอนแก่นที่ 1,มหาสารคาม
12,302,เมืองเก่า - สุโขทัย,168+980,8964,2224,129,154,152,216,270,565,131,145,12950,10.945,213,6629,สุโขทัย,สุโขทัย
12,702,ร่องแซง - หนองแก,469+996,7619,5703,389,442,490,17623,1536,1557,1663,1544,38565,18.752,74,6525,ขอนแก่นที่ 2 (ชุมแพ),ขอนแก่น
12,401,บ้านกร่าง - พิษณุโลก,218+546,7380,8104,325,242,294,3517,927,585,484,458,22317,13.398,331,4008,พิษณุโลกที่ 1,พิษณุโลก
12,802,ขอนแก่น - พรหมนิมิตร,562+054,7014,5739,263,118,584,13192,457,395,319,292,28372,7.628,4,6693,ขอนแก่นที่ 1,ขอนแก่น
12,703,หนองแก - บ้านฝาง,508+049,6853,1842,131,86,113,15441,625,587,648,432,26757,9.305,81,2398,ขอนแก่นที่ 2 (ชุมแพ),ขอนแก่น
12,1100,ขุมขี้ยาง - มุกดาหาร,770+353,6728,3962,302,30,256,7336,47,35,14,7,18716,2.075,30,5052,มุกดาหาร,มุกดาหาร
12,702,ร่องแซง - หนองแก,472+549,6677,4223,239,234,219,28089,1477,1521,1535,1219,45433,13.658,68,6301,ขอนแก่นที่ 2 (ชุมแพ),ขอนแก่น
12,501,ร้องโพธิ์ - วังทอง,247+513,6594,6188,106,14,357,13652,863,1078,753,160,29765,10.836,37,2926,พิษณุโลกที่ 2 (วังทอง),พิษณุโลก
12,901,ห้วยสีดา - ลำน้ำพาน,620+666,6325,11339,225,50,48,2843,1360,421,278,206,23094,10.232,37,2076,กาฬสินธุ์,กาฬสินธุ์
12,901,ห้วยสีดา - ลำน้ำพาน,599+554,5110,5529,48,45,41,7177,3362,1942,1111,80,24444,26.921,36,3099,กาฬสินธุ์,กาฬสินธุ์
12,1100,ขุมขี้ยาง - มุกดาหาร,733+000,4847,3642,115,11,75,5856,128,128,172,169,15144,4.517,74,3584,มุกดาหาร,มุกดาหาร
12,100,กลางสะพานมิตรภาพที่แม่สอด(เขตแดนไทย/พม่า) - แม่ละเมา,10+015,4483,1037,298,209,37,4060,721,368,433,500,12145,18.667,148,2614,ตากที่ 2 (แม่สอด),ตาก
12,303,สุโขทัย - บ้านกร่าง,184+769,3571,3719,264,105,105,392,428,156,167,160,9067,12.369,133,1838,สุโขทัย,สุโขทัย
12,401,บ้านกร่าง - พิษณุโลก,198+000,3536,3702,1593,1608,630,2376,847,807,807,677,16584,32.429,485,1770,พิษณุโลกที่ 1,สุโขทัย
12,502,วังทอง - เข็กน้อย,297+859,3262,3448,11,18,64,802,174,78,43,33,7933,5.168,1,396,พิษณุโลกที่ 2 (วังทอง),พิษณุโลก
12,601,เข็กน้อย - แยกอาเซียน,343+373,3214,925,45,10,22,2582,243,105,55,22,7223,6.325,7,770,เพชรบูรณ์ที่ 1,เพชรบูรณ์
12,602,แยกอาเซียน - น้ำดุก,357+943,3193,1672,24,22,8,7470,672,183,85,67,13396,7.733,18,2646,เพชรบูรณ์ที่ 1,เพชรบูรณ์
12,203,หนองเสือ - วังวน,151+480,3102,4522,796,692,854,2465,1106,682,608,483,15309,28.902,217,1705,ตากที่ 1,สุโขทัย
12,601,เข็กน้อย - แยกอาเซียน,325+373,2742,1098,43,13,22,3493,279,82,50,18,7839,5.915,14,1269,เพชรบูรณ์ที่ 1,เพชรบูรณ์
12,903,บ้านหลุบ - นาไคร้,647+300,2491,1896,0,0,25,400,409,274,168,121,5784,17.239,21,819,กาฬสินธุ์,กาฬสินธุ์
12,1000,นาไคร้ - ขุมขี้ยาง,707+000,1948,246,26,7,9,2620,143,137,262,151,5548,12.762,20,439,สกลนครที่ 1,กาฬสินธุ์
12,202,ตาก - หนองเสือ,114+630,1924,1184,18,10,9,2080,110,123,131,168,5758,9.58,8,1164,ตากที่ 1,ตาก
12,603,น้ำดุก - ห้วยซำมะคาว,409+043,1391,376,0,0,0,1565,199,18,7,47,3602,7.514,0,359,เพชรบูรณ์ที่ 1,เพชรบูรณ์
12,603,น้ำดุก - ห้วยซำมะคาว,383+989,1284,408,0,0,0,1372,184,18,8,47,3320,7.74,0,257,เพชรบูรณ์ที่ 1,เพชรบูรณ์
12,201,แม่ละเมา - ตาก,56+405,1213,2345,13,19,15,1960,394,202,295,694,7150,22.652,3,282,ตากที่ 1,ตาก
12,701,ห้วยซำมะคาว - ร่องแซง,436+385,1092,790,3,7,9,2805,243,90,436,262,5738,18.252,6,636,ขอนแก่นที่ 2 (ชุมแพ),ชัยภูมิ
12,902,ลำน้ำพาน - บ้านหลุบ,630+016,748,869,77,75,101,545,151,105,107,102,2879,22.253,112,699,กาฬสินธุ์,กาฬสินธุ์
21,302,ม่วงค่อม - คลองกระจัง,72+000,11281,4862,978,1086,1026,4398,3258,2477,2141,1906,33413,35.6,2,3867,ลพบุรีที่ 2 (ลำนารายณ์),ลพบุรี
21,501,วังชมภู - บ้านโตก,204+000,8799,4292,120,18,377,2350,754,331,219,219,17480,10.977,154,4165,เพชรบูรณ์ที่ 1,เพชรบูรณ์
21,301,แยกมะนาวหวาน - ม่วงค่อม,42+550,7885,4967,1661,2537,3392,7378,1875,2951,3269,1086,37001,40.837,19,4231,ลพบุรีที่ 2 (ลำนารายณ์),ลพบุรี
21,200,สะพานพุแค - แยกมะนาวหวาน,4+800,7518,7470,1765,1561,1321,2852,2368,1952,2044,1827,30679,36.096,40,4018,ลพบุรีที่ 1,สระบุรี
21,200,สะพานพุแค - แยกมะนาวหวาน,23+065,7095,6957,1070,1172,861,2476,2320,1900,2000,2023,27873,36.865,36,3935,ลพบุรีที่ 1,ลพบุรี
21,402,ศรีเทพ - ซับสมอทอด,118+800,5865,4067,516,459,29,8359,736,611,674,401,21716,13.395,66,3681,เพชรบูรณ์ที่ 2 (บึงสามพัน),เพชรบูรณ์
21,405,นาเฉลียง - วังชมภู,182+000,5283,1119,56,27,43,1562,424,280,194,108,9098,11.838,32,1516,เพชรบูรณ์ที่ 2 (บึงสามพัน),เพชรบูรณ์
21,503,หัวนา - สักหลง,254+884,5282,2502,106,23,42,9484,740,393,257,146,18976,8.438,17,2884,เพชรบูรณ์ที่ 1,เพชรบูรณ์
21,403,ซับสมอทอด - หนองไผ่,139+600,5173,911,51,33,39,4691,791,710,622,641,13663,20.764,34,3702,เพชรบูรณ์ที่ 2 (บึงสามพัน),เพชรบูรณ์
21,100,สามแยกพุแค - สะพานพุแค,0+300,5167,5387,360,439,372,1904,1626,1669,2972,2967,22863,43.935,135,1415,สระบุรี,สระบุรี
21,602,โคกงาม - หนองบง,355+374,4701,4084,254,136,150,1847,1189,637,467,400,13864,21.484,92,1874,เลยที่ 2 (ด่านซ้าย),เลย
21,502,บ้านโตก - หัวนา,234+944,4691,4485,136,81,178,4992,168,139,135,127,15132,5.472,159,4002,เพชรบูรณ์ที่ 1,เพชรบูรณ์
21,603,หนองบง - ภูสวรรค์,376+774,4600,147,11,8,3,123,59,42,49,27,5072,3.738,8,560,เลยที่ 2 (ด่านซ้าย),เลย
21,700,ภูสวรรค์ - เลย,402+874,4310,1786,17,13,33,893,10,3,5,3,7074,0.953,44,3113,เลยที่ 1,เลย
21,504,สักหลง - กกกะทอน,274+011,3483,395,59,9,33,868,233,123,187,48,5440,11.652,47,1408,เพชรบูรณ์ที่ 1,เพชรบูรณ์
21,504,สักหลง - กกกะทอน,282+793,3059,151,39,18,23,1586,428,64,35,27,5431,10.978,109,1649,เพชรบูรณ์ที่ 1,เพชรบูรณ์
21,404,หนองไผ่ - นาเฉลียง,161+375,2880,1158,193,103,137,1863,744,584,320,159,8140,25.13,61,1641,เพชรบูรณ์ที่ 2 (บึงสามพัน),เพชรบูรณ์
21,503,หัวนา - สักหลง,260+137,2296,1054,0,0,0,3660,368,169,113,43,7703,8.999,13,1505,เพชรบูรณ์ที่ 1,เพชรบูรณ์
21,505,กกกะทอน - ด่านดู่,295+030,2077,200,6,9,8,1126,192,119,57,29,3823,10.816,4,1000,เพชรบูรณ์ที่ 1,เพชรบูรณ์
21,601,ด่านดู่ - โคกงาม,312+874,1544,1178,101,23,19,938,191,75,210,98,4377,14.092,5,1537,เลยที่ 2 (ด่านซ้าย),เลย
22,201,หนองขาม - หนองหาน,8+000,13839,2647,37,63,89,17116,1923,1556,958,580,38807,13.32,45,11989,อุดรธานีที่ 2 (หนองหาน),อุดรธานี
22,201,หนองขาม - หนองหาน,21+300,10038,1429,41,45,65,11254,1086,483,580,410,25431,10.495,36,6303,อุดรธานีที่ 2 (หนองหาน),อุดรธานี
22,301,บ้านยา - สว่างแดนดิน,80+071,5905,2670,140,64,77,7710,572,209,203,218,17769,7.559,12,4595,สกลนครที่ 2 (สว่างแดนดิน),สกลนคร
22,401,สูงเนิน - ท่าแร่,156+720,4902,3980,604,318,300,11298,749,370,361,307,23189,10.372,261,5972,สกลนครที่ 1,สกลนคร
22,302,สว่างแดนดิน - สูงเนิน,103+820,4523,637,3,1,77,7461,535,177,186,228,13829,8.705,14,3040,สกลนครที่ 2 (สว่างแดนดิน),สกลนคร
22,302,สว่างแดนดิน - สูงเนิน,114+421,4205,1162,5,2,67,8423,524,183,190,223,14983,7.935,16,1417,สกลนครที่ 2 (สว่างแดนดิน),สกลนคร
22,401,สูงเนิน - ท่าแร่,145+020,4085,3421,320,264,284,6807,617,325,410,204,16737,12.576,89,2760,สกลนครที่ 1,สกลนคร
22,202,หนองหาน - บ้านยา,54+328,3968,2989,468,389,550,2553,1179,1206,1064,1063,15430,35.337,158,1921,อุดรธานีที่ 2 (หนองหาน),อุดรธานี
22,502,กุรุคุ - นครพนม,234+996,3879,2733,204,33,102,378,484,441,531,553,9338,22.957,212,1889,นครพนม,นครพนม
22,302,สว่างแดนดิน - สูงเนิน,135+021,2690,890,65,25,50,6382,341,113,187,85,10828,7.404,18,1036,สกลนครที่ 2 (สว่างแดนดิน),สกลนคร
22,301,บ้านยา - สว่างแดนดิน,60+421,2048,1405,87,10,63,3115,262,268,432,286,7974,16.557,13,657,สกลนครที่ 2 (สว่างแดนดิน),สกลนคร
22,402,ท่าแร่ - โชคอำนวย,189+520,1184,1154,18,25,50,2115,207,87,48,75,4964,9.917,14,1349,สกลนครที่ 1,สกลนคร
22,402,ท่าแร่ - โชคอำนวย,195+520,1090,473,6,9,41,2333,188,71,32,78,4321,9.701,22,918,สกลนครที่ 1,สกลนคร
23,301,ห้วยแอ่ง - ร้อยเอ็ด,101+571,15676,1640,951,297,497,2116,1058,402,273,224,23134,11.888,4,10826,ร้อยเอ็ด,ร้อยเอ็ด
23,401,เสลภูมิ - ยโสธร,175+412,14978,1604,118,34,77,2155,685,247,263,192,20351,7.357,38,3745,ยโสธร,ยโสธร
23,203,หนองจิก - ห้วยแอ่ง,65+780,10315,5912,156,132,152,1865,807,432,378,158,20308,10.14,31,4736,มหาสารคาม,มหาสารคาม
23,502,เขื่องใน - อุบลราชธานี,265+637,10262,3217,69,65,51,3358,377,107,113,115,17735,4.675,59,2919,อุบลราชธานีที่ 1,อุบลราชธานี
23,401,เสลภูมิ - ยโสธร,149+237,8729,1621,14,5,49,156,362,194,176,93,11398,7.705,16,1904,ยโสธร,ร้อยเอ็ด
23,201,ไพศาล - บรบือ,43+670,8479,1838,47,33,45,1450,962,594,507,247,14201,16.809,0,1349,มหาสารคาม,มหาสารคาม
23,203,หนองจิก - ห้วยแอ่ง,82+071,8199,3027,243,129,111,9604,1016,862,174,116,23482,10.258,80,6095,มหาสารคาม,มหาสารคาม
23,203,หนองจิก - ห้วยแอ่ง,67+271,7281,6248,103,87,87,9636,114,106,89,112,23863,2.494,47,6935,มหาสารคาม,มหาสารคาม
23,302,ร้อยเอ็ด - เสลภูมิ,114+412,7231,7746,159,112,78,572,75,54,40,30,16096,2.413,46,3634,ร้อยเอ็ด,ร้อยเอ็ด
23,403,บ้านย่อ - บ้านสวน,193+012,7225,6865,59,57,54,2244,1959,54,48,48,18613,11.922,47,2260,ยโสธร,ยโสธร
23,302,ร้อยเอ็ด - เสลภูมิ,117+412,6946,7576,158,95,56,641,67,51,39,26,15655,2.138,42,3182,ร้อยเอ็ด,ร้อยเอ็ด
23,201,ไพศาล - บรบือ,22+435,6468,1119,38,16,32,1968,1430,1125,1147,267,13609,29.515,8,1175,มหาสารคาม,มหาสารคาม
23,403,บ้านย่อ - บ้านสวน,201+912,5844,4025,66,66,63,1886,1326,69,64,51,13460,12.176,45,2338,ยโสธร,ยโสธร
23,402,ยโสธร - บ้านย่อ,184+449,5604,2670,98,98,97,5940,532,247,158,108,15553,7.975,25,4967,ยโสธร,ยโสธร
23,100,บ้านไผ่ - ไพศาล,5+185,5428,756,138,70,120,12565,874,466,427,420,21265,11.177,13,2906,ขอนแก่นที่ 3 (บ้านไผ่),ขอนแก่น
23,201,ไพศาล - บรบือ,41+435,4881,1926,42,201,55,2088,1464,1231,1156,892,13936,35.871,36,1501,มหาสารคาม,มหาสารคาม
23,201,ไพศาล - บรบือ,17+835,2783,2885,32,34,39,1339,1133,998,1076,942,11261,37.495,8,1157,มหาสารคาม,มหาสารคาม
24,702,เดชอุดม - อุบลราชธานี,418+943,14620,3060,432,217,264,14426,580,387,255,127,34367,5.324,128,13939,อุบลราชธานีที่ 2,อุบลราชธานี
24,203,สี่แยกโชคชัย - หนองมัน,70+097,9413,5733,372,158,218,2334,973,1035,1133,1117,22487,20.605,50,1600,นครราชสีมาที่ 3,นครราชสีมา
24,301,หนองมัน - หนองกี่,88+497,9405,1401,180,19,99,5641,937,849,926,1128,20586,19.229,12,986,บุรีรัมย์,บุรีรัมย์
24,202,สี่แยกปักธงชัย - สี่แยกโชคชัย,50+000,7547,6835,626,652,665,6995,2484,2412,2294,2251,32762,32.838,166,4439,นครราชสีมาที่ 3,นครราชสีมา
24,303,นางรอง - โคกตะแบก,126+700,7191,5107,64,78,116,10315,979,929,1060,1247,27086,16.276,23,2985,บุรีรัมย์,บุรีรัมย์
24,305,ประโคนชัย - จรอกใหญ่,160+933,6408,598,65,66,74,2122,1464,1948,1332,1151,15230,39.633,66,1315,บุรีรัมย์,บุรีรัมย์
24,201,ซับประดู่ - สี่แยกปักธงชัย,10+000,5729,1448,18,41,31,8739,911,948,1087,1078,20031,20.452,3,857,นครราชสีมาที่ 3,นครราชสีมา
24,304,โคกตะแบก - ประโคนชัย,142+797,5524,1533,75,74,259,6833,917,673,1278,897,18063,22.686,44,877,บุรีรัมย์,บุรีรัมย์
24,302,หนองกี่ - นางรอง,95+597,5513,2330,562,16,98,4139,859,899,938,1021,16374,23.394,30,857,บุรีรัมย์,บุรีรัมย์
24,702,เดชอุดม - อุบลราชธานี,398+643,5158,2906,177,162,183,10255,767,379,222,104,20312,8.946,49,4726,อุบลราชธานีที่ 2,อุบลราชธานี
24,602,แยกการช่าง - นากระแซง,330+998,4394,296,7,6,15,556,308,336,281,234,6432,18.342,19,1117,ศรีสะเกษที่ 2,ศรีสะเกษ
24,401,จรอกใหญ่ - กระเทียม,182+289,4246,3983,65,9,88,3398,765,619,1003,1091,15266,23.416,5,1251,สุรินทร์,สุรินทร์
24,602,แยกการช่าง - นากระแซง,326+480,3343,597,21,23,8,2139,355,271,128,41,6926,11.923,11,1069,ศรีสะเกษที่ 2,ศรีสะเกษ
24,401,จรอกใหญ่ - กระเทียม,197+184,2613,1369,40,2,21,3272,442,411,514,432,9116,19.982,6,1391,สุรินทร์,สุรินทร์
24,501,ห้วยสำราญ - แยกโคกตาล,279+198,2443,1809,38,8,32,1910,552,371,552,519,8232,24.695,13,1059,ศรีสะเกษที่ 1,ศรีสะเกษ
24,402,กระเทียม - ห้วยสำราญ,250+246,2386,1752,47,21,77,4222,455,744,966,1053,11721,28.276,18,458,สุรินทร์,สุรินทร์
24,601,หัวช้าง - แยกการช่าง,304+298,2341,4701,1,1,23,970,594,452,622,537,10242,21.766,12,945,ศรีสะเกษที่ 2,ศรีสะเกษ
24,402,กระเทียม - ห้วยสำราญ,240+584,1830,281,6,0,15,2153,436,485,569,606,6381,33.095,8,407,สุรินทร์,สุรินทร์
32,101,บางปะอิน - อยุธยา,1+243,43596,11332,12588,10431,3853,34159,6075,5842,3385,3115,134376,24.335,71,6181,อยุธยา,พระนครศรีอยุธยา
32,201,นครหลวง - อ่างทอง,43+000,33713,7542,2976,1108,783,28594,3844,2551,4643,4978,90733,19.737,0,1079,อ่างทอง,พระนครศรีอยุธยา
32,202,อ่างทอง - ไชโย,49+087,31987,8077,339,308,535,7444,2096,1842,2518,1527,56673,15.574,0,1262,อ่างทอง,อ่างทอง
32,400,โพนางดำออก - ท่าฉนวน,139+625,18772,12404,8,98,151,6175,3335,2799,4396,4980,53118,29.667,6,421,ชัยนาท,ชัยนาท
32,400,โพนางดำออก - ท่าฉนวน,130+000,17605,8136,14,110,152,4920,2080,1333,2653,3522,40525,24.305,1,383,ชัยนาท,ชัยนาท
32,400,โพนางดำออก - ท่าฉนวน,133+000,16256,7195,43,81,135,3104,2410,3758,5648,5507,44136,39.736,6,408,ชัยนาท,ชัยนาท
32,102,อยุธยา - นครหลวง,19+393,15967,11677,2943,2869,3471,3881,3547,3278,1867,308,49808,30.8,1,7297,อยุธยา,พระนครศรีอยุธยา
32,302,สิงห์ใต้ - สิงห์เหนือ,84+000,13013,6010,152,167,214,8883,2710,2288,4366,4419,42221,33.545,10,1028,สิงห์บุรี,สิงห์บุรี
33,502,นครนายก - จิกสูง,134+515,12621,3261,700,411,847,1064,1279,1146,981,787,23098,23.601,143,2730,นครนายก,นครนายก
33,702,โนนจิก - อรัญประเทศ(เขตแดนไทย/กัมพูชา),278+500,9696,2577,1453,491,604,3920,874,887,670,726,21899,19.422,489,3268,สระแก้ว (วัฒนานคร),สระแก้ว
33,100,สุพรรณบุรี - นาคู,1+333,7411,206,42,54,22,8413,576,453,333,11,17521,8.272,23,5406,สุพรรณบุรีที่ 1,สุพรรณบุรี
33,300,บางปะหัน - โคกแดง,67+049,6655,900,71,210,166,537,627,884,1655,1238,12942,36.931,15,1159,อยุธยา,พระนครศรีอยุธยา
33,602,ประจันตคาม - พระปรง,217+177,5971,2675,104,33,63,4134,995,957,945,500,16377,21.326,19,1085,ปราจีนบุรี,ปราจีนบุรี
33,402,หินกอง - คลองยาง,104+515,5676,2411,550,146,362,4201,2532,2395,2492,2044,22810,43.716,62,3306,สระบุรี,สระบุรี
33,401,โคกแดง - หินกอง,79+748,5591,4935,79,77,101,8994,983,726,862,264,22611,13.325,57,4612,สระบุรี,สระบุรี
33,501,คลองยาง - นครนายก,114+915,5110,5376,1052,914,1010,3916,3670,3865,3753,3539,32204,52.013,161,3720,นครนายก,นครนายก
33,701,พระปรง - โนนจิก,229+177,4141,2397,89,90,316,3157,765,517,385,330,12188,19.725,75,1488,สระแก้ว (วัฒนานคร),สระแก้ว
33,202,ป่าโมก - บางปะหัน,46+242,3970,1345,191,19,27,2096,854,891,1159,730,11283,32.625,12,907,อ่างทอง,พระนครศรีอยุธยา
34,101,บางนา - ทางเข้าท่าอากาศยานสุวรรณภูมิ,3+904,146054,33875,1928,23,11027,33390,2880,5932,8063,0,243173,11.484,10,24029,สมุทรปราการ,กรุงเทพมหานคร
34,102,ทางเข้าท่าอากาศยานสุวรรณภูมิ - บางวัว,15+100,64587,44557,461,6551,7059,71099,17792,16493,14570,15269,258438,30.078,0,3314,สมุทรปราการ,สมุทรปราการ
34,200,บางวัว - บางปะกง,42+460,15019,13001,10630,10627,10601,13717,12159,11323,10908,9039,117022,55.252,0,8835,ฉะเชิงเทรา,ฉะเชิงเทรา
34,300,บางปะกง - หนองไม้แดง,55+528,13046,9802,1321,1031,1867,13288,8183,7312,4985,6403,67239,44.292,25,5739,ชลบุรีที่ 1,ชลบุรี
34,200,บางวัว - บางปะกง,46+200,12627,12332,9828,10070,10247,11940,11239,10283,10052,9140,107758,56.637,0,8493,ฉะเชิงเทรา,ฉะเชิงเทรา
35,100,ดาวคะนอง - แสมดำ,6+500,164070,48567,311,169,585,51217,13078,8648,3855,2069,292568,9.709,12,5169,ธนบุรี,กรุงเทพมหานคร
35,202,สะพานข้ามแม่น้ำท่าจีนฝั่งตะวันตก - นาโคก,30+700,33985,24909,401,1061,547,41531,10596,13838,13353,13211,153433,34.286,68,20011,สมุทรสาคร,สมุทรสาคร
35,201,แสมดำ - สะพานข้ามแม่น้ำท่าจีนฝั่งตะวันตก,24+550,32014,20366,2581,2476,2760,24492,15825,19010,15908,11969,147403,46.098,1699,7199,สมุทรสาคร,สมุทรสาคร
35,302,แพรกหนามแดง - วังมะนาว,82+833,11781,11384,9608,8360,9109,10063,9469,7179,7001,8562,92518,53.699,38,7651,สมุทรสงคราม,ราชบุรี
35,301,นาโคก - แพรกหนามแดง,62+150,10254,9297,8147,8211,6532,9058,8372,6481,7789,6245,80384,54.276,611,6481,สมุทรสงคราม,สมุทรสงคราม
36,202,มาบข่า - ทับมา,42+145,17484,14054,713,549,212,15063,3281,3270,3316,2879,60821,22.209,14,6571,ระยอง,ระยอง
36,102,บ้านโป่ง - มะขามคู่,14+000,15191,10036,1452,1654,1784,8457,4426,4929,6413,4454,58795,40.241,11,962,ชลบุรีที่ 2,ชลบุรี
36,101,กระทิงลาย - บ้านโป่ง,2+000,15189,8772,77,78,818,11984,1594,2084,1725,2554,44874,19.727,12,4125,ชลบุรีที่ 2,ชลบุรี
36,202,มาบข่า - ทับมา,37+087,9757,7482,467,467,281,8786,961,1747,3730,1663,35341,25.039,11,5254,ระยอง,ระยอง
36,203,ทับมา - ปลวกเกตุ,56+369,6744,4984,70,556,59,9396,1172,1392,1021,1184,26579,20.26,119,3560,ระยอง,ระยอง
37,100,ชะอำ - วังโบสถ์,0+500,11300,10277,2025,1734,1755,2225,2304,2162,2273,2001,38055,32.134,25,2052,เพชรบุรี,เพชรบุรี
38,100,ทางยกระดับอนุสรณ์สถาน - รังสิต,2+850,12845,6923,2023,2253,405,7697,774,497,0,0,33418,11.76,0,0,ปทุมธานี,ปทุมธานี
41,400,ท่าชี - ถ้ำพรรณรา,225+603,9948,9766,0,37,174,5215,3857,3704,3729,3151,39579,37.016,20,5433,สุราษฎร์ธานีที่ 3 (เวียงสระ),สุราษฎร์ธานี
41,400,ท่าชี - ถ้ำพรรณรา,211+803,9322,8590,41,32,168,6158,3591,3714,3686,3666,38967,38.125,25,3551,สุราษฎร์ธานีที่ 3 (เวียงสระ),สุราษฎร์ธานี
41,501,ถ้ำพรรณรา - ทุ่งสง,291+210,9308,1530,56,18,27,8070,1687,1697,1635,1758,25787,26.458,1,3795,นครศรีธรรมราชที่ 2 (ทุ่งสง),นครศรีธรรมราช
41,202,เกาะมุกข์ - ควนรา,123+000,7826,6526,69,154,162,3817,2693,3327,2926,2611,30110,39.433,0,1596,สุราษฎร์ธานีที่ 1 ,สุราษฎร์ธานี
41,400,ท่าชี - ถ้ำพรรณรา,227+976,7732,7468,0,0,163,6576,4157,3850,3515,2682,36144,39.751,40,7731,สุราษฎร์ธานีที่ 3 (เวียงสระ),สุราษฎร์ธานี
41,103,ท่าทอง - สวนสมบูรณ์,65+450,7243,2535,38,32,81,7457,1566,1379,1206,1363,22899,24.569,12,2306,ชุมพร,ชุมพร
41,502,ทุ่งสง - ร่อนพิบูลย์,314+986,6933,6777,163,159,155,10902,1928,2192,2409,2441,34059,27.256,16,3263,นครศรีธรรมราชที่ 2 (ทุ่งสง),นครศรีธรรมราช
41,202,เกาะมุกข์ - ควนรา,139+726,6644,4631,27,61,91,4664,949,958,905,870,19801,19.363,0,884,สุราษฎร์ธานีที่ 1 ,สุราษฎร์ธานี
41,601,ไม้เสียบ - สี่แยกโพธิ์ทอง,363+061,5081,2497,99,248,85,5499,726,983,901,1043,17162,23.225,26,1789,พัทลุง,พัทลุง
41,300,ท่าโรงช้าง - ท่าชี,172+726,4970,2418,442,134,128,7959,1710,2033,1858,2314,23966,34.116,44,1363,สุราษฎร์ธานีที่ 2 (กาญจนดิษฐ์),สุราษฎร์ธานี
41,503,ร่อนพิบูลย์ - ไม้เสียบ,329+486,4879,4099,89,42,51,7581,1162,1503,1580,1983,22969,27.517,29,1470,นครศรีธรรมราชที่ 2 (ทุ่งสง),นครศรีธรรมราช
41,102,เขาบ่อ - ท่าทอง,22+200,4856,4641,223,268,262,15361,2162,2161,2138,2101,34174,26.606,18,2393,ชุมพร,ชุมพร
41,503,ร่อนพิบูลย์ - ไม้เสียบ,348+386,4798,4037,55,47,43,7444,934,1289,1379,1663,21690,24.691,14,1246,นครศรีธรรมราชที่ 2 (ทุ่งสง),นครศรีธรรมราช
41,102,เขาบ่อ - ท่าทอง,52+500,4535,4476,174,227,203,14689,1914,2053,1992,1974,32237,25.944,16,2310,ชุมพร,ชุมพร
41,103,ท่าทอง - สวนสมบูรณ์,78+200,3319,1434,214,247,168,5226,710,834,858,783,13793,26.099,78,1052,ชุมพร,ชุมพร
42,202,ดอนยาง - บ้านดี,108+986,6616,2551,23,22,15,4534,862,677,254,102,15656,12.336,4,7711,ปัตตานี,ปัตตานี
42,202,ดอนยาง - บ้านดี,93+511,4858,1574,56,35,26,2824,379,275,180,132,10342,9.95,3,2446,ปัตตานี,ปัตตานี
42,201,นาจวก - ดอนยาง,80+105,4203,146,77,1,5,2637,167,62,55,42,7394,4.479,11,3242,ปัตตานี,ปัตตานี
42,204,ปาลัส - กอตอ,143+336,3752,3439,475,445,273,1031,1214,1080,503,451,12664,31.322,35,2783,ปัตตานี,ปัตตานี
42,301,กอตอ - ปูต๊ะ,171+686,3442,3229,75,0,49,2329,1398,1171,415,148,12256,25.953,67,2080,นราธิวาส,นราธิวาส
42,303,สะปอม - ปาเสมัส,256+362,3048,2346,123,50,35,3174,210,177,43,41,9249,6.026,270,2477,นราธิวาส,นราธิวาส
42,204,ปาลัส - กอตอ,155+486,2898,2996,378,316,106,456,794,677,373,345,9339,27.969,21,1959,ปัตตานี,ปัตตานี
42,302,ปูต๊ะ - สะปอม,197+536,2523,1593,23,13,8,2044,19,14,16,13,6266,1.312,73,2384,นราธิวาส,นราธิวาส
42,102,นาทวี - ลำไพล,27+600,2474,1682,17,22,1,3065,250,148,251,47,7958,9.041,2,1810,สงขลาที่ 2 (นาหม่อม),สงขลา
42,102,นาทวี - ลำไพล,49+771,1659,1297,13,0,0,1669,78,45,43,29,4832,4.018,6,1353,สงขลาที่ 2 (นาหม่อม),สงขลา
42,101,คลองแงะ - นาทวี,10+480,1623,323,27,40,2,1396,386,257,340,399,4793,29.712,4,1168,สงขลาที่ 2 (นาหม่อม),สงขลา
42,103,ลำไพล - นาจวก,66+275,1142,308,0,0,1,2867,83,56,66,9,4533,4.762,3,2448,สงขลาที่ 2 (นาหม่อม),สงขลา
43,201,นาหม่อม - จะนะ,29+617,14349,4828,195,130,74,7468,1496,827,700,524,30592,12.264,8,3590,สงขลาที่ 2 (นาหม่อม),สงขลา
43,201,นาหม่อม - จะนะ,8+317,9893,9859,311,162,103,6240,1279,1148,1280,1106,31380,16.181,81,2080,สงขลาที่ 2 (นาหม่อม),สงขลา
43,202,จะนะ - ปาแด,50+667,5993,2234,14,39,56,8384,527,560,505,507,18817,11.653,5,923,สงขลาที่ 2 (นาหม่อม),สงขลา
43,300,ปาแด - มะพร้าวต้นเดียว,87+089,4476,957,21,31,72,4065,365,341,239,216,10783,11.725,14,2275,ปัตตานี,ปัตตานี
44,302,ท่าเรือ - หินโงก,110+057,4170,2691,87,70,106,1590,839,899,1201,1117,12770,33.146,17,740,สุราษฎร์ธานีที่ 2 (กาญจนดิษฐ์),สุราษฎร์ธานี
44,100,อ่าวลึก - บางสวรรค์,29+000,3222,3032,40,32,93,3116,611,681,553,449,11828,20.442,23,2357,พังงา,กระบี่
44,200,บางสวรรค์ - ทรัพย์ทวี,66+300,2734,855,129,25,19,2743,284,337,393,441,7962,18.835,1,668,สุราษฎร์ธานีที่ 3 (เวียงสระ),สุราษฎร์ธานี
101,100,นครชุม - น้ำดิบ,3+163,14466,3119,70,32,37,3953,332,190,153,112,22463,3.808,46,9401,กำแพงเพชร,กำแพงเพชร
101,301,คุยประดู่ - คลองโพธิ์,45+062,10538,514,2,1,90,276,290,436,154,147,12450,8.99,10,4040,สุโขทัย,สุโขทัย
101,601,สี่แยกช้างเผือก - ปัว,412+134,7991,2338,242,194,164,2080,979,581,306,294,15169,16.601,129,3963,น่านที่ 2,น่าน
101,301,คุยประดู่ - คลองโพธิ์,59+951,6260,490,0,0,86,340,728,825,112,103,8943,20.715,3,4146,สุโขทัย,สุโขทัย
101,500,สวนป่า - สะพานพญาวัด,348+439,6124,1014,0,32,94,762,668,416,389,118,9616,17.85,1,1757,น่านที่ 1,น่าน
101,402,แยกปากจั๊วะ - แยกเจริญราษฎร์,229+872,5726,2257,112,0,102,6481,571,516,373,278,16417,11.208,10,1921,แพร่,แพร่
101,403,แยกนาแหลม - หนองห้า,259+511,5672,4386,145,78,97,9613,758,529,565,439,22281,11.067,29,1488,แพร่,แพร่
101,302,คลองโพธิ์ - ท่าช้าง,82+375,4916,1164,67,71,62,118,174,114,77,65,6826,8.232,30,2795,สุโขทัย,สุโขทัย
101,303,ท่าช้าง - สวรรคโลก,93+874,4602,1832,113,77,88,916,286,199,134,119,8364,10.774,22,2789,สุโขทัย,สุโขทัย
101,500,สวนป่า - สะพานพญาวัด,314+974,4535,796,0,0,78,709,532,442,343,122,7557,20.07,2,723,น่านที่ 1,น่าน
101,601,สี่แยกช้างเผือก - ปัว,399+284,4455,2265,131,251,93,1261,574,174,94,77,9374,13.462,37,1471,น่านที่ 2,น่าน
101,200,น้ำดิบ - คุยประดู่,18+663,4333,227,41,3,26,1621,1,136,323,137,6849,9.155,16,972,ตากที่ 1,กำแพงเพชร
101,404,หนองห้า - สวนป่า,274+772,1966,1112,124,95,59,3754,276,177,77,49,7690,9.535,21,3907,แพร่,แพร่
101,401,แม่สิน - ปางเคาะ,210+272,1846,1481,82,53,42,1150,247,135,101,75,5211,12.514,32,1629,แพร่,แพร่
101,200,น้ำดิบ - คุยประดู่,28+200,1707,1776,3,0,17,2996,234,265,460,207,7666,15.435,16,1678,ตากที่ 1,กำแพงเพชร
101,602,ปัว - ปางหก,458+174,1601,1155,0,21,9,1850,265,219,167,50,5337,13.696,0,2424,น่านที่ 2,น่าน
101,305,ศรีสัชนาลัย - แม่สิน,151+919,1353,1664,70,14,8,601,104,61,45,31,3949,6.622,26,1104,สุโขทัย,สุโขทัย
101,304,สวรรคโลก - ศรีสัชนาลัย,115+044,1132,250,47,25,5,1432,202,148,88,94,3423,16.416,17,847,สุโขทัย,สุโขทัย
101,602,ปัว - ปางหก,472+674,744,716,0,0,0,1123,252,223,130,40,3228,19.993,0,1361,น่านที่ 2,น่าน
101,305,ศรีสัชนาลัย - แม่สิน,190+272,552,714,29,10,8,387,96,43,39,13,1890,11.057,14,721,สุโขทัย,สุโขทัย
101,603,ปางหก - จุดผ่านแดนถาวรห้วยโก๋น/น้ำเงิน(เขตแดนไทย/ลาว),486+774,364,0,9,1,0,175,127,98,70,61,905,39.394,0,323,น่านที่ 2,น่าน
101,603,ปางหก - จุดผ่านแดนถาวรห้วยโก๋น/น้ำเงิน(เขตแดนไทย/ลาว),502+958,354,10,7,0,0,179,123,152,137,93,1055,47.835,0,319,น่านที่ 2,น่าน
101,603,ปางหก - จุดผ่านแดนถาวรห้วยโก๋น/น้ำเงิน(เขตแดนไทย/ลาว),494+674,280,25,6,0,0,143,103,103,127,166,951,52.341,0,275,น่านที่ 2,น่าน
102,202,ศรีสัชนาลัย - ดอนโก,40+794,4117,132,13,9,16,34,106,55,95,27,4605,6.696,32,3202,สุโขทัย,สุโขทัย
102,101,อุตรดิตถ์ - ห้วยไผ่,0+200,3747,1416,97,9,43,2081,192,104,48,46,7783,5.679,27,1777,อุตรดิตถ์ที่ 1,อุตรดิตถ์
102,203,ดอนโก - เมืองเก่า,86+365,2251,159,22,13,2,487,168,37,304,116,3558,17.978,4,806,สุโขทัย,สุโขทัย
102,102,ห้วยไผ่ - ห้วยช้าง,12+944,1801,458,71,9,9,2300,95,49,25,17,4835,4.229,24,1540,อุตรดิตถ์ที่ 1,อุตรดิตถ์
102,202,ศรีสัชนาลัย - ดอนโก,50+000,1677,921,0,0,0,353,176,150,93,1,3369,12.441,22,1441,สุโขทัย,สุโขทัย
102,201,ห้วยช้าง - ศรีสัชนาลัย,22+444,1319,1551,33,13,38,282,137,155,91,23,3642,12.543,2,579,สุโขทัย,สุโขทัย
103,102,แม่ยางฮ่อ - แม่ตีบ,9+200,3426,2380,188,131,168,5431,506,385,184,128,12927,11.618,21,1791,แพร่,แพร่
103,102,แม่ยางฮ่อ - แม่ตีบ,33+218,3305,1987,129,101,150,5283,503,369,206,129,12161,11.974,15,1389,แพร่,แพร่
103,200,แม่ตีบ - งาว,56+000,2884,2320,1316,576,1325,2791,2052,1806,1717,1655,18440,49.511,317,1521,ลำปางที่ 2,ลำปาง
104,100,ตาก - สะพานวุฒิกุล,6+605,1428,564,9,0,0,383,89,25,24,24,2546,6.371,6,914,ตากที่ 1,ตาก
105,101,แม่สอด - ห้วยบง,4+590,2972,1002,242,96,15,3092,554,371,215,206,8763,16.617,115,2681,ตากที่ 2 (แม่สอด),ตาก
105,102,ห้วยบง - แม่สลิดหลวง,35+000,1767,78,169,3,0,652,275,73,3,2,3023,11.825,1,935,ตากที่ 2 (แม่สอด),ตาก
105,200,แม่เงา - แม่สะเรียง,221+500,1627,55,17,0,0,459,67,32,2,2,2263,4.594,0,1173,แม่ฮ่องสอน,แม่ฮ่องสอน
105,103,แม่สลิดหลวง - แม่เงา,137+800,653,500,26,0,1,234,22,1,0,0,1438,1.668,1,765,ตากที่ 2 (แม่สอด),ตาก
105,103,แม่สลิดหลวง - แม่เงา,114+300,587,281,29,31,2,93,32,8,1,0,1063,6.982,0,1377,ตากที่ 2 (แม่สอด),ตาก
106,304,ท่าจักร - อุโมงค์,247+491,18591,498,116,34,13,161,94,10,10,10,19538,0.877,93,16518,ลำพูน,ลำพูน
106,304,ท่าจักร - อุโมงค์,253+891,18559,556,95,34,0,158,114,9,0,0,19525,0.807,83,15776,ลำพูน,ลำพูน
106,303,ม่วงโตน - ท่าจักร,232+322,9754,283,121,1,25,658,323,116,175,83,11540,6.275,16,3675,ลำพูน,ลำพูน
106,303,ม่วงโตน - ท่าจักร,215+891,4286,541,93,45,2,686,228,159,187,79,6307,11.101,4,614,ลำพูน,ลำพูน
106,302,ลี้ - ม่วงโตน,169+788,3953,71,95,14,3,53,239,49,98,42,4616,9.649,13,1714,ลำพูน,ลำพูน
106,100,สวรรคโลก - หอรบ,16+639,1728,464,29,5,14,1976,235,66,78,9,4603,8.834,11,1312,สุโขทัย,สุโขทัย
106,301,ห้วยหญ้าไซ - ลี้,135+231,1289,561,31,15,14,689,473,264,113,53,3501,26.591,96,1541,ลำพูน,ลำพูน
106,202,ดอนไชย - ห้วยหญ้าไทร,95+391,966,1256,27,2,2,286,195,79,70,87,2971,14.648,27,1083,ลำปางที่ 1,ลำปาง
106,201,หอรบ - ดอนไชย,58+277,810,403,51,5,14,463,98,42,22,17,1924,10.267,8,416,ลำปางที่ 1,ลำปาง
106,201,หอรบ - ดอนไชย,66+062,775,362,54,0,15,451,110,48,22,17,1854,11.399,0,346,ลำปางที่ 1,ลำปาง
107,100,เชียงใหม่ - ขี้เหล็กหลวง,9+300,21296,11253,513,33,56,11251,548,385,224,45,45603,2.83,6,7376,เชียงใหม่ที่ 2,เชียงใหม่
107,201,ขี้เหล็กหลวง - แม่ทะลาย,37+315,6101,4894,453,63,65,515,555,275,284,70,13276,9.885,43,2967,เชียงใหม่ที่ 3,เชียงใหม่
107,204,ล้องอ้อ - เมืองงาม,145+462,5155,3365,26,6,47,8376,304,51,9,8,17347,2.449,22,6741,เชียงใหม่ที่ 3,เชียงใหม่
107,202,แม่ทะลาย - หัวโท,64+700,5142,1269,95,34,82,8382,379,252,124,25,15785,5.687,23,1646,เชียงใหม่ที่ 3,เชียงใหม่
107,203,หัวโท - ล้องอ้อ,115+842,2816,1594,67,64,33,5016,652,191,26,19,10480,9.405,5,1034,เชียงใหม่ที่ 3,เชียงใหม่
107,202,แม่ทะลาย - หัวโท,84+215,2812,821,41,9,38,5987,230,122,67,45,10172,5.019,4,1383,เชียงใหม่ที่ 3,เชียงใหม่
107,202,แม่ทะลาย - หัวโท,73+055,1934,452,17,3,18,4056,331,164,103,66,7145,9.607,19,1088,เชียงใหม่ที่ 3,เชียงใหม่
107,204,ล้องอ้อ - เมืองงาม,189+121,1775,1016,22,0,43,2442,299,39,6,6,5648,6.957,18,2159,เชียงใหม่ที่ 3,เชียงใหม่
107,204,ล้องอ้อ - เมืองงาม,166+112,1654,939,24,5,39,2819,257,61,22,9,5827,6.723,12,1999,เชียงใหม่ที่ 3,เชียงใหม่
107,300,เมืองงาม - แม่จัน,238+238,802,547,75,9,0,1697,162,50,31,30,3403,8.289,50,646,เชียงรายที่ 1,เชียงราย
107,300,เมืองงาม - แม่จัน,209+431,520,267,74,18,0,946,73,61,27,16,2002,9.755,25,312,เชียงรายที่ 1,เชียงราย
108,101,เชียงใหม่ - ปากทางท่าลี่,7+650,31061,13681,1719,456,345,21002,569,270,108,51,69262,2.597,265,23034,เชียงใหม่ที่ 1,เชียงใหม่
108,102,ปากทางท่าลี่ - สะพานแม่กลาง,57+000,5884,2659,467,106,32,3101,1055,798,1327,961,16390,26.11,45,2467,เชียงใหม่ที่ 1,เชียงใหม่
108,103,สะพานแม่กลาง - บ้านบ่อแก้ว,70+000,5305,2840,85,113,22,572,710,975,371,315,11309,22.167,2,2167,เชียงใหม่ที่ 1,เชียงใหม่
108,204,แม่สุริน - ปางหมู,352+100,3232,321,51,30,6,2226,112,41,14,1,6034,3.369,23,3948,แม่ฮ่องสอน,แม่ฮ่องสอน
108,201,สะพานแม่ริด - ห้วยงู,197+100,1352,114,13,0,0,1165,116,31,46,15,2852,7.289,2,1185,แม่ฮ่องสอน,แม่ฮ่องสอน
108,203,หนองแห้ง - แม่สุริน,284+800,1176,713,29,9,2,926,184,87,15,13,3153,9.815,2,606,แม่ฮ่องสอน,แม่ฮ่องสอน
108,201,สะพานแม่ริด - ห้วยงู,156+700,1106,64,10,0,2,1109,134,31,78,15,2548,10.175,0,401,แม่ฮ่องสอน,แม่ฮ่องสอน
108,202,ห้วยงู - หนองแห้ง,240+850,809,147,0,0,1,1151,220,42,16,17,2404,12.352,5,1248,แม่ฮ่องสอน,แม่ฮ่องสอน
108,203,หนองแห้ง - แม่สุริน,269+100,761,126,2,0,2,381,91,29,21,16,1429,11.111,0,674,แม่ฮ่องสอน,แม่ฮ่องสอน
108,104,บ้านบ่อแก้ว - สะพานแม่ริด,143+400,635,421,7,0,0,1605,332,209,81,38,3328,19.835,0,1069,เชียงใหม่ที่ 1,เชียงใหม่
109,100,แม่สรวย - ห้วยป่าไร่,28+000,2135,219,39,3,1,980,158,85,45,14,3678,8.292,39,1188,เชียงรายที่ 1,เชียงราย
109,200,ห้วยป่าไร่ - ฝาง,61+000,1593,1392,27,0,5,2072,298,35,15,14,5451,6.725,21,1634,เชียงใหม่ที่ 3,เชียงใหม่
111,100,ทางเลี่ยงเมืองพิจิตร,5+900,4303,1371,2,5,7,3264,240,186,89,69,9535,6.24,11,4837,พิจิตร,พิจิตร
112,100,ทางเลี่ยงเมืองกำแพงเพชร,6+500,6074,3805,37,7,5,6452,236,139,178,87,17020,3.832,17,3792,กำแพงเพชร,กำแพงเพชร
112,100,ทางเลี่ยงเมืองกำแพงเพชร,3+000,4137,2805,9,0,3,6374,179,194,219,118,14039,5.085,2,3321,กำแพงเพชร,กำแพงเพชร
113,203,ฆะมัง - พิจิตร,106+209,5483,1240,24,16,10,4795,196,114,103,103,12085,4.489,13,4474,พิจิตร,พิจิตร
113,202,เขาทราย - ฆะมัง,69+253,4824,2830,11,15,8,1702,305,248,387,233,10563,11.32,20,2239,พิจิตร,พิจิตร
113,101,สามแยกวังชมภู - ชนแดน,15+253,2172,97,11,2,7,910,64,32,39,25,3360,5.031,11,731,เพชรบูรณ์ที่ 2 (บึงสามพัน),เพชรบูรณ์
113,102,ชนแดน - ดงขุย,38+678,737,172,27,0,3,1564,87,33,48,21,2692,7.128,16,779,เพชรบูรณ์ที่ 2 (บึงสามพัน),เพชรบูรณ์
114,100,ดอยติ - ลำพูน,2+168,21767,1215,22,19,26,208,101,99,59,59,23576,1.545,54,18235,ลำพูน,ลำพูน
115,100,กำแพงเพชร - แก้วสุวรรณ,4+000,7465,2993,51,3,0,11169,284,223,207,152,22547,3.855,15,6360,กำแพงเพชร,กำแพงเพชร
115,301,บึงบัว - คลองโนน,73+135,4582,1316,0,0,0,2001,570,295,283,410,9457,16.473,66,2259,พิจิตร,พิจิตร
115,302,คลองโนน - เนินสมอ,89+000,3948,1834,5,2,2,4873,137,80,73,39,10994,3.033,14,6023,พิจิตร,พิจิตร
115,200,แก้วสุวรรณ - บึงบัว,40+400,2736,2489,10,0,5,3641,442,384,399,489,10594,16.214,57,1426,พิษณุโลกที่ 1,กำแพงเพชร
115,302,คลองโนน - เนินสมอ,95+011,2636,618,6,0,1,145,140,118,88,108,3860,11.805,25,1078,พิจิตร,พิจิตร
116,101,ป่าสัก - สะปุ๋ง,1+000,20914,717,18,18,11,294,312,129,75,85,22574,2.793,58,18295,ลำพูน,ลำพูน
116,101,ป่าสัก - สะปุ๋ง,15+600,12654,842,79,9,11,632,440,273,257,162,15359,7.503,100,9554,ลำพูน,ลำพูน
116,200,บ้านเรือน - ท่าวังพร้าว,24+300,4133,1553,129,59,41,1693,965,401,194,50,9219,18.558,42,1157,เชียงใหม่ที่ 1,เชียงใหม่
117,101,นครสวรรค์ - หนองเต่า,8+900,19531,3771,104,67,116,1347,1056,640,410,276,27319,9.394,5,6381,นครสวรรค์ที่ 1,นครสวรรค์
117,301,หนองนา - พิษณุโลก,123+587,11560,7491,108,110,232,9508,971,1146,1168,1149,33443,14.278,169,4944,พิษณุโลกที่ 1,พิษณุโลก
117,202,เนินสว่าง - หนองนา,88+934,10921,5258,150,83,156,5760,1158,611,842,976,25915,14.768,41,1018,พิจิตร,พิจิตร
117,201,คลองพลังด้านใต้ - เนินสว่าง,42+357,8955,4551,0,9,18,1396,799,732,831,823,18116,17.741,0,487,พิจิตร,พิจิตร
117,402,ไร่อ้อย - อุตรดิตถ์,237+726,2253,1618,18,3,17,3553,163,54,14,3,7698,3.309,13,3442,อุตรดิตถ์ที่ 1,อุตรดิตถ์
117,402,ไร่อ้อย - อุตรดิตถ์,228+500,1688,834,0,0,0,1648,132,185,112,19,4619,9.718,27,1205,อุตรดิตถ์ที่ 1,อุตรดิตถ์
117,502,น้ำปาด - นาไพร,325+156,1622,1501,193,154,120,1597,412,424,250,228,6501,24.438,233,1548,อุตรดิตถ์ที่ 2,อุตรดิตถ์
117,502,น้ำปาด - นาไพร,365+506,1619,946,140,51,17,1425,582,282,13,0,5077,18.628,259,1280,อุตรดิตถ์ที่ 2,อุตรดิตถ์
117,302,คลองเมม - พญาแมน,184+551,1602,1350,0,0,0,1010,740,500,437,353,5993,33.886,208,1743,พิษณุโลกที่ 1,พิษณุโลก
117,403,ป่าขนุน - วังผาชัน,256+700,1593,439,43,37,0,381,164,50,42,51,2802,12.311,15,777,อุตรดิตถ์ที่ 1,อุตรดิตถ์
117,302,คลองเมม - พญาแมน,150+053,799,550,0,0,0,305,238,209,210,24,2336,29.144,14,448,พิษณุโลกที่ 1,พิษณุโลก
117,501,วังผาชัน - น้ำปาด,310+700,723,646,26,18,16,1351,484,436,18,2,3722,26.204,0,1114,อุตรดิตถ์ที่ 2,อุตรดิตถ์
117,401,พญาแมน - ไร่อ้อย,197+000,717,316,78,2,19,1645,126,104,128,23,3158,12.731,1,580,อุตรดิตถ์ที่ 1,อุตรดิตถ์
118,100,เชียงใหม่ - ดอยนางแก้ว,0+500,30551,21146,4765,2454,2115,23471,2393,1552,580,463,89490,10.679,633,24938,เชียงใหม่ที่ 2,เชียงใหม่
118,201,ดอยนางแก้ว - แม่สรวย,87+800,6931,5106,1249,1120,1142,7105,2095,1305,1066,1079,28200,27.686,489,6107,เชียงรายที่ 1,เชียงราย
118,201,ดอยนางแก้ว - แม่สรวย,53+200,6166,5146,1574,1178,1334,6176,1543,1422,1133,869,26541,28.177,29,1727,เชียงรายที่ 1,เชียงราย
118,201,ดอยนางแก้ว - แม่สรวย,124+600,4944,4294,508,376,444,5336,1324,734,461,492,18914,20.258,213,4303,เชียงรายที่ 1,เชียงราย
118,100,เชียงใหม่ - ดอยนางแก้ว,20+200,4885,3815,1149,391,513,5406,726,597,416,289,18186,16.121,681,3295,เชียงใหม่ที่ 2,เชียงใหม่
118,202,แม่สรวย - ดงมะดะ,156+500,4335,357,62,70,91,4732,367,104,150,58,10326,8.13,21,1295,เชียงรายที่ 1,เชียงราย
120,200,ปากบอก - แม่เฮียว,46+300,1787,1966,798,752,706,2826,959,850,783,666,12093,38.997,592,2195,ลำปางที่ 2,ลำปาง
120,100,พะเยา - ปากบอก,9+000,1221,581,11,0,17,1268,86,25,24,26,3260,5.466,36,257,พะเยา,พะเยา
121,101,เหมืองกุง - ต้นเปา,1+000,23998,3140,452,228,168,15654,1325,657,436,260,46318,6.638,91,12858,เชียงใหม่ที่ 2,เชียงใหม่
121,104,ต้นพยอม - เหมืองกุง,44+400,22738,1360,287,16,39,12334,220,106,79,25,37204,1.305,43,9731,เชียงใหม่ที่ 2,เชียงใหม่
121,102,ต้นเปา - ดอนแก้ว,16+000,19207,5112,123,27,27,11099,1031,371,230,168,37396,4.96,74,9023,เชียงใหม่ที่ 2,เชียงใหม่
121,103,ดอนแก้ว - ต้นพยอม,38+000,11303,3032,161,34,13,5562,268,98,67,11,20551,2.395,48,6875,เชียงใหม่ที่ 2,เชียงใหม่
122,102,ทางเลี่ยงเมืองนครสวรรค์ด้านตะวันตก,9+100,9200,4584,0,0,128,2404,2465,2824,3208,3659,28473,43.145,0,1340,นครสวรรค์ที่ 1,นครสวรรค์
123,100,ทางเลี่ยงเมืองแม่สาย,3+984,1090,654,42,89,11,2104,1315,921,589,247,7062,44.913,56,1975,เชียงรายที่ 1,เชียงราย
125,101,วังวน - แจกัน,7+000,1890,2450,113,58,87,717,429,339,500,246,6830,24.298,40,640,สุโขทัย,สุโขทัย
126,103,ถนนวงแหวนรอบเมืองพิษณุโลกด้านทิศใต้,33+891,10688,640,111,10,33,9265,783,405,479,393,22807,9.224,13,1367,พิษณุโลกที่ 1,พิษณุโลก
126,101,ถนนวงแหวนรอบเมืองพิษณุโลกด้านทิศเหนือ,0+000,7497,6338,10,10,77,4225,3694,2689,2042,1585,28165,35.846,4,4886,พิษณุโลกที่ 1,พิษณุโลก
126,102,ถนนวงแหวนรอบเมืองพิษณุโลกด้านทิศเหนือ,19+000,6165,5041,392,376,578,3643,966,618,520,466,18765,18.777,293,2620,พิษณุโลกที่ 1,พิษณุโลก
126,104,ถนนวงแหวนรอบเมืองพิษณุโลกด้านทิศใต้,47+718,3906,2525,113,169,174,8329,1659,1165,802,617,19459,23.565,45,2113,พิษณุโลกที่ 1,พิษณุโลก
127,100,ทางเลี่ยงเมืองลำปาง,1+600,9260,6955,717,588,696,5616,2331,1880,1273,1059,30375,25.767,366,4784,ลำปางที่ 1,ลำปาง
128,100,ทางเลี่ยงเมืองแม่ฮ่องสอน,0+500,2079,622,67,11,0,2016,168,40,22,13,5038,5.033,12,2595,แม่ฮ่องสอน,แม่ฮ่องสอน
129,102,ทางเลี่ยงเมืองแพร่,8+939,3354,1817,67,0,66,5238,605,418,452,455,12473,16.006,18,1786,แพร่,แพร่
130,100,ทางเข้าสะพานข้ามแม่น้ำเมยแห่งที่2ที่แม่สอด,8+500,477,87,8,1,11,298,388,361,415,585,2631,66.927,14,224,ตากที่ 2 (แม่สอด),ตาก
131,100,ทางเลี่ยงเมืองเชียงราย,3+000,7650,7673,53,24,32,9491,175,112,97,72,25377,2.016,89,6092,เชียงรายที่ 1,เชียงราย
201,404,ปากปวน - ปากภู,352+057,15678,5157,75,38,27,2673,11,6,7,11,23683,0.424,121,11186,เลยที่ 1,เลย
201,201,หนองบัวโคก - บ้านลี่,66+664,15589,2546,63,38,114,17141,3590,4045,4573,4649,52347,32.493,117,3390,ชัยภูมิ,ชัยภูมิ
201,201,หนองบัวโคก - บ้านลี่,81+164,13070,2443,38,61,163,19021,2430,2619,2706,2760,45311,23.701,81,3200,ชัยภูมิ,ชัยภูมิ
201,404,ปากปวน - ปากภู,341+398,10369,2685,46,25,30,2961,10,9,6,5,16146,0.523,130,7437,เลยที่ 1,เลย
201,101,ทางต่างระดับสีคิ้ว - หินหล่อง,11+993,5277,5311,93,69,144,1414,1803,1728,1061,882,17780,31.982,8,1550,นครราชสีมาที่ 2,นครราชสีมา
201,202,บ้านลี่ - สี่แยกโรงต้ม,125+164,4749,1871,8,2,98,8857,622,397,646,781,18033,14.13,3,953,ชัยภูมิ,ชัยภูมิ
201,303,ท่าเดื่อ - ชุมแพ,218+754,4472,3742,176,195,265,8016,991,954,1016,969,20797,21.11,88,5264,ขอนแก่นที่ 2 (ชุมแพ),ขอนแก่น
201,301,ช่องสามหมอ - บ้านแข้,191+731,4459,216,90,10,69,3663,447,316,477,629,10376,18.778,9,898,ขอนแก่นที่ 2 (ชุมแพ),ชัยภูมิ
201,301,ช่องสามหมอ - บ้านแข้,163+067,4237,1813,43,53,106,10217,1084,1016,1213,1484,21266,23.303,0,1769,ขอนแก่นที่ 2 (ชุมแพ),ชัยภูมิ
201,405,ปากภู - เชียงคาน,369+357,3142,360,18,55,39,5067,240,91,154,40,9206,6.724,11,1626,เลยที่ 1,เลย
201,401,ผานกเค้า - หลักร้อยหกสิบ,277+757,2427,310,37,27,17,457,327,198,296,176,4270,24.365,2,852,เลยที่ 1,เลย
201,103,ด่านขุนทด - หนองบัวโคก,48+830,2424,3226,96,114,166,688,519,484,383,183,8281,22.314,11,1717,นครราชสีมาที่ 2,นครราชสีมา
201,401,ผานกเค้า - หลักร้อยหกสิบ,268+857,2405,640,612,338,182,452,320,312,337,218,5816,29.34,8,1888,เลยที่ 1,เลย
201,101,ทางต่างระดับสีคิ้ว - หินหล่อง,25+493,2333,2161,50,58,106,1496,1380,1149,962,797,10492,42.43,7,895,นครราชสีมาที่ 2,นครราชสีมา
201,402,หลักร้อยหกสิบ - โนนสว่าง,300+733,2170,539,1,1,42,3519,316,312,408,258,7566,17.675,5,1131,เลยที่ 1,เลย
201,304,โนนหัน - ผานกเค้า,237+211,1900,1270,87,18,64,6079,378,166,852,391,11205,16.675,9,1882,ขอนแก่นที่ 2 (ชุมแพ),ขอนแก่น
202,602,โนนชัยศรี - บ้านบ่อ,258+382,7547,230,81,49,38,667,413,516,644,780,10965,22.258,13,1286,ยโสธร,ยโสธร
202,601,สุวรรณภูมิ - โนนชัยศรี,213+816,5913,5411,89,96,96,2169,2244,1932,2053,2079,22083,38.495,45,3735,ยโสธร,ร้อยเอ็ด
202,601,สุวรรณภูมิ - โนนชัยศรี,221+822,5499,5713,86,85,86,2349,2017,1719,2042,2114,21709,37.137,48,4140,ยโสธร,ร้อยเอ็ด
202,701,สะพานคลองลำเซ - ปทุมราชวงศา,298+680,4646,2607,435,455,331,2764,529,405,283,160,12616,17.146,167,2724,อำนาจเจริญ,อำนาจเจริญ
202,601,สุวรรณภูมิ - โนนชัยศรี,230+875,4574,465,22,16,26,564,328,476,468,579,7518,25.186,5,627,ยโสธร,ร้อยเอ็ด
202,701,สะพานคลองลำเซ - ปทุมราชวงศา,322+780,3282,2831,118,102,69,1358,463,159,118,95,8593,11.683,48,2361,อำนาจเจริญ,อำนาจเจริญ
202,300,ตลาดไทร - ลำพังชู,123+622,3239,610,11,2,32,5069,493,471,226,128,10281,13.153,6,1139,บุรีรัมย์,บุรีรัมย์
202,400,ลำพังชู - ห้วยลำเตา,145+122,2932,1829,66,54,40,3865,721,419,392,241,10558,17.676,4,2278,มหาสารคาม,มหาสารคาม
202,202,ดอนตะหนิน - ตลาดไทร,77+700,2928,97,16,5,5,810,151,77,447,247,4781,19.446,2,921,นครราชสีมาที่ 1,นครราชสีมา
202,201,แก้งสนามนาง - ดอนตะหนิน,26+000,2866,86,2,16,9,32,151,134,247,184,3726,19.865,0,859,นครราชสีมาที่ 1,นครราชสีมา
202,603,ยโสธร - สะพานคลองลำเซ,271+425,2850,1270,69,62,33,3659,616,239,132,69,8997,12.782,11,2525,ยโสธร,ยโสธร
202,400,ลำพังชู - ห้วยลำเตา,138+122,2807,2516,94,90,102,2728,1906,1752,1457,1359,14812,45.007,3,1572,มหาสารคาม,มหาสารคาม
202,703,หนองผือ - เขมราฐ,368+680,2360,2940,307,154,113,2916,828,700,652,576,11545,26.185,20,2325,อำนาจเจริญ,อุบลราชธานี
202,201,แก้งสนามนาง - ดอนตะหนิน,64+200,2283,3536,39,17,3,778,282,146,479,376,7939,16.415,21,1889,นครราชสีมาที่ 1,นครราชสีมา
202,102,โพนทอง - แก้งสนามนาง,11+500,1767,918,608,169,89,4445,616,346,466,203,9627,19.623,49,2492,ชัยภูมิ,ชัยภูมิ
202,501,ห้วยลำเตา - เกษตรวิสัย,180+122,1591,933,0,0,122,4590,556,287,481,389,8949,20.508,2,690,ร้อยเอ็ด,ร้อยเอ็ด
204,200,ทางเลี่ยงเมืองนครราชสีมา,17+666,28539,2649,11,56,74,9734,2587,2565,3226,4032,53473,23.452,20,2494,นครราชสีมาที่ 1,นครราชสีมา
204,100,ทางเลี่ยงเมืองนครราชสีมา,2+500,19690,15715,785,753,813,18595,3052,5154,4479,4341,73377,25.338,106,6700,นครราชสีมาที่ 2,นครราชสีมา
205,402,โคกสวาย - แขวงทางหลวงนครราชสีมาที่1,232+502,17862,2722,578,65,90,2618,166,63,29,24,24216,1.802,27,11395,นครราชสีมาที่ 1,นครราชสีมา
205,402,โคกสวาย - แขวงทางหลวงนครราชสีมาที่1,213+102,9376,1596,143,22,69,565,297,218,215,159,12658,7.733,16,2847,นครราชสีมาที่ 1,นครราชสีมา
205,102,ดงพลับ - ม่วงค่อม,27+254,5311,4774,184,143,252,1678,898,542,226,230,14237,16.092,0,2854,ลพบุรีที่ 1,ลพบุรี
205,203,เทศบาลลำนารายณ์ - ช่องสำราญ,75+972,4981,1168,456,484,662,649,640,634,637,614,10925,33.609,57,2071,ลพบุรีที่ 2 (ลำนารายณ์),ลพบุรี
205,201,ม่วงค่อม - คลองห้วยไผ่,55+948,4575,2067,1745,1760,1458,4218,1984,2157,1824,1201,22990,45.171,0,3209,ลพบุรีที่ 2 (ลำนารายณ์),ลพบุรี
205,401,หนองบัวโคก - โคกสวาย,169+672,3153,1128,310,346,263,1187,970,1166,980,835,10337,44.106,151,2055,นครราชสีมาที่ 1,ชัยภูมิ
205,301,ช่องสำราญ - คำปิง,140+072,2808,1573,30,32,25,2240,759,787,2207,898,11358,41.448,10,1208,ชัยภูมิ,ชัยภูมิ
205,301,ช่องสำราญ - คำปิง,119+872,2806,1544,25,38,24,2095,729,782,2164,935,11142,41.933,13,1098,ชัยภูมิ,ชัยภูมิ
205,401,หนองบัวโคก - โคกสวาย,191+342,2392,383,10,1,74,3544,203,195,228,196,7227,12.437,6,1014,นครราชสีมาที่ 1,นครราชสีมา
205,102,ดงพลับ - ม่วงค่อม,11+500,1826,1889,88,106,56,662,305,156,198,126,5412,17.493,7,1187,ลพบุรีที่ 1,ลพบุรี
206,100,ตลาดแค - วังหิน,9+197,2964,1404,2,1,13,8364,499,391,356,310,14303,10.972,7,2124,นครราชสีมาที่ 1,นครราชสีมา
206,100,ตลาดแค - วังหิน,7+000,2909,2949,10,15,31,8456,427,248,337,244,15626,8.332,8,1753,นครราชสีมาที่ 1,นครราชสีมา
206,200,วังหิน - หินดาด,16+202,2701,1926,73,63,42,2316,1100,984,621,392,10218,31.34,19,2083,นครราชสีมาที่ 3,นครราชสีมา
206,200,วังหิน - หินดาด,35+202,2143,1808,74,57,46,973,617,375,249,148,6489,22.985,48,1542,นครราชสีมาที่ 3,นครราชสีมา
207,100,บ้านวัด - ประทาย,13+906,6215,1251,25,6,37,2384,629,491,742,744,12523,21.149,14,2229,นครราชสีมาที่ 1,นครราชสีมา
208,100,ท่าพระ - หนองสระพัง,0+400,7896,1485,79,54,54,1447,770,604,783,519,13690,20.33,18,1750,ขอนแก่นที่ 3 (บ้านไผ่),ขอนแก่น
208,200,หนองสระพัง - มหาสารคาม,51+100,5512,5586,220,337,247,2735,2009,909,915,596,19066,26.291,54,3172,มหาสารคาม,มหาสารคาม
208,200,หนองสระพัง - มหาสารคาม,27+500,5087,4920,241,162,168,1598,1358,1332,1278,1216,17360,31.763,60,2908,มหาสารคาม,มหาสารคาม
210,100,อุดรธานี - นิคมเชียงพิณ,8+417,8293,7975,147,14,87,4516,831,626,758,331,23579,11.228,18,2382,อุดรธานีที่ 1,อุดรธานี
210,203,นาคำไฮ - วังสำราญ,93+976,6696,6491,467,468,442,1664,1752,2200,2135,1641,23956,36.057,154,2031,หนองบัวลำภู,หนองบัวลำภู
210,202,หนองบัวลำภู - นาคำไฮ,48+810,5653,6630,90,83,47,941,536,404,805,410,15600,14.65,2,1393,หนองบัวลำภู,หนองบัวลำภู
210,201,นิคมเชียงพิณ - หนองบัวลำภู,34+841,4670,624,48,18,49,4637,395,324,813,220,11799,15.429,3,1297,หนองบัวลำภู,หนองบัวลำภู
210,300,วังสำราญ - วังสะพุง,107+848,3611,1462,3,1,25,1086,296,161,272,144,7062,12.728,15,1060,เลยที่ 1,เลย
211,101,หนองสองห้อง - ศรีเชียงใหม่,42+700,2676,950,428,361,351,4120,530,415,474,286,10590,22.811,272,2856,หนองคาย,หนองคาย
211,202,ปากชม - เชียงคาน,183+500,2448,266,17,18,24,2747,174,108,164,62,6028,9.132,24,1521,เลยที่ 1,เลย
211,101,หนองสองห้อง - ศรีเชียงใหม่,10+000,2187,1068,450,386,394,3461,604,480,419,290,9739,26.422,307,1920,หนองคาย,หนองคาย
211,201,ห้วยเชียงดา - ปากชม,145+000,1396,451,11,17,24,1333,78,38,61,8,3416,6.586,14,1323,เลยที่ 1,เลย
211,202,ปากชม - เชียงคาน,148+000,1125,376,11,10,10,1142,65,39,63,9,2851,6.891,14,986,เลยที่ 1,เลย
211,102,ศรีเชียงใหม่ - ห้วยเชียงดา,50+500,1053,530,504,17,17,1068,26,19,22,9,3265,3.393,60,801,หนองคาย,หนองคาย
211,102,ศรีเชียงใหม่ - ห้วยเชียงดา,86+800,1052,417,375,16,14,949,18,19,14,7,2880,3.053,42,730,หนองคาย,หนองคาย
212,601,ลืออำนาจ - หนองยอ,551+733,12243,8557,153,87,35,4645,201,210,142,104,26377,2.953,35,1253,อุบลราชธานีที่ 1,อุบลราชธานี
212,602,หนองยอ - อุบลราชธานี,570+575,10821,3373,118,146,86,8961,1347,219,136,89,25295,7.996,29,2129,อุบลราชธานีที่ 1,อุบลราชธานี
212,501,ห้วยสะแบก - อำนาจเจริญ,506+333,7295,1798,303,314,196,1287,1436,942,522,367,14459,26.122,57,4144,อำนาจเจริญ,อำนาจเจริญ
212,102,ปากสวย - น้ำเป,43+100,6545,1600,209,98,17,1124,338,235,303,209,10679,11.241,43,2109,หนองคาย,หนองคาย
212,401,ย้อมพัฒนา - นาโพธิ์,421+601,5717,1246,429,46,38,5336,202,130,43,30,13218,3.698,20,3054,มุกดาหาร,มุกดาหาร
212,101,หนองคาย - ปากสวย,5+000,5175,3632,910,276,265,3191,942,794,788,629,16603,22.254,848,4788,หนองคาย,หนองคาย
212,201,ห้วยก้านเหลือง - ดงบัง,131+428,4200,1832,86,62,70,3900,445,405,439,283,11721,14.538,30,2115,บึงกาฬ,บึงกาฬ
212,502,อำนาจเจริญ - ลืออำนาจ,529+133,4169,1197,218,234,199,6142,618,194,193,153,13317,11.947,143,2354,อำนาจเจริญ,อำนาจเจริญ
212,303,ท่าควาย - กลางน้อย,325+336,3728,2263,113,93,79,290,495,395,493,364,8312,23.083,157,2239,นครพนม,นครพนม
212,304,กลางน้อย - ย้อมพัฒนา,370+754,3494,1158,139,170,138,1655,376,255,225,224,7834,17.714,86,3579,นครพนม,นครพนม
212,103,น้ำเป - ห้วยก้านเหลือง,91+200,2928,566,81,16,14,265,147,59,114,90,4282,10.296,11,1464,หนองคาย,บึงกาฬ
212,301,นาพระชัย - ท่าอุเทน,268+950,2244,2080,731,681,618,1043,667,622,541,527,9754,37.482,541,1827,นครพนม,นครพนม
212,302,ท่าอุเทน - ท่าควาย,294+324,2200,1135,793,683,592,2265,666,700,670,572,10275,37.79,475,1497,นครพนม,นครพนม
212,304,กลางน้อย - ย้อมพัฒนา,383+171,2148,987,138,81,129,3111,290,193,225,299,7602,16.016,71,1060,นครพนม,นครพนม
212,201,ห้วยก้านเหลือง - ดงบัง,178+000,1823,1078,38,32,30,1325,202,158,128,75,4888,12.78,37,1578,บึงกาฬ,บึงกาฬ
212,202,ดงบัง - นาพระชัย,219+100,1256,1249,9,3,9,1450,55,102,30,25,4189,5.344,13,1452,บึงกาฬ,นครพนม
213,101,มหาสารคาม - หนองขอน,1+700,9543,8245,95,104,82,9881,119,118,123,121,28431,2.346,55,7785,มหาสารคาม,มหาสารคาม
213,102,หนองขอน - ห้วยปลาหลด,19+000,4976,4131,166,168,121,1594,1294,565,362,322,13699,20.675,42,2316,มหาสารคาม,มหาสารคาม
213,302,สร้างค้อ - สกลนคร,167+000,3416,2133,115,102,113,5551,1030,713,664,439,14275,21.434,88,3486,สกลนครที่ 1,สกลนคร
213,302,สร้างค้อ - สกลนคร,139+500,3036,47,65,43,40,418,202,155,159,8,4173,14.559,15,586,สกลนครที่ 1,สกลนคร
213,202,สี่แยกสมเด็จ - โรงพยาบาลสมเด็จ,86+000,2309,2459,128,124,145,2724,1568,1278,1196,1059,12990,41.34,109,3245,กาฬสินธุ์,กาฬสินธุ์
213,301,สมเด็จ - สร้างค้อ,106+963,762,458,7,11,21,1638,227,185,78,110,3496,18.066,7,169,สกลนครที่ 1,กาฬสินธุ์
213,303,ทางเข้าพระตำหนักภูพานราชนิเวศน์,0+050,308,15,0,0,0,2,1,0,0,0,327,0.35,1,116,สกลนครที่ 1,สกลนคร
214,102,บ้านหลุบ - ลำชี,8+764,6188,6574,26,16,21,1207,1023,335,232,174,15795,11.396,72,4132,กาฬสินธุ์,กาฬสินธุ์
214,303,จอมพระ - เชื้อเพลิง,178+561,4538,1130,56,37,34,5613,522,251,343,256,12779,11.288,9,1556,สุรินทร์,สุรินทร์
214,202,ร้อยเอ็ด - จตุพักตรพิมาน,63+153,3663,3257,95,59,56,4825,85,56,24,9,12129,2.382,17,2434,ร้อยเอ็ด,ร้อยเอ็ด
214,201,ลำชี - ร้อยเอ็ด,46+000,3537,2814,32,37,31,729,513,360,266,59,8377,15.106,1,1991,ร้อยเอ็ด,ร้อยเอ็ด
214,303,จอมพระ - เชื้อเพลิง,209+717,3499,2459,72,15,87,6819,955,745,1007,838,16496,22.106,33,2549,สุรินทร์,สุรินทร์
214,305,ปราสาท - ช่องจอม,231+053,3469,432,79,9,3,1307,159,91,200,82,5830,9.344,18,1316,สุรินทร์,สุรินทร์
214,302,ตาฮะ - จอมพระ,135+622,3135,442,22,37,31,3590,416,327,323,264,8585,16.27,13,1415,สุรินทร์,สุรินทร์
214,302,ตาฮะ - จอมพระ,157+696,2061,897,41,13,31,4636,500,401,668,370,9618,20.615,4,1653,สุรินทร์,สุรินทร์
214,301,ห้วยพลับพลา - โคกปูน,130+000,1510,2022,70,61,101,425,204,187,115,62,4756,15.346,57,836,สุรินทร์,สุรินทร์
214,203,จตุพักตรพิมาน - ห้วยพลับพลา,99+379,1160,723,5,1,6,1685,159,40,22,26,3826,6.627,5,911,ร้อยเอ็ด,ร้อยเอ็ด
215,200,สุวรรณภูมิ - สาหร่าย,73+134,3185,3194,61,65,63,2127,1927,1736,1576,1501,15434,44.495,51,2154,ยโสธร,ร้อยเอ็ด
215,100,ร้อยเอ็ด - สุวรรณภูมิ,10+000,2619,1257,14,33,23,4944,180,113,103,37,9323,5.243,26,2066,ร้อยเอ็ด,ร้อยเอ็ด
215,300,สาหร่าย - ตาฮะ,80+769,1822,1656,224,193,160,1999,1022,830,815,788,9509,40.055,23,897,สุรินทร์,สุรินทร์
216,102,ถนนวงแหวนรอบเมืองอุดรธานีด้านทิศตะวันตก,14+580,15646,16574,81,50,115,2027,617,383,396,356,36246,5.291,18,4332,อุดรธานีที่ 1,อุดรธานี
216,101,ถนนวงแหวนรอบเมืองอุดรธานีด้านทิศใต้,0+700,7026,402,54,16,17,9237,641,383,691,503,18969,11.861,23,2293,อุดรธานีที่ 1,อุดรธานี
216,103,ถนนวงแหวนรอบเมืองอุดรธานีด้านทิศตะวันออก,20+209,6091,4921,431,347,410,11494,1553,1344,1263,1182,29037,21.008,134,4815,อุดรธานีที่ 1,อุดรธานี
217,101,วารินชำราบ - สว่างวีระวงศ์,15+860,3865,2034,119,116,128,6973,702,442,274,106,14759,11.986,48,3921,อุบลราชธานีที่ 2,อุบลราชธานี
217,103,พิบูลมังสาหาร - ช่องเม็ก,52+820,2462,2278,137,103,77,3150,352,223,219,177,9178,12.531,46,1545,อุบลราชธานีที่ 2,อุบลราชธานี
218,102,โคกสูง - นางรอง,38+800,5676,532,53,38,63,4962,417,288,260,364,12653,11.301,33,990,บุรีรัมย์,บุรีรัมย์
218,101,บุรีรัมย์ - โคกสูง,5+100,4968,2286,291,218,203,14098,1479,788,349,114,24796,12.712,22,10642,บุรีรัมย์,บุรีรัมย์
219,200,ห้วยพลับพลา - สตึก,80+914,3817,3813,1260,865,145,4526,1128,199,403,280,16436,18.373,29,1821,สุรินทร์,สุรินทร์
219,301,สตึก - หัวถนน,118+182,2903,265,17,17,29,4350,270,202,401,170,8624,12.621,7,1117,บุรีรัมย์,บุรีรัมย์
219,302,หัวถนน - บุรีรัมย์,133+000,2084,1613,42,38,46,5353,402,320,330,300,10528,13.636,20,1751,บุรีรัมย์,บุรีรัมย์
219,101,บรบือ - ยางสีสุราช,33+611,1913,1453,132,130,93,1497,509,255,155,127,6264,20.255,23,1414,มหาสารคาม,มหาสารคาม
219,102,ยางสีสุราช - ห้วยพลับพลา,60+118,1842,640,54,43,38,859,314,159,137,89,4174,18.687,3,1265,มหาสารคาม,มหาสารคาม
219,101,บรบือ - ยางสีสุราช,21+321,1494,1260,65,80,69,1932,789,321,121,119,6250,23.977,19,906,มหาสารคาม,มหาสารคาม
219,102,ยางสีสุราช - ห้วยพลับพลา,69+218,1042,159,70,53,42,2299,153,120,70,45,4051,11.897,3,1377,มหาสารคาม,มหาสารคาม
219,102,ยางสีสุราช - ห้วยพลับพลา,78+289,1016,978,81,50,61,3086,273,168,164,118,5995,13.907,29,1114,มหาสารคาม,มหาสารคาม
220,101,ศรีสะเกษ - วังหิน,12+500,6677,1984,104,77,63,3933,2433,203,129,191,15793,19.598,14,2371,ศรีสะเกษที่ 1,ศรีสะเกษ
220,102,วังหิน - ขุขันธ์,48+370,3094,1237,64,97,63,5943,596,148,132,162,11537,10.394,39,4005,ศรีสะเกษที่ 1,ศรีสะเกษ
221,101,ศรีสะเกษ - ภูเงิน,4+780,6983,2296,278,78,103,9530,321,220,210,77,20094,5.019,7,4494,ศรีสะเกษที่ 2,ศรีสะเกษ
221,101,ศรีสะเกษ - ภูเงิน,24+360,5114,766,65,48,57,8192,346,143,121,75,14928,5.294,16,3206,ศรีสะเกษที่ 2,ศรีสะเกษ
221,103,แยกการช่าง - เชิงบันไดเขาพระวิหาร,55+100,4944,2925,25,24,19,4664,262,211,191,59,13325,5.751,10,6170,ศรีสะเกษที่ 2,ศรีสะเกษ
221,103,แยกการช่าง - เชิงบันไดเขาพระวิหาร,74+675,1020,545,39,25,22,3324,155,136,199,134,5597,11.977,32,1864,ศรีสะเกษที่ 2,ศรีสะเกษ
221,102,ภูเงิน - แยกการช่าง,51+400,609,206,27,8,9,1382,34,17,19,9,2321,4.183,4,908,ศรีสะเกษที่ 2,ศรีสะเกษ
221,103,แยกการช่าง - เชิงบันไดเขาพระวิหาร,87+500,120,33,8,0,2,488,50,6,0,0,707,8.239,12,363,ศรีสะเกษที่ 2,ศรีสะเกษ
222,201,หนองแวง - ท่ากกแดง,42+700,3626,1357,32,16,27,2582,319,260,328,195,8743,13.103,19,1181,บึงกาฬ,สกลนคร
222,202,ท่ากกแดง - บึงกาฬ,80+000,3592,3212,95,94,90,2578,662,535,530,593,11979,20.898,41,2718,บึงกาฬ,บึงกาฬ
222,202,ท่ากกแดง - บึงกาฬ,120+000,2581,1790,103,65,85,2564,311,216,212,199,8125,13.382,110,2155,บึงกาฬ,บึงกาฬ
222,202,ท่ากกแดง - บึงกาฬ,61+385,1838,694,89,32,43,2398,240,188,200,144,5867,14.444,29,1060,บึงกาฬ,บึงกาฬ
222,102,เดื่อศรีคันไชย - หนองแวง,16+225,1341,457,45,6,21,3341,202,56,69,30,5565,6.875,15,1360,สกลนครที่ 2 (สว่างแดนดิน),สกลนคร
223,100,สกลนคร - นาแก,2+500,4836,1353,118,38,32,10794,344,220,72,67,17874,4.326,102,4602,สกลนครที่ 1,สกลนคร
223,200,นาแก - บ้านต้อง,48+999,3780,913,75,43,39,1417,274,183,196,120,7041,12.149,47,1795,นครพนม,นครพนม
223,100,สกลนคร - นาแก,42+617,3071,331,47,14,31,6091,172,94,102,26,9979,4.395,12,3471,สกลนครที่ 1,นครพนม
223,100,สกลนคร - นาแก,19+567,2907,1416,120,29,33,6741,418,164,106,96,12030,7.035,99,2917,สกลนครที่ 1,สกลนคร
224,100,นครราชสีมา - หัวทะเล,2+535,21985,17076,1516,1173,1808,7718,1843,1204,795,885,56003,13.764,71,13767,นครราชสีมาที่ 2,นครราชสีมา
224,201,หัวทะเล - โชคชัย,19+468,11912,9079,609,577,592,10973,901,721,718,521,36602,11.008,159,8809,นครราชสีมาที่ 3,นครราชสีมา
224,203,พะโค - หนองสนวน,91+671,6376,6081,563,381,348,6089,3535,2368,2298,1956,29995,36.294,346,5125,นครราชสีมาที่ 3,นครราชสีมา
224,203,พะโค - หนองสนวน,37+259,5586,5723,642,560,439,6873,3279,2633,2500,2739,30973,39.223,269,5361,นครราชสีมาที่ 3,นครราชสีมา
224,203,พะโค - หนองสนวน,61+171,3737,3511,345,338,312,3748,1990,1615,1578,1366,18540,38.828,366,5121,นครราชสีมาที่ 3,นครราชสีมา
224,302,หนองต้อ - ตาเมียง,168+635,2033,215,23,7,3,2252,219,110,188,106,5157,12.292,3,1898,บุรีรัมย์,บุรีรัมย์
224,400,ตาเมียง - หินโคน,221+381,1404,55,25,3,1,93,50,17,13,29,1689,6.694,42,932,สุรินทร์,สุรินทร์
224,302,หนองต้อ - ตาเมียง,175+376,1069,51,5,1,0,1200,112,18,53,10,2519,7.706,3,976,บุรีรัมย์,บุรีรัมย์
224,400,ตาเมียง - หินโคน,202+966,842,283,26,1,1,589,153,110,185,58,2249,22.6,25,492,สุรินทร์,สุรินทร์
224,301,หนองสนวน - หนองต้อ,124+667,810,80,16,9,13,909,124,75,59,41,2137,15.072,10,664,บุรีรัมย์,บุรีรัมย์
225,402,หนองบัวระเหว - ชัยภูมิ,243+040,5912,2192,2,15,16,9162,468,228,114,78,18187,5.055,10,3880,ชัยภูมิ,ชัยภูมิ
225,300,ศรีมงคล - น้ำอ้อม,118+082,4686,763,99,43,0,5286,690,310,254,178,12308,11.979,30,4381,เพชรบูรณ์ที่ 2 (บึงสามพัน),เพชรบูรณ์
225,100,แยกบึงบอระเพ็ด - เกรียงไกรกลาง,2+500,3893,3140,0,0,145,4164,1284,2251,841,744,16461,31.978,75,4346,นครสวรรค์ที่ 1,นครสวรรค์
225,401,น้ำอ้อม - หนองบัวระเหว,218+282,2995,3056,7,3,10,3486,661,525,423,389,11556,17.415,10,1154,ชัยภูมิ,ชัยภูมิ
225,401,น้ำอ้อม - หนองบัวระเหว,209+000,2973,344,6,8,24,236,118,64,49,58,3880,8.272,1,781,ชัยภูมิ,ชัยภูมิ
225,201,เกรียงไกรกลาง - เกยไชย,22+000,2670,2087,0,0,21,1631,178,199,217,86,7088,9.878,9,1714,นครสวรรค์ที่ 2 (ตากฟ้า),นครสวรรค์
225,202,เกยไชย - ศรีมงคล,47+525,1101,1040,10,3,3,1558,134,107,85,41,4083,9.147,6,794,นครสวรรค์ที่ 2 (ตากฟ้า),นครสวรรค์
225,202,เกยไชย - ศรีมงคล,42+500,1058,881,8,0,0,1480,118,83,63,46,3736,8.285,6,749,นครสวรรค์ที่ 2 (ตากฟ้า),นครสวรรค์
225,202,เกยไชย - ศรีมงคล,76+582,1030,138,17,0,0,1730,106,115,145,98,3381,13.75,7,592,นครสวรรค์ที่ 2 (ตากฟ้า),นครสวรรค์
225,300,ศรีมงคล - น้ำอ้อม,128+809,1012,1010,18,3,0,3216,572,161,156,42,6191,15.108,18,1157,เพชรบูรณ์ที่ 2 (บึงสามพัน),เพชรบูรณ์
225,300,ศรีมงคล - น้ำอ้อม,138+907,914,226,13,10,0,2111,177,67,82,37,3636,10.27,9,1000,เพชรบูรณ์ที่ 2 (บึงสามพัน),เพชรบูรณ์
226,500,ห้วยขะยุง - วารินชำราบ,331+384,13164,15712,131,72,61,656,732,211,49,124,30912,4.042,43,6748,อุบลราชธานีที่ 1,อุบลราชธานี
226,301,ลำน้ำชี - บ้านพม่า,175+562,9077,1373,183,151,35,1648,697,493,325,218,14201,13.519,12,3514,สุรินทร์,สุรินทร์
226,100,หัวทะเล - หนองกระทิง,1+850,8051,7257,363,274,409,619,375,340,200,112,17999,9.499,48,4594,นครราชสีมาที่ 3,นครราชสีมา
226,402,ศรีสะเกษ - ห้วยขะยุง,278+212,6563,4453,225,126,136,8188,1203,420,249,145,21707,10.497,6,6148,ศรีสะเกษที่ 1,ศรีสะเกษ
226,203,หนองม้า - กระสัง,108+798,6091,4454,94,86,70,10113,282,200,86,54,21529,3.607,16,4316,บุรีรัมย์,บุรีรัมย์
226,402,ศรีสะเกษ - ห้วยขะยุง,300+712,5953,1283,11,27,50,5966,509,300,164,171,14436,8.473,20,2050,ศรีสะเกษที่ 1,ศรีสะเกษ
226,402,ศรีสะเกษ - ห้วยขะยุง,311+884,5912,1558,31,35,35,4409,437,233,148,91,12890,7.611,3,589,ศรีสะเกษที่ 1,ศรีสะเกษ
226,301,ลำน้ำชี - บ้านพม่า,162+592,5229,560,80,9,62,3766,826,222,212,210,11174,13.788,8,2248,สุรินทร์,สุรินทร์
226,204,กระสัง - ระกา,118+173,4692,536,8,2,10,5487,514,368,354,370,12340,13.114,6,2731,บุรีรัมย์,บุรีรัมย์
226,401,ห้วยทับทัน - ศรีสะเกษ,269+089,4655,3036,106,55,87,4076,601,292,202,98,13208,10.108,2,2453,ศรีสะเกษที่ 1,ศรีสะเกษ
226,204,กระสัง - ระกา,126+798,4588,665,33,29,26,4166,570,311,170,127,10684,11.534,13,3441,บุรีรัมย์,บุรีรัมย์
226,302,บ้านพม่า - ห้วยทับทัน,212+482,3305,962,31,0,27,3504,496,230,397,192,9144,14.676,9,2355,สุรินทร์,สุรินทร์
226,401,ห้วยทับทัน - ศรีสะเกษ,253+053,3194,3580,50,2,26,4185,515,289,279,199,12320,10.633,4,2149,ศรีสะเกษที่ 1,ศรีสะเกษ
226,100,หัวทะเล - หนองกระทิง,51+398,2934,3341,240,158,99,892,479,492,214,123,8971,17.441,46,1305,นครราชสีมาที่ 3,นครราชสีมา
226,205,ระกา - ลำน้ำชี,155+428,2775,1326,50,25,38,4623,367,284,206,129,9823,10.673,4,1935,บุรีรัมย์,บุรีรัมย์
226,201,หนองกระทิง - ลำปลายมาศ,84+098,2685,694,37,51,75,3503,413,572,558,487,9076,23.77,3,2034,บุรีรัมย์,บุรีรัมย์
226,100,หัวทะเล - หนองกระทิง,66+980,2681,3144,107,74,66,1924,636,288,219,113,9253,15.095,36,1219,นครราชสีมาที่ 3,นครราชสีมา
226,201,หนองกระทิง - ลำปลายมาศ,90+498,2414,536,53,56,106,2906,461,581,582,537,8232,28.233,6,2260,บุรีรัมย์,บุรีรัมย์
226,401,ห้วยทับทัน - ศรีสะเกษ,246+405,2355,131,13,27,18,2243,255,187,234,139,5603,15.369,1,1252,ศรีสะเกษที่ 1,ศรีสะเกษ
226,302,บ้านพม่า - ห้วยทับทัน,225+572,1805,485,49,1,27,1928,352,193,272,119,5231,18.428,0,521,สุรินทร์,สุรินทร์
227,102,แยกดงแหลม - ลำพันชาด,77+000,4032,3253,120,134,128,2715,2189,1413,1154,988,16124,37.243,103,3072,กาฬสินธุ์,กาฬสินธุ์
227,102,แยกดงแหลม - ลำพันชาด,66+750,3901,2585,153,152,162,2711,2578,1246,1110,524,15123,38.169,133,3788,กาฬสินธุ์,กาฬสินธุ์
227,301,บ้านผาสุก - วาริชภูมิ,123+000,3158,2778,225,206,140,2015,1079,959,742,604,11906,31.338,412,2414,สกลนครที่ 2 (สว่างแดนดิน),สกลนคร
227,301,บ้านผาสุก - วาริชภูมิ,145+320,2856,818,158,80,39,2245,278,77,48,30,6628,8.306,109,2257,สกลนครที่ 2 (สว่างแดนดิน),สกลนคร
227,301,บ้านผาสุก - วาริชภูมิ,153+063,2373,424,49,42,3,2810,268,83,45,29,6126,7.681,1,1798,สกลนครที่ 2 (สว่างแดนดิน),สกลนคร
227,200,ลำพันชาด - บ้านผาสุก,93+557,1589,909,74,29,24,2681,434,297,228,171,6436,18.385,4,1694,อุดรธานีที่ 2 (หนองหาน),อุดรธานี
227,101,กาฬสินธุ์ - แยกดงแหลม,33+700,1197,843,59,54,62,1841,210,207,199,170,4841,18.613,96,1464,กาฬสินธุ์,กาฬสินธุ์
227,200,ลำพันชาด - บ้านผาสุก,87+967,999,650,24,13,19,1912,355,218,185,130,4506,20.431,3,1128,อุดรธานีที่ 2 (หนองหาน),อุดรธานี
227,101,กาฬสินธุ์ - แยกดงแหลม,4+000,990,807,71,40,37,908,525,448,272,244,4342,36.06,45,987,กาฬสินธุ์,กาฬสินธุ์
228,202,ศรีบุญเรือง - วังหมื่น,84+384,8197,7915,74,40,25,1839,604,385,461,338,19878,9.325,13,3455,หนองบัวลำภู,หนองบัวลำภู
228,202,ศรีบุญเรือง - วังหมื่น,57+210,4538,2115,43,13,22,1610,998,531,449,272,10591,21.568,5,1862,หนองบัวลำภู,หนองบัวลำภู
228,100,ชุมแพ - ห้วยสายหนัง,0+423,2215,2169,218,211,219,9931,1005,865,802,656,18290,20.545,84,4817,ขอนแก่นที่ 2 (ชุมแพ),ขอนแก่น
229,101,บ้านไผ่ - มัญจาคีรี,6+595,4305,1046,19,11,26,4898,477,281,182,203,11450,10.314,16,2207,ขอนแก่นที่ 3 (บ้านไผ่),ขอนแก่น
229,102,มัญจาคีรี - ห้วยสามหมอ,46+973,4066,4114,501,216,191,1550,1327,1310,1251,1146,15671,34.713,220,1358,ขอนแก่นที่ 3 (บ้านไผ่),ขอนแก่น
230,101,ถนนวงแหวนรอบเมืองขอนแก่นด้านทิศตะวันตก,11+000,14424,8365,199,199,201,1254,1473,1525,1284,971,29893,18.908,179,2973,ขอนแก่นที่ 1,ขอนแก่น
230,102,ถนนวงแหวนรอบเมืองขอนแก่นด้านทิศตะวันออก,35+000,5197,5021,0,0,844,5771,892,1201,1296,1147,21369,25.179,30,3151,ขอนแก่นที่ 1,ขอนแก่น
231,101,ถนนวงแหวนรอบเมืองอุบลราชธานี,8+150,22712,16380,91,86,186,9119,1158,859,8,25,50624,4.587,34,6495,อุบลราชธานีที่ 1,อุบลราชธานี
231,200,ถนนวงแหวนรอบเมืองอุบลราชธานี,30+400,2124,1800,0,0,0,4604,759,508,267,61,10124,15.76,48,1825,อุบลราชธานีที่ 2,อุบลราชธานี
232,100,ถนนวงแหวนรอบเมืองร้อยเอ็ด,20+116,4704,2534,50,31,26,4124,706,590,429,288,13484,15.357,11,2499,ร้อยเอ็ด,ร้อยเอ็ด
232,100,ถนนวงแหวนรอบเมืองร้อยเอ็ด,14+500,4520,2363,73,55,42,3956,742,644,448,294,13138,16.935,7,2314,ร้อยเอ็ด,ร้อยเอ็ด
232,100,ถนนวงแหวนรอบเมืองร้อยเอ็ด,1+500,2976,1252,0,0,0,3045,681,480,504,386,9323,21.989,4,949,ร้อยเอ็ด,ร้อยเอ็ด
234,100,ทางเลี่ยงเมืองเพชรบูรณ์,9+000,1059,785,25,14,2,2151,214,190,204,196,4839,16.946,130,876,เพชรบูรณ์ที่ 1,เพชรบูรณ์
238,100,ทางเลี่ยงเมืองมุกดาหาร,4+963,2350,1091,93,29,21,2571,582,633,806,979,9154,33.313,160,1779,มุกดาหาร,มุกดาหาร
241,100,ทางเลี่ยงเมืองสกลนคร,5+000,4552,3832,171,195,185,7569,1104,657,506,401,19172,15.899,96,3021,สกลนครที่ 1,สกลนคร
242,101,หนองคาย - หนองบัว,1+189,6279,2396,1010,596,481,1881,1223,987,752,707,16311,29.093,1079,4498,หนองคาย,หนองคาย
243,100,หนองคาย - ด่านพรมแดนสะพานมิตรภาพไทย/ลาว,1+000,10891,4358,2267,791,608,2894,1667,1012,1064,917,26470,22.893,2185,4042,หนองคาย,หนองคาย
288,100,ถนนวงแหวนรอบเมืองบุรีรัมย์,2+100,6649,2515,410,158,193,12585,691,383,175,35,23793,6.869,30,11705,บุรีรัมย์,บุรีรัมย์
288,100,ถนนวงแหวนรอบเมืองบุรีรัมย์,11+467,3389,2846,203,89,55,7827,263,226,65,35,14998,4.889,18,3220,บุรีรัมย์,บุรีรัมย์
290,102,ถนนวงแหวนรอบเมืองนครราชสีมาด้านทิศใต้,109+236,1891,394,42,30,53,2796,434,495,425,434,6993,26.735,53,331,นครราชสีมาที่ 2,นครราชสีมา
291,100,ทางเลี่ยงเมืองมหาสารคาม,13+853,9602,6529,132,93,82,9567,1062,441,164,119,27792,7.056,54,7135,มหาสารคาม,มหาสารคาม
291,100,ทางเลี่ยงเมืองมหาสารคาม,6+718,9562,6786,144,118,250,8521,1077,767,196,116,27538,9.17,59,7245,มหาสารคาม,มหาสารคาม
291,100,ทางเลี่ยงเมืองมหาสารคาม,2+010,9397,8704,108,113,90,9366,1018,211,186,128,29322,5.955,29,7697,มหาสารคาม,มหาสารคาม
292,100,ทางเลี่ยงเมืองยโสธร,3+600,8944,2505,88,88,106,6344,672,490,236,140,19613,8.834,17,4239,ยโสธร,ยโสธร
293,100,ถนนวงแหวนรอบเมืองสุรินทร์,32+535,3113,736,1,1,17,3295,785,637,772,604,9961,28.273,5,1149,สุรินทร์,สุรินทร์
293,100,ถนนวงแหวนรอบเมืองสุรินทร์,1+177,2489,376,65,11,3,1372,416,160,273,148,5313,19.046,4,1053,สุรินทร์,สุรินทร์
294,100,ทางเลี่ยงเมืองศรีสะเกษ,1+500,7274,3875,6,1,1,2162,842,667,533,363,15724,15.311,6,2915,ศรีสะเกษที่ 1,ศรีสะเกษ
299,101,ลำน้ำพาน - หนองผ้าอ้อม,4+619,4349,3165,287,249,259,3754,1023,512,447,378,14422,19.884,139,3537,กาฬสินธุ์,กาฬสินธุ์
299,300,คำพอก - หนองบง,117+825,4219,3262,137,19,303,5722,83,79,57,53,13934,4.262,33,3435,มุกดาหาร,มุกดาหาร
299,200,สี่แยกสมเด็จ - คำพอก,57+605,2812,1470,58,18,21,5007,466,298,357,265,10772,13.232,10,1705,สกลนครที่ 1,กาฬสินธุ์
299,101,ลำน้ำพาน - หนองผ้าอ้อม,19+604,2332,1799,123,104,105,1794,252,235,210,211,7167,15.602,170,1840,กาฬสินธุ์,กาฬสินธุ์
299,200,สี่แยกสมเด็จ - คำพอก,73+405,1843,990,46,49,89,3016,359,224,323,220,7160,17.658,46,1496,สกลนครที่ 1,กาฬสินธุ์
301,100,คลองบางเขน - ติวานนท์,5+075,63320,38755,1532,1522,2910,19512,971,89,0,0,128611,4.271,0,27301,นนทบุรี,นนทบุรี
302,202,สะพานพระนั่งเกล้า - ต่างระดับบางใหญ่,12+500,76548,12109,2154,2298,3761,16158,3228,1800,1444,1424,120923,11.54,16,13953,นนทบุรี,นนทบุรี
302,201,แยกพงษ์เพชร - สะพานพระนั่งเกล้า,5+822,59216,56899,1267,1101,1960,4766,2128,0,0,0,127336,4.075,0,30757,นนทบุรี,นนทบุรี
303,100,ราษฎร์บูรณะ - พระสมุทรเจดีย์,14+000,31303,11357,2768,2435,1046,27605,2211,1954,1846,616,83140,12.157,361,19715,สมุทรปราการ,สมุทรปราการ
304,100,ปากเกร็ด - คลองประปา,4+750,31834,25581,3523,841,3051,12583,875,0,0,0,78286,6.088,0,32974,นนทบุรี,นนทบุรี
304,201,คลองประปา - คันนายาว,18+610,31073,29656,58,95,3166,3832,220,192,174,215,68680,5.913,18,2644,กรุงเทพ,กรุงเทพมหานคร
304,201,คลองประปา - คันนายาว,7+050,27601,29416,88,61,2534,3483,148,75,136,142,63685,4.862,0,2652,กรุงเทพ,กรุงเทพมหานคร
304,303,เสม็ดเหนือ - พนมสารคาม,88+916,23207,11423,614,0,731,9329,6058,2917,2139,2106,58525,23.837,31,2036,ฉะเชิงเทรา,ฉะเชิงเทรา
304,203,แยกเข้ามีนบุรี - คลองหลวงแพ่ง,28+250,19439,12902,2911,2358,2727,9747,3827,2837,1666,578,58993,23.722,480,9537,กรุงเทพ,กรุงเทพมหานคร
304,501,วังน้ำเขียว - ดอนขวาง,255+015,16870,5712,50,50,45,3286,2821,2314,2125,2224,35496,26.985,38,4337,นครราชสีมาที่ 3,นครราชสีมา
304,203,แยกเข้ามีนบุรี - คลองหลวงแพ่ง,40+107,12985,9422,3120,0,2988,6508,3091,3016,3087,3095,47311,32.29,1736,3888,กรุงเทพ,กรุงเทพมหานคร
304,403,สี่แยกกบินทร์บุรี - วังน้ำเขียว,166+650,10370,1876,74,46,62,3113,2547,1685,2308,3113,25195,38.74,23,2677,ปราจีนบุรี,ปราจีนบุรี
304,402,ลาดตะเคียน - สี่แยกกบินทร์บุรี,165+136,10339,4238,111,24,79,6488,1952,1707,1883,1944,28766,26.383,12,2035,ปราจีนบุรี,ปราจีนบุรี
304,304,พนมสารคาม - เขาหินซ้อน,125+322,9908,4084,71,58,531,11253,3697,3660,3618,3962,40843,38.016,15,2716,ฉะเชิงเทรา,ฉะเชิงเทรา
304,402,ลาดตะเคียน - สี่แยกกบินทร์บุรี,153+785,8728,2720,193,29,122,7287,1983,1582,1797,1590,26030,27.283,21,1634,ปราจีนบุรี,ปราจีนบุรี
304,502,ดอนขวาง - โพธิ์กลาง,268+547,8222,5804,25,91,15,11609,820,868,917,891,29263,12.31,4,5793,นครราชสีมาที่ 3,นครราชสีมา
304,502,ดอนขวาง - โพธิ์กลาง,283+515,7725,6676,7,122,18,9334,716,728,683,643,26652,10.919,4,5503,นครราชสีมาที่ 3,นครราชสีมา
304,403,สี่แยกกบินทร์บุรี - วังน้ำเขียว,205+460,6775,1613,59,43,25,1728,871,664,628,1530,13937,26.993,18,917,ปราจีนบุรี,ปราจีนบุรี
304,401,เขาหินซ้อน - ลาดตะเคียน,129+716,6581,7371,428,373,340,6190,5243,6991,6769,2740,43027,52.192,18,5107,ปราจีนบุรี,ปราจีนบุรี
304,502,ดอนขวาง - โพธิ์กลาง,269+615,6034,4230,14,81,18,7862,798,603,659,966,21266,14.699,5,3287,นครราชสีมาที่ 3,นครราชสีมา
305,100,ต่างระดับรังสิต - วัดนาบุญ,4+550,49537,48858,11148,9284,8453,11408,8368,2229,1470,1316,152072,20.464,8,10601,ปทุมธานี,ปทุมธานี
305,201,วัดนาบุญ - คลอง14,25+870,11652,3824,206,368,25,10432,643,972,643,296,29060,10.14,15,2113,นครนายก,ปทุมธานี
305,203,องครักษ์ - นครนายก,54+100,5594,5701,202,344,74,2901,932,828,901,341,17819,19.196,103,665,นครนายก,นครนายก
306,101,พระราม7 - แคราย,1+000,55499,38389,2718,1868,4799,1784,787,0,0,0,105845,7.043,0,21169,นนทบุรี,กรุงเทพมหานคร
306,102,แคราย - คลองบ้านใหม่,19+390,26162,9321,1407,1087,5308,4582,1126,1851,0,0,50845,18.435,0,16698,นนทบุรี,นนทบุรี
307,101,แยกสวนสมเด็จ - สะพานนนทบุรี,0+100,49871,51517,1163,1070,2147,30568,4201,1922,0,0,142459,6.556,0,22746,นนทบุรี,นนทบุรี
308,100,ทางเข้าบางปะอิน,1+609,8220,6992,2756,2104,1701,5146,2671,1541,1557,1485,34172,32.36,163,4662,อยุธยา,พระนครศรีอยุธยา
309,102,บ้านสร้าง - ทางแยกต่างระดับอยุธยา,10+337,10194,9693,2909,2587,2629,2673,2607,2442,1802,1497,39034,34.751,0,7206,อยุธยา,พระนครศรีอยุธยา
309,103,ทางแยกต่างระดับอยุธยา - อยุธยา,18+000,9135,9452,3028,2342,2571,2771,2348,365,147,97,32256,24.403,0,6711,อยุธยา,พระนครศรีอยุธยา
309,202,แยกที่ดิน - ไชโย,54+900,6449,1020,15,32,21,677,252,10,17,9,8503,4.016,14,4073,อ่างทอง,อ่างทอง
309,201,บางเสด็จ - แยกที่ดิน,43+000,6216,847,97,124,50,894,283,287,400,286,9485,15.075,25,2344,อ่างทอง,อ่างทอง
309,104,อยุธยา - บางเสด็จ,36+637,4434,4016,106,673,191,4526,956,748,646,435,16731,21.81,12,4118,อยุธยา,พระนครศรีอยุธยา
309,104,อยุธยา - บางเสด็จ,25+200,4165,3792,419,222,1323,2072,836,628,723,468,14647,28.671,15,3363,อยุธยา,พระนครศรีอยุธยา
309,202,แยกที่ดิน - ไชโย,67+000,2610,368,56,6,37,791,122,25,11,9,4035,5.208,9,1840,อ่างทอง,อ่างทอง
309,301,ไชโย - ทางแยกวัดสว่างอารมณ์,78+000,1514,138,13,9,13,649,180,53,140,30,2739,15.513,15,827,สิงห์บุรี,สิงห์บุรี
310,100,ทางเข้าพระพุทธบาทสระบุรี,0+500,6059,5195,1610,1588,982,6079,2698,2808,2522,2313,31854,40.529,290,5021,สระบุรี,สระบุรี
311,100,ลพบุรี - แยกวัดสนามไชย,5+768,12779,5885,215,116,158,2009,418,59,0,1,21641,3.478,17,6839,ลพบุรีที่ 1,ลพบุรี
311,201,แยกวัดสนามไชย - วัดกระดังงา,15+977,8824,852,86,27,119,2438,500,318,397,673,14234,14.29,11,2281,สิงห์บุรี,ลพบุรี
311,300,บ้านม้า - ชัยนาท,64+242,1452,644,8,6,32,1800,222,119,78,31,4390,11.082,11,1835,ชัยนาท,ชัยนาท
314,101,บางปะกง - แสนภูดาษ,4+688,5969,5624,4882,5126,5016,7635,6226,6009,5773,5287,57546,58.103,0,4629,ฉะเชิงเทรา,ฉะเชิงเทรา
315,200,หัวไผ่ - ชลบุรี,40+651,19556,17179,5913,3732,4058,23435,8546,5302,5376,5151,98248,32.739,33,9582,ชลบุรีที่ 1,ชลบุรี
315,200,หัวไผ่ - ชลบุรี,32+914,17966,13347,397,403,717,3032,753,1588,787,678,39669,12.418,19,2231,ชลบุรีที่ 1,ชลบุรี
315,200,หัวไผ่ - ชลบุรี,11+500,5235,4631,1896,1762,1762,9862,3727,2534,2533,2355,36298,40.425,33,3510,ชลบุรีที่ 1,ชลบุรี
316,100,เขาไร่ยา - จันทบุรี,3+000,11921,4644,2239,1469,731,20646,477,443,94,85,42748,7.716,74,13284,จันทบุรี,จันทบุรี
317,101,ปากแซง - หน้าค่ายตชด.,0+500,11768,5018,13,22,54,15246,1332,517,183,111,34263,6.473,11,5350,จันทบุรี,จันทบุรี
317,103,พังงอน - เขาแหลม,63+000,6867,265,42,45,53,9763,409,248,153,152,17996,5.883,18,3017,จันทบุรี,จันทบุรี
317,103,พังงอน - เขาแหลม,57+600,5208,441,37,29,27,5227,235,215,235,215,11869,8.054,23,1704,จันทบุรี,จันทบุรี
317,102,หน้าค่ายตชด. - พังงอน,35+000,4367,3732,51,56,35,9056,668,307,251,137,18662,7.797,27,2475,จันทบุรี,จันทบุรี
317,200,เขาแหลม - สระแก้ว,95+500,3943,3887,17,19,41,5577,453,453,433,392,15215,11.778,32,2963,สระแก้ว (วัฒนานคร),สระแก้ว
317,200,เขาแหลม - สระแก้ว,114+500,3829,3254,23,26,42,6082,555,729,685,505,15730,16.162,17,3222,สระแก้ว (วัฒนานคร),สระแก้ว
317,200,เขาแหลม - สระแก้ว,129+494,3732,3775,21,18,47,8595,632,594,643,377,18433,12.534,13,2867,สระแก้ว (วัฒนานคร),สระแก้ว
319,200,โคกไทย - พนมสารคาม,47+054,7515,5531,2,21,42,8067,2151,2349,1695,1585,28958,27.083,10,3391,ฉะเชิงเทรา,ฉะเชิงเทรา
319,103,ไผ่ชะเลือด - โคกไทย,31+465,5013,2056,75,67,47,3570,1694,1172,940,850,15483,30.803,18,2602,ปราจีนบุรี,ปราจีนบุรี
319,103,ไผ่ชะเลือด - โคกไทย,35+006,3035,2179,61,26,29,1140,947,852,786,650,9703,33.898,25,1848,ปราจีนบุรี,ปราจีนบุรี
319,102,ปราจีนบุรี - ไผ่ชะเลือด,12+138,2509,1469,59,48,65,823,796,620,561,453,7404,34.351,23,917,ปราจีนบุรี,ปราจีนบุรี
320,100,ศาลนเรศวร - สถานีรถไฟปราจีนบุรี,2+156,4211,2758,127,191,139,4257,1516,123,142,146,13609,16.583,49,3013,ปราจีนบุรี,ปราจีนบุรี
321,300,ดอนแจง - สุพรรณบุรี,105+150,15435,7962,313,71,74,5224,302,65,10,19,29475,1.837,38,8101,สุพรรณบุรีที่ 1,สุพรรณบุรี
321,102,หนองปลาไหล - กำแพงแสน,22+800,11796,11542,6445,6041,1355,5809,6773,8798,8404,5270,72230,50.725,209,9267,นครปฐม,นครปฐม
321,101,นครปฐม - หนองปลาไหล,9+150,5877,4538,1495,1446,1368,10528,5505,5772,4042,1752,42323,46.984,1179,8100,นครปฐม,นครปฐม
321,203,วังขอน - ดอนแจง,77+925,4933,3125,22,69,39,8099,699,527,1076,649,19235,15.895,11,2389,สุพรรณบุรีที่ 2 (อู่ทอง),สุพรรณบุรี
321,201,กำแพงแสน - ทุ่งคอก,48+551,3628,2186,9,112,16,8023,642,954,2479,1490,19540,29.137,22,1707,สุพรรณบุรีที่ 2 (อู่ทอง),สุพรรณบุรี
322,100,อู่ยา - ดอนเจดีย์,13+600,3794,1801,57,39,6,2202,225,119,97,48,8388,6.359,9,1503,สุพรรณบุรีที่ 1,สุพรรณบุรี
323,100,หนองตะแครง - ลูกแก,8+360,12661,8520,1016,555,471,10272,1838,1698,1856,1482,40370,19.569,35,6179,ราชบุรี,ราชบุรี
323,202,หนองเสือ - ท่าน้ำตื้น,64+650,12409,9487,134,146,140,11751,130,70,25,0,34293,1.492,2,7327,กาญจนบุรี,กาญจนบุรี
323,202,หนองเสือ - ท่าน้ำตื้น,54+240,12274,10561,96,33,143,13142,212,139,105,30,36736,1.803,0,5018,กาญจนบุรี,กาญจนบุรี
323,100,หนองตะแครง - ลูกแก,1+360,11278,4927,586,660,541,12370,2217,2161,2202,1573,38515,24.286,33,6951,ราชบุรี,ราชบุรี
323,202,หนองเสือ - ท่าน้ำตื้น,43+660,10976,9690,0,0,78,12202,516,268,220,56,34006,3.348,0,5065,กาญจนบุรี,กาญจนบุรี
323,100,หนองตะแครง - ลูกแก,11+624,10154,7853,1593,758,820,9301,1807,1691,1423,1010,36411,20.624,24,8260,ราชบุรี,ราชบุรี
323,202,หนองเสือ - ท่าน้ำตื้น,65+600,9237,4692,154,144,161,10532,415,187,37,21,25580,3.768,0,5278,กาญจนบุรี,กาญจนบุรี
323,201,ลูกแก - หนองเสือ,28+050,6361,4350,9,23,35,5982,777,1310,1152,771,20771,19.585,5,1203,กาญจนบุรี,กาญจนบุรี
323,203,ท่าน้ำตื้น - หนองสามพราน,77+350,3097,2032,27,22,24,2766,64,88,40,9,8169,3.02,3,972,กาญจนบุรี,กาญจนบุรี
323,205,แก่งประลอม - ทองผาภูมิ,156+712,2247,314,10,93,45,2494,196,122,129,72,5722,11.477,4,1481,กาญจนบุรี,กาญจนบุรี
323,205,แก่งประลอม - ทองผาภูมิ,176+012,2015,1110,81,142,40,2074,190,121,108,63,5943,11.164,2,1977,กาญจนบุรี,กาญจนบุรี
323,204,หนองสามพราน - แก่งประลอม,121+012,1502,740,136,34,73,3666,151,121,90,51,6565,7.933,18,1605,กาญจนบุรี,กาญจนบุรี
323,206,ทองผาภูมิ - เจดีย์สามองค์,207+226,1303,263,22,47,3,994,99,37,25,11,2804,7.943,3,870,กาญจนบุรี,กาญจนบุรี
323,206,ทองผาภูมิ - เจดีย์สามองค์,269+167,982,312,33,15,6,1787,122,21,46,13,3336,6.642,0,2253,กาญจนบุรี,กาญจนบุรี
323,206,ทองผาภูมิ - เจดีย์สามองค์,257+826,686,98,49,5,2,868,54,10,26,13,1811,6.053,0,380,กาญจนบุรี,กาญจนบุรี
324,100,กาญจนบุรี - หนองขาว,5+000,8890,7892,51,34,108,10596,175,69,57,17,27890,1.65,0,6026,กาญจนบุรี,กาญจนบุรี
324,201,หนองขาว - ตลาดเขต,12+910,4833,1466,27,23,33,6754,343,268,349,271,14369,8.958,13,2018,สุพรรณบุรีที่ 2 (อู่ทอง),กาญจนบุรี
324,201,หนองขาว - ตลาดเขต,40+000,4477,590,14,22,51,5897,360,448,466,304,12628,13.069,15,1712,สุพรรณบุรีที่ 2 (อู่ทอง),กาญจนบุรี
324,201,หนองขาว - ตลาดเขต,24+000,3971,553,17,5,32,5972,397,566,504,300,12318,14.65,11,1672,สุพรรณบุรีที่ 2 (อู่ทอง),กาญจนบุรี
325,101,บางแพ - บางพรม,3+500,6685,5827,1164,1196,858,7095,2797,2611,2296,552,31079,33.169,274,5851,สมุทรสงคราม,ราชบุรี
325,101,บางแพ - บางพรม,32+790,3298,3045,1283,1200,1444,2750,1449,1152,668,16,16306,36.366,215,2224,สมุทรสงคราม,สมุทรสงคราม
326,100,ทางเข้าประจวบคีรีขันธ์,0+500,5578,1270,0,0,0,1214,114,29,0,0,8205,1.74,70,4382,ประจวบคีรีขันธ์ (หัวหิน),ประจวบคีรีขันธ์
327,100,สี่แยกปฐมพร - แยกหมอเล็ก,2+400,9050,1453,178,34,25,8712,370,130,31,33,20016,3.115,10,7454,ชุมพร,ชุมพร
327,100,สี่แยกปฐมพร - แยกหมอเล็ก,6+900,6708,2478,184,35,24,6687,198,106,33,18,16471,2.517,54,3580,ชุมพร,ชุมพร
331,302,สี่แยกนาน้อย - เขาหินซ้อน,134+753,17020,3560,154,0,240,3770,3182,2804,3117,3382,37228,34.179,13,2331,ฉะเชิงเทรา,ฉะเชิงเทรา
331,102,เขาบายศรี - พันเสด็จนอก,44+258,16200,11548,393,333,690,12290,6855,3594,3302,731,55935,27.72,18,6346,ชลบุรีที่ 2,ชลบุรี
331,301,แปลงยาว - สี่แยกนาน้อย,110+447,12699,4145,32,33,94,4538,3298,3320,4514,2203,34875,38.6,12,1484,ฉะเชิงเทรา,ฉะเชิงเทรา
331,101,สัตหีบ - เขาบายศรี,5+663,9386,5872,869,472,436,4212,707,665,566,319,23503,13.465,5,2464,ชลบุรีที่ 2,ชลบุรี
331,104,เนินผาสุข - มาบเอียง,12+300,9061,5361,209,318,289,7853,4829,2973,3801,3329,38023,40.866,17,1696,ชลบุรีที่ 2,ชลบุรี
331,201,หนองปรือ - เนินโมก,68+900,5131,2437,522,505,593,5808,2020,2374,1733,2479,23603,41.116,10,2322,ชลบุรีที่ 1,ชลบุรี
331,202,เนินโมก - แปลงยาว,103+700,3820,3884,35,35,35,2278,2233,2111,2281,2352,19065,47.451,22,1375,ชลบุรีที่ 1,ชลบุรี
331,202,เนินโมก - แปลงยาว,94+900,3578,3467,35,33,38,2240,2157,1948,2203,2168,17868,47.836,19,1478,ชลบุรีที่ 1,ชลบุรี
332,100,เขาหาดยาว - ทุ่งโปร่ง,0+550,7586,6422,80,32,42,2320,370,318,32,7,17208,4.653,7,1992,ชลบุรีที่ 2,ชลบุรี
332,200,ทุ่งโปร่ง - สำนักท้อน,14+000,2362,1615,32,23,26,3292,278,263,67,46,8003,8.777,15,1549,ระยอง,ระยอง
333,200,สระกระโจม - บ้านไร่,64+000,6228,1730,38,27,5,5412,292,185,177,42,14137,5.154,7,5110,สุพรรณบุรีที่ 1,สุพรรณบุรี
333,302,การุ้ง - อุทัยธานี,163+011,4697,1203,102,16,15,3793,431,397,282,241,11177,12.365,31,2515,อุทัยธานี,อุทัยธานี
333,302,การุ้ง - อุทัยธานี,139+686,2744,1307,65,38,37,2899,899,634,664,691,9976,29.685,13,1581,อุทัยธานี,อุทัยธานี
333,302,การุ้ง - อุทัยธานี,113+236,2614,686,53,29,50,1484,429,467,448,314,6574,26.425,13,1806,อุทัยธานี,อุทัยธานี
333,303,อุทัยธานี - สะพานข้ามแม่น้ำเจ้าพระยา,176+946,2495,2397,23,13,9,2819,162,145,134,97,8294,6.747,13,1377,อุทัยธานี,นครสวรรค์
333,200,สระกระโจม - บ้านไร่,38+900,1601,566,46,13,3,1959,143,212,167,105,4815,13.354,6,455,สุพรรณบุรีที่ 1,สุพรรณบุรี
333,100,อู่ทอง - สระกระโจม,18+000,1558,448,19,10,2,2776,166,584,104,80,5747,16.455,6,1703,สุพรรณบุรีที่ 2 (อู่ทอง),สุพรรณบุรี
334,100,แยกต่างระดับอ่างทอง - บ้านรอ,1+400,19589,1414,388,225,287,3069,1366,966,1864,1808,30976,21.035,9,3975,อ่างทอง,อ่างทอง
335,100,แยกสิงห์เหนือ - สิงห์บุรี,0+500,5603,2047,63,38,47,3325,373,147,48,26,11717,5.8,13,3264,สิงห์บุรี,สิงห์บุรี
338,101,อรุณอมรินทร์ - พุทธมณฑลสาย4,9+281,62882,36414,0,0,4185,56671,1326,1492,1221,0,164189,5.008,0,21547,ธนบุรี,กรุงเทพมหานคร
338,101,อรุณอมรินทร์ - พุทธมณฑลสาย4,0+000,56708,35843,946,1132,4042,26537,337,232,55,0,125830,4.607,0,27209,ธนบุรี,กรุงเทพมหานคร
338,201,พุทธมณฑลสาย4 - นครชัยศรี,22+081,54173,47574,2010,4369,7705,6215,10393,6172,3233,2708,144552,23.922,0,1502,สมุทรสาคร,นครปฐม
338,102,ทางยกระดับบางกอกน้อย - นครชัยศรี,8+664,33461,30284,0,0,0,14211,0,0,0,0,77956,0,0,0,ธนบุรี,กรุงเทพมหานคร
338,102,ทางยกระดับบางกอกน้อย - นครชัยศรี,2+164,31386,29294,0,0,0,17659,0,0,0,0,78339,0,0,0,ธนบุรี,กรุงเทพมหานคร
340,200,ลาดบัวหลวง - สาลี,30+341,12662,3250,37,86,17,4769,1273,1101,1327,1648,26171,20.834,14,1252,สุพรรณบุรีที่ 2 (อู่ทอง),พระนครศรีอยุธยา
340,100,บางบัวทอง - ลาดบัวหลวง,7+941,11984,7339,489,489,429,10626,3040,2392,2131,2179,41098,25.939,302,4890,นนทบุรี,ปทุมธานี
340,301,สาลี - สุพรรณบุรี,74+491,9005,1236,166,112,31,10085,1091,720,777,611,23832,14.017,26,3625,สุพรรณบุรีที่ 1,สุพรรณบุรี
340,402,โรงพยาบาลสรรคบุรี - ชัยนาท,162+341,7191,2028,7,48,33,2998,975,709,292,223,14505,15.724,8,2559,ชัยนาท,ชัยนาท
340,301,สาลี - สุพรรณบุรี,49+941,6887,1104,99,99,78,8746,948,894,807,676,20340,17.222,24,717,สุพรรณบุรีที่ 1,สุพรรณบุรี
340,402,โรงพยาบาลสรรคบุรี - ชัยนาท,150+341,4571,2924,19,19,54,7313,830,666,1221,369,17986,17.564,5,1172,ชัยนาท,ชัยนาท
340,303,ศรีประจันต์ - ปากน้ำ,113+409,4306,4123,54,91,40,5303,717,521,729,380,16264,15.239,13,1887,สุพรรณบุรีที่ 1,สุพรรณบุรี
340,401,ปากน้ำ - โรงพยาบาลสรรคบุรี,135+143,1727,1332,132,138,103,782,769,724,533,385,6625,40.028,80,1066,ชัยนาท,ชัยนาท
344,102,หนองรี - หนองปรือ,6+665,48496,14022,1127,1027,1223,9760,8396,5079,1950,1920,92999,21.069,12,6511,ชลบุรีที่ 1,ชลบุรี
344,202,กระแสบน - แกลง,98+000,14204,2315,21,0,34,19070,772,909,628,742,38695,7.975,11,5086,ระยอง,ระยอง
344,102,หนองรี - หนองปรือ,16+470,12018,7392,509,542,1622,6830,2300,2241,2011,1731,37197,28.088,23,5728,ชลบุรีที่ 1,ชลบุรี
344,103,หนองปรือ - คลองเขต,48+725,9582,9439,19,26,21,4045,2484,2226,2003,1734,31580,26.896,12,1421,ชลบุรีที่ 1,ชลบุรี
345,100,บางบัวทอง - บางคูวัด,6+300,33815,9224,341,629,241,34401,3271,2619,1645,1669,87855,11.466,350,6638,นนทบุรี,นนทบุรี
345,200,บางคูวัด - บางพูน,16+425,29817,24121,10188,8145,8143,9802,8430,6831,4093,0,109570,32.53,0,12329,ปทุมธานี,ปทุมธานี
346,102,สะพานคลองเปรม - สะพานข้ามแม่น้ำเจ้าพระยาปทุมธานี,1+800,112570,9558,7831,7651,9371,8701,8220,7540,7039,5226,183707,24.521,0,57100,ปทุมธานี,ปทุมธานี
346,102,สะพานคลองเปรม - สะพานข้ามแม่น้ำเจ้าพระยาปทุมธานี,9+500,39706,36155,10848,9129,9304,11444,12135,13212,8217,5588,155738,36.975,0,30845,ปทุมธานี,ปทุมธานี
346,302,ลำลูกบัว - หนองกระทุ่ม,78+000,9277,9669,4876,4725,3459,4790,8224,9128,8671,8214,71033,59.72,237,7795,นครปฐม,นครปฐม
346,202,แยกนพวงศ์ - บางเลน,34+560,8786,3249,196,0,198,8775,1966,1896,1953,1813,28831,27.139,233,4469,นนทบุรี,นนทบุรี
346,103,สะพานข้ามแม่น้ำเจ้าพระยาปทุมธานี - ต่างระดับลาดหลุมแก้ว,15+000,6062,7057,3511,3285,2127,3850,4083,4401,4932,5102,44408,53.882,550,4911,ปทุมธานี,ปทุมธานี
346,400,หนองกระทุ่ม - พนมทวน,96+106,3164,915,22,15,22,6119,577,501,935,445,12715,19.626,16,1465,สุพรรณบุรีที่ 2 (อู่ทอง),กาญจนบุรี
346,301,บางเลน - ลำลูกบัว,55+000,2924,2708,811,828,883,2831,2732,3688,3103,2553,23060,59.784,313,2727,นครปฐม,นครปฐม
347,102,ต่างระดับเชียงรากน้อย - บางกระสั้น,18+100,13749,14419,598,629,627,5588,3049,3128,3839,3253,48880,29.716,0,492,ปทุมธานี,พระนครศรีอยุธยา
347,101,เทคโนโลยีปทุมธานี - ต่างระดับเชียงรากน้อย,2+800,11789,13196,6931,4723,5384,11659,8828,7907,5570,5072,81058,46.243,0,9847,ปทุมธานี,ปทุมธานี
347,300,บางปะหัน - เจ้าปลุก,49+701,9984,2088,195,99,107,10855,1521,1312,1618,1120,28901,19.996,3,1109,อ่างทอง,พระนครศรีอยุธยา
347,200,บางกระสั้น - บางปะหัน,22+305,8883,1961,923,884,315,8795,1569,2906,1870,1608,29714,30.799,15,994,อยุธยา,พระนครศรีอยุธยา
347,300,บางปะหัน - เจ้าปลุก,58+435,3728,1890,1051,861,457,1096,846,682,738,219,11568,32.876,6,778,อ่างทอง,พระนครศรีอยุธยา
348,101,อรัญประเทศ - แก้วเพชรพลอย,2+000,13150,7175,319,357,330,562,528,488,362,0,23270,8.874,106,9144,สระแก้ว (วัฒนานคร),สระแก้ว
348,203,ปะคำ - นางรอง,138+005,5529,1578,41,27,31,3905,515,283,263,241,12413,10.958,20,3821,บุรีรัมย์,บุรีรัมย์
348,201,ช่องตะโก - น้อยสะแกกวน,102+405,4144,387,25,2,26,4041,498,451,601,386,10561,18.601,2,2579,บุรีรัมย์,บุรีรัมย์
348,102,แก้วเพชรพลอย - ช่องตะโก,71+830,3183,393,2,0,10,836,362,319,552,637,6294,29.868,20,750,สระแก้ว (วัฒนานคร),สระแก้ว
348,201,ช่องตะโก - น้อยสะแกกวน,104+855,2754,143,9,3,10,2683,234,148,195,227,6407,12.781,3,745,บุรีรัมย์,บุรีรัมย์
348,202,น้อยสะแกกวน - ปะคำ,113+000,1863,1185,95,43,32,1172,254,108,273,176,5201,17.04,8,570,บุรีรัมย์,บุรีรัมย์
348,102,แก้วเพชรพลอย - ช่องตะโก,51+845,1591,1369,222,208,86,1884,580,536,444,433,7353,31.097,85,1315,สระแก้ว (วัฒนานคร),สระแก้ว
348,102,แก้วเพชรพลอย - ช่องตะโก,66+549,1479,892,196,182,65,1532,499,460,375,360,6039,32.129,99,1208,สระแก้ว (วัฒนานคร),สระแก้ว
349,100,พนัสนิคม - หนองชาก,14+800,6044,5965,504,469,495,5972,2200,2573,2192,1719,28132,34.293,14,2296,ชลบุรีที่ 1,ชลบุรี
351,100,มหาวิทยาลัยเกษตรศาสตร์ - คันนายาว,4+700,48894,35435,39,17,372,25406,138,233,46,5,110585,0.733,0,24388,กรุงเทพ,กรุงเทพมหานคร
352,100,ธัญบุรี - คลองระพีพัฒน์,3+600,3286,2759,437,50,14,3156,2880,3221,3137,2662,21603,55.385,15,707,นครนายก,ปทุมธานี
352,201,คลองระพีพัฒน์ - ทางแยกต่างระดับวังน้อย,23+600,3180,2249,23,0,98,7211,2676,1725,3416,2473,23050,45.065,2,598,อยุธยา,พระนครศรีอยุธยา
356,102,เกาะเรียน - ปากกราน,7+000,3753,650,556,442,461,4032,691,573,552,399,12109,25.75,15,1096,อยุธยา,พระนครศรีอยุธยา
357,101,ถนนวงแหวนรอบเมืองสุพรรณบุรี,5+023,9686,2215,43,25,30,3236,1039,684,976,1043,18977,20.011,9,1739,สุพรรณบุรีที่ 1,สุพรรณบุรี
357,104,ถนนวงแหวนรอบเมืองสุพรรณบุรี,37+673,1985,1083,161,50,23,2243,156,324,94,91,6211,11.898,30,879,สุพรรณบุรีที่ 1,สุพรรณบุรี
359,102,สระขวัญ - เขามะกา,18+595,4398,5208,39,51,72,7000,637,503,519,536,18962,12.221,21,3176,สระแก้ว (วัฒนานคร),สระแก้ว
359,200,เขามะกา - เขาหินซ้อน,41+793,2434,2917,93,37,58,3031,1888,1513,2558,2328,16856,49.726,3,569,ปราจีนบุรี,ปราจีนบุรี
360,100,ทางเข้าเมืองชุมพร,5+300,1277,782,18,0,5,1615,106,33,26,25,3888,5.024,10,565,ชุมพร,ชุมพร
361,100,ทางเลี่ยงเมืองชลบุรี,8+000,19798,14107,1138,489,2149,22497,7636,8539,6938,9205,92498,37.793,38,7226,ชลบุรีที่ 1,ชลบุรี
362,101,ถนนวงแหวนรอบเมืองสระบุรี,1+500,13959,6124,21,50,74,4927,1826,1790,5439,2621,36830,32.039,23,1862,สระบุรี,สระบุรี
362,101,ถนนวงแหวนรอบเมืองสระบุรี,10+200,9221,4546,21,21,108,12895,1199,1352,2983,2546,34892,23.528,3,2992,สระบุรี,สระบุรี
362,101,ถนนวงแหวนรอบเมืองสระบุรี,23+000,8102,4740,23,18,42,4170,1050,877,790,1479,21291,19.992,23,1790,สระบุรี,สระบุรี
363,100,ศูนย์ราชการระยอง - นิคมอุตสาหกรรมมาบตาพุด,4+877,10649,8281,154,170,140,6856,1302,1608,1596,1134,31891,18.658,11,3937,ระยอง,ระยอง
364,100,ทางเลี่ยงเมืองระยอง,2+000,9672,6247,391,339,281,8867,509,524,184,120,27135,7.214,10,4906,ระยอง,ระยอง
365,102,ทางเลี่ยงเมืองฉะเชิงเทราด้านใต้,2+950,25445,24561,0,58,129,21424,11212,11615,6228,4648,105320,32.179,2,3786,ฉะเชิงเทรา,ฉะเชิงเทรา
365,101,ทางเลี่ยงเมืองฉะเชิงเทราด้านเหนือ,2+960,5334,4431,127,63,136,3326,1742,1742,2015,155,19070,30.688,22,2370,ฉะเชิงเทรา,ฉะเชิงเทรา
366,100,ทางเลี่ยงเมืองลพบุรี,6+000,2595,571,43,14,42,2173,705,619,780,535,8077,33.357,9,756,ลพบุรีที่ 1,ลพบุรี
367,100,ทางเลี่ยงเมืองกาญจนบุรี,2+200,12384,7468,9,10,25,12560,459,120,29,0,33064,1.945,0,4307,กาญจนบุรี,กาญจนบุรี
368,100,ทางเลี่ยงเมืองอ่างทอง,0+500,9507,1841,48,14,63,1650,598,690,1144,970,16525,21.052,5,1789,อ่างทอง,อ่างทอง
369,100,ทางเลี่ยงเมืองสิงห์บุรี,1+000,6068,622,35,8,34,4411,420,150,40,27,11816,5.751,13,3582,สิงห์บุรี,สิงห์บุรี
370,100,ทางเข้าท่าอากาศยานสุวรรณภูมิด้านถนนบางนา - บางวัว,2+200,13367,11000,206,182,185,15360,3007,2805,2538,2773,51422,22.344,0,895,สมุทรปราการ,สมุทรปราการ
375,102,นครปฐม - ดอนตูม,43+935,9616,8054,2244,2209,2106,11557,4458,4966,2908,1525,49643,36.603,540,7292,นครปฐม,นครปฐม
375,101,บ้านบ่อ - พระประโทน,16+521,9122,5483,1461,1228,1086,16578,5603,5331,1387,1163,48441,32.612,11,4414,นครปฐม,สมุทรสาคร
375,103,ดอนตูม - ลำลูกบัว,65+000,3292,1803,571,316,215,4535,1112,1125,943,400,14313,28.726,139,2546,นครปฐม,นครปฐม
401,302,กิโลศูนย์ - หนองบัว,149+245,9002,8979,447,605,455,10937,1450,829,421,294,33419,12.132,71,5503,สุราษฎร์ธานีที่ 1 ,สุราษฎร์ธานี
401,503,ท่าแพ - นครศรีธรรมราช,290+660,8662,7456,408,37,22,6280,480,341,210,83,23978,4.892,22,6824,นครศรีธรรมราชที่ 1,นครศรีธรรมราช
401,200,พนม - ช่องชาลี,83+042,8305,2298,90,39,62,1936,644,606,343,53,14376,12.147,11,1744,สุราษฎร์ธานีที่ 3 (เวียงสระ),สุราษฎร์ธานี
401,402,บางกุ้ง - เขาหัวช้าง,196+779,7791,748,111,81,78,10770,701,614,560,346,21800,10.918,10,2647,สุราษฎร์ธานีที่ 2 (กาญจนดิษฐ์),สุราษฎร์ธานี
401,402,บางกุ้ง - เขาหัวช้าง,168+379,6172,2839,392,322,239,10437,676,595,513,349,22534,11.956,14,5128,สุราษฎร์ธานีที่ 2 (กาญจนดิษฐ์),สุราษฎร์ธานี
401,502,สิชล - ท่าแพ,267+850,5567,5231,113,127,71,2540,807,823,716,180,16176,16.847,17,3993,นครศรีธรรมราชที่ 1,นครศรีธรรมราช
401,501,เขาหัวช้าง - สิชล,220+487,5516,4586,17,23,18,3256,626,604,262,81,14989,10.767,28,2156,นครศรีธรรมราชที่ 1,นครศรีธรรมราช
401,502,สิชล - ท่าแพ,273+540,5399,5206,174,138,45,1746,747,587,485,71,14597,14.201,43,3956,นครศรีธรรมราชที่ 1,นครศรีธรรมราช
401,502,สิชล - ท่าแพ,283+840,5355,4944,198,199,73,2057,524,201,122,64,13737,8.613,36,3534,นครศรีธรรมราชที่ 1,นครศรีธรรมราช
401,501,เขาหัวช้าง - สิชล,232+179,4997,4833,67,65,54,1260,778,722,549,63,13388,16.661,0,2458,นครศรีธรรมราชที่ 1,นครศรีธรรมราช
401,301,ช่องชาลี - ท่าโรงช้าง,102+542,4542,3296,72,29,55,3325,959,833,723,570,14403,21.997,3,1279,สุราษฎร์ธานีที่ 1 ,สุราษฎร์ธานี
401,301,ช่องชาลี - ท่าโรงช้าง,120+542,4356,3224,95,16,47,3247,640,654,714,432,13424,18.64,12,1131,สุราษฎร์ธานีที่ 1 ,สุราษฎร์ธานี
401,402,บางกุ้ง - เขาหัวช้าง,201+079,4200,2469,64,63,63,10270,538,496,521,328,19010,10.562,4,2380,สุราษฎร์ธานีที่ 2 (กาญจนดิษฐ์),สุราษฎร์ธานี
401,401,ท่าโรงช้าง - กิโลศูนย์,139+542,3164,1408,223,152,56,1561,541,443,174,82,7804,18.557,15,1731,สุราษฎร์ธานีที่ 2 (กาญจนดิษฐ์),สุราษฎร์ธานี
401,501,เขาหัวช้าง - สิชล,210+804,2635,2660,8,10,11,1191,786,753,733,0,8787,26.098,5,925,นครศรีธรรมราชที่ 1,นครศรีธรรมราช
401,101,แยกโคกเคียน - เขาศก,10+542,2129,428,16,1,16,813,218,202,105,37,3965,14.603,8,697,พังงา,พังงา
401,102,เขาศก - พนม,41+282,1156,427,252,79,58,1016,119,90,50,33,3281,13.087,24,1051,พังงา,สุราษฎร์ธานี
401,102,เขาศก - พนม,63+067,966,587,373,55,73,875,102,61,49,17,3158,11.284,21,934,พังงา,สุราษฎร์ธานี
402,102,หมากปรก - เมืองภูเก็ต,44+656,21428,1359,223,216,159,16202,522,287,139,69,40603,3.426,29,13337,ภูเก็ต,ภูเก็ต
402,101,โคกกลอย - หมากปรก,11+206,10044,7054,57,97,260,12134,903,709,763,823,32845,10.828,54,3040,ภูเก็ต,ภูเก็ต
402,101,โคกกลอย - หมากปรก,5+000,5942,1513,48,65,156,8938,565,411,388,520,18548,11.355,6,2794,ภูเก็ต,พังงา
403,304,ตรัง - กันตัง,126+435,10989,10600,152,139,97,7416,400,400,372,359,30924,5.714,150,7787,ตรัง,ตรัง
403,202,ทุ่งสง - กะปาง,53+647,9579,708,10,112,24,12085,834,833,1014,1022,26220,14.64,7,5870,นครศรีธรรมราชที่ 2 (ทุ่งสง),นครศรีธรรมราช
403,201,เสาธง - สวนผัก,26+800,8042,7822,159,308,98,6660,2853,1551,588,208,28289,19.819,26,5045,นครศรีธรรมราชที่ 2 (ทุ่งสง),นครศรีธรรมราช
403,100,นครศรีธรรมราช - เสาธง,2+000,6481,4173,456,38,40,6135,645,327,88,56,18439,6.473,37,5243,นครศรีธรรมราชที่ 1,นครศรีธรรมราช
403,301,กะปาง - ห้วยนาง,68+567,3920,2282,667,801,754,8808,1482,1284,1315,1181,22493,30.304,366,3849,ตรัง,ตรัง
403,302,ห้วยนาง - ต้นม่วง,92+497,3708,1134,49,32,9,3443,368,474,541,367,10126,17.686,0,1862,ตรัง,ตรัง
403,303,ต้นม่วง - ตรัง,101+411,2981,1520,119,67,66,4836,386,495,616,815,11901,20.547,10,1219,ตรัง,ตรัง
404,201,บ้านนา - ละงู,35+000,7355,5680,1294,823,729,7096,2095,1718,1316,754,28859,25.76,479,5300,สตูล,ตรัง
404,100,ตรัง - บ้านนา,15+000,6510,4976,89,89,91,9443,483,474,256,41,22453,6.389,118,5021,ตรัง,ตรัง
404,201,บ้านนา - ละงู,44+936,6397,5700,1975,1476,627,8028,5235,2229,1623,887,34177,35.338,555,5973,สตูล,ตรัง
404,201,บ้านนา - ละงู,70+936,5330,3274,1249,715,550,6806,2456,1921,1538,1085,24925,33.161,623,6141,สตูล,สตูล
404,202,ละงู - ฉลุง,97+663,4470,5065,40,90,30,3762,400,265,118,49,14289,6.658,57,3647,สตูล,สตูล
404,202,ละงู - ฉลุง,112+213,3264,3180,25,104,42,3196,403,240,98,45,10596,8.795,55,3233,สตูล,สตูล
404,201,บ้านนา - ละงู,94+836,2515,2108,1152,590,392,7332,2306,1936,1727,1279,21338,38.57,907,6519,สตูล,สตูล
406,101,ปากจ่า - ค่ายรวมมิตร,25+195,6856,7145,315,148,50,1012,283,225,164,147,16347,6.232,26,4937,สตูล,สงขลา
406,102,ค่ายรวมมิตร - คลองขุด,88+595,4366,3438,292,393,207,3281,361,238,143,103,12821,11.26,96,3778,สตูล,สตูล
406,101,ปากจ่า - ค่ายรวมมิตร,32+195,4361,4389,162,240,46,775,436,307,206,163,11085,12.611,2,2356,สตูล,สงขลา
406,103,ศาลากันตง - ตำมะลัง,95+540,3128,3479,56,42,5,2964,252,148,48,2,10125,4.918,45,3278,สตูล,สตูล
406,101,ปากจ่า - ค่ายรวมมิตร,6+400,1476,1551,67,32,9,224,70,74,32,18,3553,6.622,7,1283,สตูล,สงขลา
407,101,คลองหวะ - ควนหิน,0+530,28945,10037,752,131,286,11179,335,260,29,199,52152,2.376,13,15195,สงขลาที่ 1,สงขลา
407,101,คลองหวะ - ควนหิน,13+200,8185,4917,402,39,80,5607,292,240,104,187,20053,4.699,7,5849,สงขลาที่ 1,สงขลา
407,102,ควนหิน - สงขลา,26+200,4390,4357,1439,948,290,2634,432,282,222,175,15168,15.481,103,3423,สงขลาที่ 1,สงขลา
408,202,สทิงพระ - เกาะยอ,148+617,11498,5559,517,77,49,5082,480,538,183,294,24275,6.671,31,6083,สงขลาที่ 1,สงขลา
408,102,เฉลิมพระเกียรติ - ปากระวะ,38+175,7030,1276,101,118,38,989,356,238,234,207,10585,11.243,8,2179,นครศรีธรรมราชที่ 1,นครศรีธรรมราช
408,101,หัวถนน - เฉลิมพระเกียรติ,6+000,5241,810,517,48,13,4822,222,86,43,13,11814,3.587,21,3922,นครศรีธรรมราชที่ 1,นครศรีธรรมราช
408,101,หัวถนน - เฉลิมพระเกียรติ,25+000,5178,690,443,79,16,4643,332,153,98,50,11683,6.237,11,2514,นครศรีธรรมราชที่ 1,นครศรีธรรมราช
408,203,เกาะยอ - ทุ่งหวัง,165+773,4801,3627,1022,270,154,5798,648,737,641,552,18250,16.44,45,3590,สงขลาที่ 1,สงขลา
408,203,เกาะยอ - ทุ่งหวัง,180+411,4772,783,314,200,46,2989,680,397,233,296,10709,17.287,38,3393,สงขลาที่ 1,สงขลา
408,201,ปากระวะ - สทิงพระ,120+117,4676,994,138,135,63,5399,321,375,172,167,12439,9.907,4,1961,สงขลาที่ 1,สงขลา
408,301,ทุ่งหวัง - นาทวี,184+911,4586,4284,122,90,35,4605,602,476,228,72,15101,9.961,23,2599,สงขลาที่ 2 (นาหม่อม),สงขลา
408,302,นาทวี - ด่านประกอบ(เขตแดนไทย/มาเลเซีย),221+759,3657,3016,0,0,0,2197,73,72,41,7,9064,2.13,21,3116,สงขลาที่ 2 (นาหม่อม),สงขลา
408,203,เกาะยอ - ทุ่งหวัง,168+413,3479,617,116,134,74,2556,361,444,262,206,8248,17.945,30,1794,สงขลาที่ 1,สงขลา
408,302,นาทวี - ด่านประกอบ(เขตแดนไทย/มาเลเซีย),219+811,3424,2248,10,1,0,4436,218,198,179,122,10836,6.629,5,3168,สงขลาที่ 2 (นาหม่อม),สงขลา
408,102,เฉลิมพระเกียรติ - ปากระวะ,54+400,3194,2783,46,70,18,1353,700,616,395,151,9326,20.904,12,2477,นครศรีธรรมราชที่ 1,นครศรีธรรมราช
408,102,เฉลิมพระเกียรติ - ปากระวะ,65+300,2525,1939,24,19,23,2419,487,451,399,298,8584,19.532,2,1902,นครศรีธรรมราชที่ 1,นครศรีธรรมราช
408,201,ปากระวะ - สทิงพระ,85+011,2302,709,85,104,51,3055,268,332,192,211,7311,15.857,8,1815,สงขลาที่ 1,สงขลา
409,200,ป่าพ้อ - ท่าสาป,30+519,3734,981,31,3,8,2395,200,216,83,59,7710,7.391,9,3014,ยะลา,ยะลา
409,100,นาเกตุ - ป่าพ้อ,7+444,3201,392,55,18,40,2907,150,121,61,91,7035,6.834,19,3162,ปัตตานี,ปัตตานี
410,201,ยะลา - ตะบิงติงงี,52+713,2661,1802,118,18,7,2636,122,82,35,37,7518,4.01,12,2175,ยะลา,ยะลา
410,100,ปัตตานี - ยะลา,12+600,2170,1465,34,33,26,32,66,34,15,2,3879,4.564,14,1868,ปัตตานี,ปัตตานี
410,202,ตะบิงติงงี - บ่อหิน,94+263,1536,528,32,3,3,3095,88,58,22,22,5387,3.646,12,2939,ยะลา,ยะลา
410,202,ตะบิงติงงี - บ่อหิน,105+263,1108,450,56,1,5,1795,57,48,13,27,3560,4.235,7,1421,ยะลา,ยะลา
410,203,บ่อหิน - เบตง,146+853,517,264,72,19,14,140,86,91,29,14,1246,20.257,9,527,ยะลา,ยะลา
410,203,บ่อหิน - เบตง,133+256,433,369,61,114,21,137,130,103,67,71,1505,33.612,3,728,ยะลา,ยะลา
412,100,ทางเข้าระนอง,0+140,5504,2253,256,182,39,778,145,72,15,9,9252,4.987,62,4688,ระนอง,ระนอง
414,102,คลองวง - ท่าท้อน,14+300,13141,11960,242,246,174,13687,1018,957,713,417,42554,8.28,58,7739,สงขลาที่ 1,สงขลา
415,100,นาเหนือ - บางคราม,15+520,2933,2621,99,73,154,3328,473,500,423,267,10872,17.386,39,2348,พังงา,กระบี่
415,200,บางคราม - พนม,34+876,2598,2095,49,14,35,1834,506,418,238,198,7984,17.637,5,889,สุราษฎร์ธานีที่ 3 (เวียงสระ),สุราษฎร์ธานี
417,100,ท่าอากาศยานสุราษฎร์ธานี - ค้อล่าง,11+196,8271,3599,112,83,113,8703,1171,1349,1075,813,25288,18.205,5,4000,สุราษฎร์ธานีที่ 1 ,สุราษฎร์ธานี
418,100,งาแม่ - ยุโป,10+185,2910,1763,63,22,19,1348,331,318,188,151,7113,14.467,6,1029,ปัตตานี,ปัตตานี
418,200,ยุโป - ท่าสาป,30+500,1978,862,62,1,2,3043,131,168,95,80,6422,7.434,29,1005,ยะลา,ยะลา
419,100,ถนนวงแหวนรอบเมืองตรัง,2+500,6716,4649,51,0,29,5664,484,539,504,465,19100,10.578,103,4596,ตรัง,ตรัง
419,100,ถนนวงแหวนรอบเมืองตรัง,15+500,3682,2428,11,3,2,5351,555,474,419,255,13181,12.962,54,4261,ตรัง,ตรัง
420,100,วงแหวนรอบเมืองสุราษฎร์ธานี,5+482,7614,4773,123,85,74,12207,1134,1195,987,847,29039,14.882,24,3604,สุราษฎร์ธานีที่ 1 ,สุราษฎร์ธานี
420,100,วงแหวนรอบเมืองสุราษฎร์ธานี,3+282,6511,5230,168,195,195,9870,1178,1092,1048,649,26136,16.671,22,3967,สุราษฎร์ธานีที่ 1 ,สุราษฎร์ธานี
420,100,วงแหวนรอบเมืองสุราษฎร์ธานี,30+959,1835,1792,79,105,145,1824,918,933,831,740,9203,39.911,24,1421,สุราษฎร์ธานีที่ 1 ,สุราษฎร์ธานี
1001,100,เชียงใหม่ - บ้านโป่ง,1+000,34123,12377,844,579,267,2752,773,351,246,239,52550,4.671,179,22053,เชียงใหม่ที่ 2,เชียงใหม่
1001,100,เชียงใหม่ - บ้านโป่ง,30+300,3306,1806,295,129,65,2554,270,102,79,48,8653,7.999,120,1485,เชียงใหม่ที่ 2,เชียงใหม่
1001,200,บ้านโป่ง - พร้าว,88+200,1382,297,59,19,23,3538,252,43,17,14,5645,6.534,62,1505,เชียงใหม่ที่ 3,เชียงใหม่
1001,200,บ้านโป่ง - พร้าว,53+000,633,296,48,13,17,2203,155,47,6,6,3423,7.107,41,381,เชียงใหม่ที่ 3,เชียงใหม่
1004,100,ห้วยแก้ว - พระตำหนักภูพิงคราชนิเวศน์,4+000,5818,3265,3110,657,75,2756,168,0,0,0,15849,5.678,1294,3466,เชียงใหม่ที่ 2,เชียงใหม่
1006,100,เชียงใหม่ - ออนหลวย,10+000,28939,7951,633,0,17,11237,690,14,0,0,49480,1.456,41,13618,เชียงใหม่ที่ 2,เชียงใหม่
1006,100,เชียงใหม่ - ออนหลวย,18+400,1821,814,249,0,0,2791,362,15,0,0,6052,6.228,32,3199,เชียงใหม่ที่ 2,เชียงใหม่
1007,100,ทางเข้าดอยสะเก็ด,0+100,6331,1479,1731,0,0,5048,2208,0,0,0,16797,13.143,264,6031,เชียงใหม่ที่ 2,เชียงใหม่
1009,100,จอมทอง - ดอยอินทนนท์,1+000,2345,793,57,182,8,2290,122,13,10,2,5821,5.788,1,2104,เชียงใหม่ที่ 1,เชียงใหม่
1010,100,ปากทางท่าลี่ - ร้องธาร,0+500,1830,447,2,0,0,2253,222,129,45,26,4953,8.508,72,1457,เชียงใหม่ที่ 1,เชียงใหม่
1010,200,ร้องธาร - ม่วงโตน,17+190,1249,148,19,1,0,231,42,10,6,7,1714,3.864,31,933,ลำพูน,ลำพูน
1012,100,ฮอด - วังลุง,5+725,1287,150,0,0,0,407,126,77,101,15,2161,14.693,0,1287,เชียงใหม่ที่ 1,เชียงใหม่
1013,100,สันป่าตอง - บ้านกาด,4+000,6737,619,203,29,23,8330,745,104,47,26,16863,5.77,55,6875,เชียงใหม่ที่ 1,เชียงใหม่
1014,102,ป่าบง - สันป่าคา,14+600,6925,1417,790,694,16,7927,979,11,8,10,18778,9.153,55,5613,เชียงใหม่ที่ 2,เชียงใหม่
1014,101,ดอยสะเก็ด - ป่าบง,1+000,5500,2202,1245,866,203,1279,457,243,232,0,12227,16.365,508,4038,เชียงใหม่ที่ 2,เชียงใหม่
1015,100,ลำพูน - สะพานศรีวิชัย,2+000,17372,724,51,34,11,172,183,66,75,48,18738,2.231,99,15799,ลำพูน,ลำพูน
1015,200,สะพานศรีวิชัย - สันป่าตอง,5+000,4048,356,27,1,3,4820,170,39,5,1,9470,2.315,11,3289,เชียงใหม่ที่ 1,เชียงใหม่
1016,100,แม่จัน - กิ่วพร้าว,2+000,4772,1399,43,27,11,5081,223,164,119,56,11896,5.05,71,2315,เชียงรายที่ 1,เชียงราย
1016,200,กิ่วพร้าว - เชียงแสน,12+370,3105,1364,397,273,236,5537,321,327,442,275,12278,15.265,266,2199,เชียงรายที่ 2,เชียงราย
1020,100,เชียงราย - โป่งเกลือ,6+000,5077,3150,113,101,0,7253,2559,2685,1938,1734,24610,36.639,1021,5288,เชียงรายที่ 1,เชียงราย
1020,201,โป่งเกลือ - บ้านปล้อง,36+000,3642,879,184,118,98,4976,500,377,298,255,11327,14.529,203,2312,เชียงรายที่ 2,เชียงราย
1020,202,บ้านปล้อง - ชมภู,56+200,3230,778,198,201,188,5664,499,372,343,355,11828,16.56,172,2505,เชียงรายที่ 2,เชียงราย
1020,202,บ้านปล้อง - ชมภู,60+000,2734,633,116,128,159,5567,306,251,226,226,10346,12.529,147,2019,เชียงรายที่ 2,เชียงราย
1020,202,บ้านปล้อง - ชมภู,74+000,2585,522,160,136,124,5315,365,264,330,340,10142,15.383,194,2268,เชียงรายที่ 2,เชียงราย
1020,203,ชมภู - เชียงของ,106+000,1931,803,240,147,90,6213,961,677,709,851,12622,27.217,234,1658,เชียงรายที่ 2,เชียงราย
1021,101,แม่ต๋ำ - บ้านใหม่,7+800,4533,1303,70,21,24,3761,331,127,330,168,10667,9.379,18,1858,พะเยา,พะเยา
1021,103,น้ำแวน - สะแล่ง,70+000,3246,861,41,93,21,4660,564,166,131,341,10124,12.996,47,2804,พะเยา,พะเยา
1021,102,บ้านใหม่ - น้ำแวน,46+592,1719,324,2,9,11,2048,250,79,214,198,4854,15.671,7,1101,พะเยา,พะเยา
1021,103,น้ำแวน - สะแล่ง,87+108,1317,451,2,7,13,2814,143,54,55,280,5135,10.721,1,480,พะเยา,พะเยา
1022,102,แยกนาจักร - น้ำกาย,5+000,1930,584,46,46,0,1937,211,74,56,46,4929,8.781,27,1586,แพร่,แพร่
1023,101,แพร่ - แยกแม่แขม,42+620,1923,1078,79,67,59,2657,247,152,111,83,6456,11.145,22,1549,แพร่,แพร่
1023,101,แพร่ - แยกแม่แขม,38+120,1842,836,67,48,47,2495,214,94,70,73,5786,9.416,16,1690,แพร่,แพร่
1023,101,แพร่ - แยกแม่แขม,5+525,1592,1016,102,78,61,2631,263,130,128,83,6084,12.202,19,1590,แพร่,แพร่
1023,101,แพร่ - แยกแม่แขม,55+620,1473,745,53,46,40,2112,159,75,74,59,4836,9.376,17,1000,แพร่,แพร่
1024,100,สวนเขื่อน - ปากห้วยอ้อย,2+000,247,163,59,0,0,166,148,66,0,0,850,25.269,0,964,แพร่,แพร่
1024,100,สวนเขื่อน - ปากห้วยอ้อย,11+875,195,94,78,0,0,112,96,61,0,0,635,24.64,0,915,แพร่,แพร่
1026,102,ดอนไชย - ผาเวียง,9+000,844,610,235,153,127,962,394,305,212,145,3987,33.515,218,1010,น่านที่ 1,น่าน
1026,103,ผาเวียง - ปากนาย,40+230,363,223,27,42,9,167,97,98,17,0,1044,25.274,5,397,น่านที่ 1,น่าน
1026,103,ผาเวียง - ปากนาย,56+457,324,188,22,34,3,142,91,91,21,0,917,26.276,4,349,น่านที่ 1,น่าน
1030,100,ป่าเห็ว - ริมปิง,1+300,11607,219,17,9,0,89,70,34,17,6,12069,1.126,46,9208,ลำพูน,ลำพูน
1033,100,แม่ทา - ท่าจักร,28+930,16042,424,24,11,0,151,345,119,75,42,17233,3.44,56,14369,ลำพูน,ลำพูน
1034,100,เกาะคา - ห้างฉัตร,1+300,4554,553,83,0,54,3978,668,225,87,75,10277,10.791,49,3595,ลำปางที่ 1,ลำปาง
1034,100,เกาะคา - ห้างฉัตร,13+074,2936,391,64,121,29,1080,562,134,72,22,5410,17.353,27,1191,ลำปางที่ 1,ลำปาง
1034,100,เกาะคา - ห้างฉัตร,3+592,2018,618,7,18,9,2741,541,67,25,17,6062,11.191,16,1376,ลำปางที่ 1,ลำปาง
1035,101,วังหม้อพัฒนา - สำเภาทอง,14+500,9461,9317,829,772,668,9902,1184,1496,1320,1074,36024,18.084,620,8418,ลำปางที่ 2,ลำปาง
1035,102,สำเภาทอง - สันติสุข,52+500,3416,1176,949,740,729,2231,951,919,974,947,13033,40.365,608,2535,ลำปางที่ 2,ลำปาง
1035,103,สันติสุข - วังเหนือ,60+900,2765,1773,851,731,627,2701,822,637,654,637,12199,33.686,562,2539,ลำปางที่ 2,ลำปาง
1036,100,บ้านฟ่อน - ศูนย์สร้างทางลำปาง,5+600,2035,159,43,8,7,2790,370,152,156,102,5822,13.652,1,1417,ลำปางที่ 1,ลำปาง
1036,100,บ้านฟ่อน - ศูนย์สร้างทางลำปาง,27+135,570,48,8,21,1,1126,289,107,85,51,2306,24.022,1,461,ลำปางที่ 1,ลำปาง
1037,100,ศรีชุม - แม่ทะ,8+500,4882,4363,619,497,472,3675,822,689,555,513,17087,20.761,263,3096,ลำปางที่ 1,ลำปาง
1037,100,ศรีชุม - แม่ทะ,17+256,2505,2272,278,239,249,2534,676,458,362,289,9861,23.048,231,1781,ลำปางที่ 1,ลำปาง
1039,100,ดงสันเงิน - ขามแดง,5+800,11970,11983,831,818,673,12838,821,777,724,666,42101,10.637,622,9838,ลำปางที่ 2,ลำปาง
1040,100,ท่าทอง - หาดกรวด,0+500,2438,1826,0,1,0,3510,243,159,179,32,8389,7.325,13,2266,อุตรดิตถ์ที่ 1,อุตรดิตถ์
1041,100,พระแท่น - อุตรดิตถ์,10+300,2719,669,54,5,7,2626,110,78,2,10,6279,3.365,10,2220,อุตรดิตถ์ที่ 1,อุตรดิตถ์
1041,100,พระแท่น - อุตรดิตถ์,1+010,1285,323,1,1,1,1801,95,50,17,7,3582,4.783,22,1012,อุตรดิตถ์ที่ 1,อุตรดิตถ์
1045,201,วังสีสูบ - เขื่อนสิริกิติ์,10+798,5914,5320,85,83,97,11756,105,83,74,69,23586,2.169,131,11683,อุตรดิตถ์ที่ 2,อุตรดิตถ์
1045,201,วังสีสูบ - เขื่อนสิริกิติ์,32+373,4780,5632,111,91,104,5657,110,98,54,64,16700,3.119,95,4777,อุตรดิตถ์ที่ 2,อุตรดิตถ์
1045,100,อุตรดิตถ์ - วังสีสูบ,2+688,3692,1328,32,21,11,3567,275,177,55,29,9187,6.179,83,2874,อุตรดิตถ์ที่ 1,อุตรดิตถ์
1045,202,เขื่อนสิริกิติ์ - ห้วยหูด,55+986,1135,640,24,16,30,1841,536,521,16,0,4758,23.5,0,1585,อุตรดิตถ์ที่ 2,อุตรดิตถ์
1046,100,ทุ่งยั้ง - ดงสระแก้ว,0+500,1791,504,47,32,17,686,104,29,10,9,3229,6.226,23,1689,อุตรดิตถ์ที่ 1,อุตรดิตถ์
1053,100,ทางเข้าบ้านหลุม,2+500,1469,1589,90,65,48,140,121,112,59,56,3750,12.306,56,1311,สุโขทัย,สุโขทัย
1054,101,บ้านสวน - ตาลเตี้ย,1+100,3923,216,53,38,46,168,228,79,74,47,4871,10.504,51,3329,สุโขทัย,สุโขทัย
1055,100,กงไกรลาศ - หนองตูม,4+125,871,618,0,0,0,2256,477,320,265,258,5065,26.065,60,1430,พิษณุโลกที่ 1,สุโขทัย
1056,101,ศรีสำโรง - ดอนโก,2+750,1388,1162,16,31,16,336,163,154,206,71,3542,18.091,49,1366,สุโขทัย,สุโขทัย
1057,100,กกแรต - คลองตะเข้,3+500,2087,1960,0,0,0,1024,927,827,878,851,8554,40.721,268,1878,พิษณุโลกที่ 1,สุโขทัย
1058,100,แยกต้นหว้า - พิษณุโลก,0+250,10328,7509,584,550,362,7242,1626,282,178,122,28784,10.844,47,7426,พิษณุโลกที่ 1,พิษณุโลก
1061,100,แยกเรือนแพ - พิษณุโลก,1+700,22240,783,392,15,74,2208,421,11,5,6,26155,2.035,92,14827,พิษณุโลกที่ 1,พิษณุโลก
1063,100,พิษณุโลก - บางกระทุ่ม,3+500,11362,1212,188,3,9,5177,590,212,32,46,18832,4.743,13,7256,พิษณุโลกที่ 1,พิษณุโลก
1063,100,พิษณุโลก - บางกระทุ่ม,12+350,6494,851,102,0,16,1063,474,271,203,34,9508,10.498,5,3366,พิษณุโลกที่ 1,พิษณุโลก
1064,100,พิษณุโลก - บึงพระ,3+000,10930,685,158,2,38,1913,263,112,58,18,14177,3.464,41,7332,พิษณุโลกที่ 1,พิษณุโลก
1065,102,หนองกุลา - พิษณุโลก,67+336,3700,2438,77,29,78,2748,997,922,764,517,12270,26.948,30,1958,พิษณุโลกที่ 1,พิษณุโลก
1065,102,หนองกุลา - พิษณุโลก,59+300,2738,605,23,21,30,5739,503,296,560,415,10928,16.681,107,3149,พิษณุโลกที่ 1,พิษณุโลก
1065,101,พรานกระต่าย - หนองกุลา,25+500,2541,1205,9,0,16,4423,437,402,411,468,9913,17.5,64,3534,พิษณุโลกที่ 1,กำแพงเพชร
1067,102,หอไกร - สี่แยกโพธิ์ไทรงาม,5+300,2856,1840,17,7,8,2332,487,318,419,324,8608,18.15,0,1356,พิจิตร,พิจิตร
1068,101,คลองคะเชนทร์ - โพธิ์ประทับช้าง,0+400,1432,418,1,1,0,1803,96,47,21,21,3840,4.819,17,2822,พิจิตร,พิจิตร
1068,101,คลองคะเชนทร์ - โพธิ์ประทับช้าง,14+500,588,439,0,0,0,838,103,77,10,0,2055,9.227,9,755,พิจิตร,พิจิตร
1069,100,บางมูลนาก - ตลิ่งชัน,5+420,1605,1835,0,0,0,1050,101,69,81,46,4785,6.181,2,1244,พิจิตร,พิจิตร
1069,100,บางมูลนาก - ตลิ่งชัน,24+420,706,636,0,0,0,1433,135,58,42,31,3041,8.75,8,973,พิจิตร,พิจิตร
1070,101,ตะพานหิน - ไผ่ท่าโพ,20+000,2503,1447,7,3,0,1809,93,225,202,179,6469,10.858,11,3501,พิจิตร,พิจิตร
1072,101,หนองเบน - ลาดยาว,1+000,6480,3855,37,17,15,436,168,87,129,56,11279,4.182,30,2690,นครสวรรค์ที่ 1,นครสวรรค์
1072,102,ลาดยาว - เขาชนกัน,34+509,3639,4121,22,18,19,2443,938,726,836,838,13600,24.824,20,3875,นครสวรรค์ที่ 1,นครสวรรค์
1072,102,ลาดยาว - เขาชนกัน,44+500,2083,2140,19,18,19,1955,937,809,627,610,9218,32.759,16,2498,นครสวรรค์ที่ 1,นครสวรรค์
1072,201,เขาชนกัน - มอตะแบก,89+190,648,231,7,3,14,1826,110,41,63,23,2965,8.552,8,1296,กำแพงเพชร,กำแพงเพชร
1073,100,หนองสังข์ - คลองชะแวด,12+780,1380,1118,0,0,0,2422,118,82,41,45,5206,5.485,18,2490,นครสวรรค์ที่ 1,นครสวรรค์
1073,200,คลองชะแวด - สี่แยกโพธิ์ไทรงาม,43+295,1047,882,0,0,0,926,142,106,86,58,3247,12.065,0,542,พิจิตร,พิจิตร
1073,100,หนองสังข์ - คลองชะแวด,4+130,617,549,3,9,27,943,252,302,218,25,2947,28.295,36,1221,นครสวรรค์ที่ 1,นครสวรรค์
1073,100,หนองสังข์ - คลองชะแวด,37+795,585,529,0,0,0,948,434,427,341,364,3628,43.185,18,732,นครสวรรค์ที่ 1,นครสวรรค์
1074,101,สลกบาตร - ทุ่งสนุ่น,9+000,4556,4672,105,43,11,3120,203,233,246,134,13324,6.532,9,3176,กำแพงเพชร,กำแพงเพชร
1074,200,บึงบ้าน - สี่แยกหนองหัวปลวก,59+595,862,990,0,0,0,1384,619,589,677,596,5718,43.399,164,597,พิจิตร,พิจิตร
1081,101,ปัว - ดอนมูล,12+625,2442,754,18,9,3,716,403,49,17,5,4417,11.016,213,1651,น่านที่ 2,น่าน
1081,101,ปัว - ดอนมูล,6+000,2364,439,30,15,9,916,428,332,34,15,4582,18.195,186,1588,น่านที่ 2,น่าน
1081,200,ดอนมูล - หลักลาย,29+150,1841,527,7,0,6,338,341,217,112,7,3395,20.114,23,1633,น่านที่ 1,น่าน
1081,103,บ่อเกลือ - เฉลิมพระเกียรติ,148+942,561,359,0,0,0,104,130,135,22,14,1324,22.692,0,522,น่านที่ 2,น่าน
1081,102,หลักลาย - บ่อเกลือ,70+892,492,48,0,0,0,69,78,39,15,0,740,17.747,23,341,น่านที่ 2,น่าน
1081,102,หลักลาย - บ่อเกลือ,49+150,490,283,0,0,0,130,116,78,21,0,1118,19.203,0,291,น่านที่ 2,น่าน
1081,103,บ่อเกลือ - เฉลิมพระเกียรติ,101+392,373,170,0,0,0,78,161,87,35,8,913,31.915,0,402,น่านที่ 2,น่าน
1083,100,ห้วยน้อยกา - เด่นชาติ,0+900,658,13,0,0,0,15,41,27,49,0,803,14.651,11,736,อุตรดิตถ์ที่ 2,อุตรดิตถ์
1083,100,ห้วยน้อยกา - เด่นชาติ,11+824,520,8,0,0,0,7,34,22,16,0,606,11.864,0,520,อุตรดิตถ์ที่ 2,อุตรดิตถ์
1083,200,เด่นชาติ - นาน้อย,74+524,516,34,0,2,0,39,35,5,0,0,632,6.691,34,624,น่านที่ 1,น่าน
1084,200,หาดชะอม - กำแพงเพชร,114+200,4862,5229,225,89,58,5585,399,291,268,235,17241,7.777,124,4366,กำแพงเพชร,กำแพงเพชร
1084,200,หาดชะอม - กำแพงเพชร,90+500,1654,522,1,3,3,2969,187,148,258,166,5913,12.961,49,2053,กำแพงเพชร,กำแพงเพชร
1084,100,ป่าแดง - หาดชะอม,3+315,1111,959,59,2,11,1863,322,440,248,234,5250,23.95,4,1465,นครสวรรค์ที่ 1,นครสวรรค์
1084,200,หาดชะอม - กำแพงเพชร,51+500,871,1108,3,0,1,1100,105,91,57,48,3385,8.941,3,1076,กำแพงเพชร,กำแพงเพชร
1084,100,ป่าแดง - หาดชะอม,41+373,401,281,0,1,0,1416,127,140,98,79,2543,17.512,37,1192,นครสวรรค์ที่ 1,นครสวรรค์
1086,100,พิษณุโลก - มะขามสูง,2+000,12095,511,101,31,66,1408,175,11,14,16,14427,2.169,58,8997,พิษณุโลกที่ 1,พิษณุโลก
1087,100,ลี้ - ก้อทุ่ง,15+400,424,292,33,11,6,222,116,29,5,1,1139,14.744,57,650,ลำพูน,ลำพูน
1088,102,สะพานห้วยแม่เม็ง - แม่ซา,50+142,459,85,41,0,9,646,61,16,0,0,1317,6.505,2,421,เชียงใหม่ที่ 1,เชียงใหม่
1088,101,ออบหลวง - สะพานห้วยแม่เม็ง,9+000,250,152,21,2,0,384,195,132,72,11,1220,33.895,0,235,เชียงใหม่ที่ 1,เชียงใหม่
1089,100,ผาเดื่อ - ห้วยหินฝน,2+000,41,10,2,0,0,116,13,0,0,0,183,6.875,17,151,เชียงรายที่ 1,เชียงราย
1090,101,แม่สอด - ห้วยน้ำริน,17+000,2633,427,180,1,0,7565,240,93,127,71,11336,4.685,1,938,ตากที่ 2 (แม่สอด),ตาก
1090,101,แม่สอด - ห้วยน้ำริน,37+839,2599,2363,95,10,10,4888,132,95,64,43,10301,3.448,39,1320,ตากที่ 2 (แม่สอด),ตาก
1090,101,แม่สอด - ห้วยน้ำริน,22+137,919,555,35,6,0,1481,379,168,163,112,3819,21.681,58,480,ตากที่ 2 (แม่สอด),ตาก
1090,103,อุ้มผาง - กะแง่คี,167+799,365,745,51,0,0,299,27,2,0,0,1490,1.992,30,1232,ตากที่ 2 (แม่สอด),ตาก
1090,102,ห้วยน้ำริน - อุ้มผาง,89+089,274,571,55,0,0,810,172,123,5,0,2010,14.943,0,362,ตากที่ 2 (แม่สอด),ตาก
1091,200,ปงสนุก - น่าน,134+527,13556,935,14,3,6,11123,556,175,162,105,26635,3.782,173,10015,น่านที่ 1,น่าน
1091,101,จุน - ห้วยคอกหมู,5+000,3220,231,15,24,3,810,203,79,46,9,4639,7.853,19,1578,พะเยา,พะเยา
1091,101,จุน - ห้วยคอกหมู,9+800,2131,362,40,43,27,1504,218,122,37,22,4507,10.416,142,1534,พะเยา,พะเยา
1091,103,ป่าแดง - ปงสนุก,58+600,653,234,7,2,3,1132,114,49,30,72,2297,11.785,20,468,พะเยา,พะเยา
1091,101,จุน - ห้วยคอกหมู,7+800,546,126,18,14,2,176,55,71,14,0,1021,15.213,76,324,พะเยา,พะเยา
1091,102,ห้วยคอกหมู - ป่าแดง,34+000,420,242,14,9,5,1167,112,49,85,3,2106,12.473,7,672,พะเยา,พะเยา
1091,200,ปงสนุก - น่าน,86+327,193,123,0,0,0,691,80,17,8,1,1114,9.538,0,501,น่านที่ 1,น่าน
1092,100,ปง - ปัวดอย,5+000,895,241,19,7,2,1878,123,29,21,8,3223,5.882,11,964,พะเยา,พะเยา
1092,200,ปัวดอย - สิบสองพัฒนา,16+000,742,682,0,0,0,1735,793,252,175,144,4523,30.152,305,2083,น่านที่ 2,พะเยา
1093,200,ขุนห้วยไคร้ - ผาตั้ง,65+426,1160,667,17,11,0,1558,186,136,37,26,3799,10.433,108,1618,เชียงรายที่ 2,เชียงราย
1093,200,ขุนห้วยไคร้ - ผาตั้ง,53+926,1108,643,30,17,18,1669,227,159,43,53,3967,13.043,119,1380,เชียงรายที่ 2,เชียงราย
1093,100,สบบง - ขุนห้วยไคร้,5+000,617,172,23,1,0,1207,88,5,9,2,2124,4.946,16,1084,พะเยา,พะเยา
1095,203,ท่าไคร้ - แม่ฮ่องสอน,201+034,2048,325,103,19,5,1649,145,55,10,5,4364,5.47,9,2380,แม่ฮ่องสอน,แม่ฮ่องสอน
1095,100,หนองโค้ง - กิ่วคอหมา,0+700,1591,329,18,1,8,2175,272,96,146,7,4643,11.415,14,996,เชียงใหม่ที่ 3,เชียงใหม่
1095,201,กิ่วคอหมา - แม่นะ,88+417,1500,156,9,65,0,453,153,32,30,1,2400,11.709,1,826,แม่ฮ่องสอน,แม่ฮ่องสอน
1095,100,หนองโค้ง - กิ่วคอหมา,14+584,1363,224,37,5,2,1076,135,21,15,1,2877,6.193,7,870,เชียงใหม่ที่ 3,เชียงใหม่
1095,100,หนองโค้ง - กิ่วคอหมา,36+284,713,215,1,0,5,876,122,21,15,0,1967,8.246,7,425,เชียงใหม่ที่ 3,เชียงใหม่
1095,202,แม่นะ - ท่าไคร้,130+284,268,289,67,2,0,330,191,87,82,15,1332,28.302,44,402,แม่ฮ่องสอน,แม่ฮ่องสอน
1096,100,แม่ริม - ปางดะ,3+400,4737,262,90,2,22,357,169,56,37,3,5736,5.038,12,1905,เชียงใหม่ที่ 2,เชียงใหม่
1097,100,เชียงกลาง - หางทุ่ง,1+500,3166,867,7,0,3,914,788,693,0,0,6438,23.062,256,2274,น่านที่ 2,น่าน
1098,102,ท่าข้าวเปลือก - แก่นใต้,50+000,1910,781,105,77,66,3580,230,220,219,152,7340,13.132,196,2053,เชียงรายที่ 2,เชียงราย
1098,101,กิ่วพร้าว - ท่าข้าวเปลือก,4+450,802,424,314,289,226,1945,645,343,396,284,5668,38.525,258,903,เชียงรายที่ 2,เชียงราย
1098,102,ท่าข้าวเปลือก - แก่นใต้,30+060,577,514,113,102,85,2975,200,154,111,110,4940,15.399,117,1982,เชียงรายที่ 2,เชียงราย
1099,100,บ่อหลวง - แม่ตื่น,1+600,1114,532,15,7,0,879,712,322,194,24,3799,33.133,5,1109,เชียงใหม่ที่ 1,เชียงใหม่
1101,100,ทุ่งโฮ้ง - ป่าแดง,1+036,1513,927,80,0,0,2509,217,93,55,0,5394,6.754,27,2434,แพร่,แพร่
1102,100,พระบาท - บ้านเหล่า,2+500,1280,25,38,13,2,72,62,31,8,1,1532,7.606,22,1050,ลำปางที่ 1,ลำปาง
1103,200,พระบาทตะเมาะ - ฮอด,66+600,3334,236,0,2,1,2722,230,77,29,9,6639,5.23,4,2618,เชียงใหม่ที่ 1,เชียงใหม่
1103,100,ลี้ - พระบาทตะเมาะ,3+000,475,43,2,9,0,690,95,42,54,34,1445,16.206,28,400,ลำพูน,ลำพูน
1105,100,ไฮ้ฮ้า - งิ้วงาม,1+485,148,1080,37,0,0,4466,93,1,0,0,5825,1.608,73,3441,อุตรดิตถ์ที่ 2,อุตรดิตถ์
1106,100,วังสีสูบ - ผาเลือด,3+000,3160,3355,98,0,0,4630,121,114,0,0,11479,2.05,107,4225,อุตรดิตถ์ที่ 2,อุตรดิตถ์
1107,101,เชิงสะพานกิตติขจร - หนองบัวเหนือ,1+400,827,132,10,2,1,882,94,11,1,0,1961,5.591,57,1048,ตากที่ 1,ตาก
1107,102,หนองบัวเหนือ - ท่าปุย,31+215,754,603,38,47,2,581,91,32,9,3,2161,8.562,56,1334,ตากที่ 1,ตาก
1108,100,ค่ายพระเจ้าตาก - นาโบสถ์,1+000,207,475,3,2,3,244,31,9,24,2,1002,7.184,9,511,ตากที่ 1,ตาก
1109,100,วังเจ้า - โละโคะ,2+000,596,121,0,1,0,979,34,25,29,3,1789,5.172,50,682,กำแพงเพชร,กำแพงเพชร
1110,100,ประดาง - วังเจ้า,25+000,1123,199,19,3,1,884,38,21,9,5,2301,3.325,22,1187,ตากที่ 1,ตาก
1112,101,สลกบาตร - บ่อถ้ำ,2+000,1719,474,35,22,8,2863,152,169,130,75,5648,9.848,17,2634,กำแพงเพชร,กำแพงเพชร
1114,100,สันติบันเทิง - บางกระทุ่ม,3+000,1360,234,2,0,0,691,252,145,73,39,2797,18.212,30,998,พิษณุโลกที่ 1,พิษณุโลก
1115,200,น้อยซุ้มขี้เหล็ก - บ้านมุง,18+900,3003,152,45,0,0,857,57,35,134,50,4332,6.38,2,2112,พิษณุโลกที่ 2 (วังทอง),พิษณุโลก
1115,100,สากเหล็ก - น้อยซุ้มขี้เหล็ก,3+500,1104,270,1,1,0,1910,87,40,110,95,3617,9.189,2,1311,พิจิตร,พิจิตร
1116,101,นครชุม - มอเจริญ,1+500,7871,1593,35,21,5,2099,246,112,104,57,12143,4.477,31,4962,กำแพงเพชร,กำแพงเพชร
1117,100,คลองแม่ลาย - ช่องเย็น,1+500,2186,383,38,6,9,1548,90,103,86,58,4506,7.807,16,1396,กำแพงเพชร,กำแพงเพชร
1117,100,คลองแม่ลาย - ช่องเย็น,46+000,1104,216,7,5,0,1072,51,62,18,10,2546,5.742,36,2135,กำแพงเพชร,กำแพงเพชร
1118,200,เนินมะกอก - บางมูลนาก,14+677,1589,678,1,0,1,322,50,43,33,26,2744,5.618,15,1208,พิจิตร,พิจิตร
1118,100,ท่าพุทรา - เนินมะกอก,9+700,854,367,14,0,11,1190,61,70,23,13,2602,6.804,12,522,นครสวรรค์ที่ 2 (ตากฟ้า),นครสวรรค์
1119,101,น้ำสาดเหนือ - หนองผักหวาน,0+500,1197,163,0,0,0,1469,69,54,29,5,2984,5.205,15,1884,นครสวรรค์ที่ 2 (ตากฟ้า),นครสวรรค์
1120,100,สอง - แม่เต้น,2+000,2087,1340,116,85,111,3405,391,259,102,73,7967,12.801,24,1802,แพร่,แพร่
1120,200,แม่เต้น - เชียงม่วน,44+000,192,95,3,0,0,819,118,45,132,0,1404,20.993,0,641,พะเยา,พะเยา
1121,100,วัดโบสถ์ - แม่น้ำแควน้อย,0+264,937,1525,17,18,16,1237,34,37,209,19,4049,8.237,21,886,พิษณุโลกที่ 2 (วังทอง),พิษณุโลก
1124,200,ปางกุ่ม - วังชิ้น,38+907,1849,1415,94,50,42,1076,297,172,124,59,5179,14.399,32,2104,แพร่,แพร่
1124,100,ท่าผา - ปางกุ่ม,8+434,759,74,1,1,0,38,42,3,18,21,958,8.939,4,490,ลำปางที่ 1,ลำปาง
1125,100,นาปลากั้ง - วังชิ้น,5+800,1768,1486,79,55,53,1289,260,249,184,85,5507,16.072,22,1976,แพร่,แพร่
1126,100,พาน - บ้านวัง,4+000,2874,2356,56,56,50,5822,770,531,378,323,13216,15.952,470,3282,เชียงรายที่ 2,เชียงราย
1126,100,พาน - บ้านวัง,35+050,1939,1425,48,37,50,4302,644,490,378,306,9620,19.803,395,2874,เชียงรายที่ 2,เชียงราย
1126,200,บ้านวัง - ห้วยงิ้ว,56+500,581,235,23,2,1,806,98,33,93,13,1886,12.72,3,570,พะเยา,พะเยา
1128,100,เชียงเคี่ยน - ป่าแงะ,4+000,1187,1204,49,40,33,2797,215,226,175,147,6073,13.767,210,876,เชียงรายที่ 2,เชียงราย
1130,100,ป่าซาง - กิ่วสะไต,1+000,835,569,55,0,0,1766,123,113,53,17,3530,8.67,47,967,เชียงรายที่ 1,เชียงราย
1130,100,ป่าซาง - กิ่วสะไต,37+053,565,107,45,0,0,405,31,14,6,7,1180,4.84,24,617,เชียงรายที่ 1,เชียงราย
1130,100,ป่าซาง - กิ่วสะไต,19+553,399,132,38,0,0,1060,95,18,7,3,1752,7.04,25,459,เชียงรายที่ 1,เชียงราย
1132,102,ลานทอง - พรานกระต่าย,41+083,629,146,7,5,0,1735,140,276,825,305,4068,38.125,38,1233,ตากที่ 1,กำแพงเพชร
1132,101,วังประจบ - ลานทอง,2+083,359,107,10,3,0,1040,88,43,128,40,1819,16.635,6,796,ตากที่ 1,ตาก
1134,101,โจโก้ - บ้านเวียง,0+500,1291,999,75,0,0,1146,145,104,67,0,3827,8.266,20,1575,แพร่,แพร่
1136,100,เหมืองง่า - ลำพูน,1+800,17333,636,11,11,0,170,292,110,95,69,18727,3.08,23,12625,ลำพูน,ลำพูน
1141,100,ดอนจั่น - เชียงใหม่,7+000,109985,6393,4337,153,3896,6291,4303,190,102,93,135742,6.436,655,29526,เชียงใหม่ที่ 2,เชียงใหม่
1143,101,นครไทย - น้ำคลาด,3+000,3210,2620,3,3,2,2017,337,162,103,2,8461,7.208,65,2679,พิษณุโลกที่ 2 (วังทอง),พิษณุโลก
1143,102,น้ำคลาด - ปางหมิ่น,47+000,1304,145,0,2,0,1704,88,46,80,43,3413,7.597,32,922,พิษณุโลกที่ 2 (วังทอง),พิษณุโลก
1143,200,ปางหมิ่น - บ้านแพะ,77+000,312,105,26,0,3,819,65,26,71,66,1494,15.52,5,343,อุตรดิตถ์ที่ 1,อุตรดิตถ์
1145,100,ตากฟ้า - หัวถนน,20+666,761,200,26,10,22,1478,160,182,122,99,3060,19.448,7,388,นครสวรรค์ที่ 2 (ตากฟ้า),นครสวรรค์
1147,100,สันป่าฝ้าย - ห้วยไซ,1+000,7056,1891,112,81,99,9315,472,227,111,49,19413,5.354,0,9619,ลำพูน,ลำพูน
1148,101,ท่าวังผา - ผาหลัก,2+000,3486,1083,15,8,0,1446,1192,901,32,1,8164,26.147,270,2041,น่านที่ 2,น่าน
1148,200,สบทุ - บ้านหย่วน,111+404,2454,867,196,183,33,3689,186,139,66,7,7821,7.856,104,3118,พะเยา,พะเยา
1148,101,ท่าวังผา - ผาหลัก,47+500,1832,1736,0,2,0,1599,1303,980,7,1,7460,30.741,238,1797,น่านที่ 2,น่าน
1148,103,สะเกิน - สบทุ,95+200,853,826,2,2,0,2018,997,318,225,207,5448,32.096,349,5037,น่านที่ 2,พะเยา
1148,103,สะเกิน - สบทุ,82+000,834,712,2,2,0,1743,819,279,134,118,4641,29.109,263,2308,น่านที่ 2,พะเยา
1149,100,ห้วยไคร้ - ห้วยน้ำริน,3+150,274,150,29,63,0,741,6,0,0,0,1262,5.43,0,947,เชียงรายที่ 1,เชียงราย
1149,100,ห้วยไคร้ - ห้วยน้ำริน,28+860,103,85,0,0,0,121,0,0,0,0,308,0,0,290,เชียงรายที่ 1,เชียงราย
1149,100,ห้วยไคร้ - ห้วยน้ำริน,13+000,90,86,0,0,0,143,0,0,0,0,319,0,0,234,เชียงรายที่ 1,เชียงราย
1150,200,ขุนแจ๋ - เวียงป่าเป้า,82+000,2131,1074,457,0,0,2454,658,330,0,0,7104,13.907,111,2047,เชียงรายที่ 1,เชียงราย
1150,102,กิ่วไฮ - ขุนแจ๋,45+200,270,64,11,0,0,783,79,6,0,2,1215,7.143,49,574,เชียงใหม่ที่ 3,เชียงใหม่
1150,101,ปิงโค้ง - กิ่วไฮ,12+250,203,67,0,0,0,1320,34,7,5,5,1641,3.062,5,723,เชียงใหม่ที่ 3,เชียงใหม่
1152,100,หัวดอย - บ้านดอน,9+000,3200,1946,116,85,10,4106,1536,1490,1259,1061,14810,36.739,803,3189,เชียงรายที่ 1,เชียงราย
1152,201,บ้านดอน - พญาเม็งราย,32+000,2304,1639,81,50,55,4485,220,132,67,58,9092,6.419,214,3319,เชียงรายที่ 2,เชียงราย
1154,200,แก่งเสือเต้น - ดอนไชย,57+056,2896,2696,474,465,429,2764,1149,433,440,429,12176,27.474,453,3124,ลำปางที่ 2,ลำปาง
1154,100,สอง - แก่งเสือเต้น,4+856,2228,1634,155,93,137,5041,423,282,116,101,10210,11.275,29,4164,แพร่,แพร่
1154,100,สอง - แก่งเสือเต้น,17+156,2046,1269,103,81,110,3253,381,254,105,82,7683,13.186,19,1415,แพร่,แพร่
1154,200,แก่งเสือเต้น - ดอนไชย,34+556,801,652,428,461,482,907,598,516,424,453,5723,51.287,337,732,ลำปางที่ 2,ลำปาง
1155,102,ทรายกาด - บ้านลุง,80+300,1482,635,8,0,7,956,363,386,177,47,4061,24.128,112,1462,เชียงรายที่ 2,เชียงราย
1155,102,ทรายกาด - บ้านลุง,45+300,1238,405,10,0,0,1191,263,287,112,39,3545,19.749,93,1438,เชียงรายที่ 2,เชียงราย
1155,102,ทรายกาด - บ้านลุง,37+000,1118,557,9,0,0,1317,389,387,69,46,3892,22.887,133,1350,เชียงรายที่ 2,เชียงราย
1155,101,บ้านปี้ - ทรายกาด,10+000,426,241,0,0,0,1410,39,25,0,0,2141,2.987,166,1008,เชียงรายที่ 2,เชียงราย
1156,100,สบทา - ท่าลี่,0+300,1876,262,17,0,0,535,134,25,17,2,2868,6.213,12,1088,ลำพูน,ลำพูน
1157,100,ท่าล้อ - เมืองปาน,5+400,8986,8694,812,714,465,9318,805,902,425,356,31477,11.651,504,7587,ลำปางที่ 2,ลำปาง
1162,100,ไผ่งาม - น้ำมวบ,1+150,726,297,116,6,9,992,339,147,47,34,2715,21.456,103,881,น่านที่ 1,น่าน
1163,100,ร่วมจิต - น้ำพร้า,0+500,4558,4309,120,0,102,4644,99,94,64,0,13990,2.563,81,3927,อุตรดิตถ์ที่ 2,อุตรดิตถ์
1163,100,ร่วมจิต - น้ำพร้า,14+741,1653,127,89,79,0,4407,118,78,0,0,6550,4.185,57,3564,อุตรดิตถ์ที่ 2,อุตรดิตถ์
1166,100,วังโป่ง - ดารา,4+000,199,17,0,0,0,532,41,10,6,2,807,7.355,7,844,อุตรดิตถ์ที่ 1,อุตรดิตถ์
1167,100,แม่กลองใหม่ - เขตแดนไทย/พม่า,1+000,319,344,45,9,0,295,43,51,0,0,1106,9.401,3,991,ตากที่ 2 (แม่สอด),ตาก
1168,102,น้ำใส - น้ำตวง,39+252,779,397,15,0,0,391,96,30,2,1,1711,7.543,41,1128,น่านที่ 1,น่าน
1168,101,น่าน - น้ำใส,6+000,523,126,1,0,0,475,50,17,2,0,1195,5.832,4,979,น่านที่ 1,น่าน
1169,101,ท่าล้อ - เมืองหลวง,7+000,1032,65,18,5,5,345,74,17,2,6,1569,6.914,13,987,น่านที่ 1,น่าน
1170,100,ท่าวังผา - ดอนมูล,3+500,1632,978,81,310,0,793,357,43,11,1,4206,17.187,340,1122,น่านที่ 2,น่าน
1173,100,ศรีเวียง - แม่เลียบ,1+000,1936,211,114,64,55,5074,182,152,67,58,7914,7.303,192,3414,เชียงรายที่ 2,เชียงราย
1173,100,ศรีเวียง - แม่เลียบ,16+800,1653,468,107,98,82,4776,311,131,85,71,7782,9.994,251,2983,เชียงรายที่ 2,เชียงราย
1174,101,ป่ามื่น - แม่ต๋ำน้อย,1+000,2160,704,218,171,153,5777,291,246,255,223,10197,13.127,283,1746,เชียงรายที่ 2,เชียงราย
1174,101,ป่ามื่น - แม่ต๋ำน้อย,27+088,1990,673,142,121,129,5647,226,220,208,174,9529,11.315,202,1632,เชียงรายที่ 2,เชียงราย
1174,102,แม่ต๋ำน้อย - ทุ่งงิ้ว,80+182,1968,1841,225,148,72,5419,1004,905,548,328,12458,24.12,184,1101,เชียงรายที่ 2,เชียงราย
1175,100,แม่ระมาด - ห้วยส้มป่อย,3+106,652,745,89,9,0,1032,298,143,79,41,3088,18.454,164,999,ตากที่ 2 (แม่สอด),ตาก
1175,200,ห้วยส้มป่อย - เจดีย์ยุทธหัตถี,77+606,291,124,25,16,3,1118,101,37,6,3,1725,9.603,3,914,ตากที่ 1,ตาก
1176,100,ท่าโพธิ์ - บ้านสวน,0+500,691,686,50,38,9,716,258,120,15,0,2583,17.02,288,634,อุตรดิตถ์ที่ 2,อุตรดิตถ์
1177,100,ดอนระเบียง - ป่าไร่หลวง,32+082,945,1760,116,31,32,311,316,224,171,67,3973,21.184,19,1154,สุโขทัย,สุโขทัย
1177,100,ดอนระเบียง - ป่าไร่หลวง,2+000,516,637,34,10,2,412,71,63,37,13,1795,10.878,18,684,สุโขทัย,สุโขทัย
1178,101,แม่ข้อน - นาหวาย,1+000,1566,123,51,18,0,4742,116,22,53,3,6695,3.173,7,1275,เชียงใหม่ที่ 3,เชียงใหม่
1178,102,นาหวาย - สินไชย,33+250,616,184,78,11,1,1134,140,64,3,0,2232,9.877,12,839,เชียงใหม่ที่ 3,เชียงใหม่
1178,101,แม่ข้อน - นาหวาย,24+000,238,30,38,7,0,2088,32,11,6,3,2452,2.422,13,1098,เชียงใหม่ที่ 3,เชียงใหม่
1179,100,ฝายกวาง - ดอนเงิน,1+000,691,349,3,1,1,1379,174,50,8,0,2657,8.813,3,742,พะเยา,พะเยา
1180,100,สวรรคโลก - ปลายราง,25+500,1363,154,1,1,3,691,77,30,22,14,2355,6.208,26,1189,สุโขทัย,สุโขทัย
1180,100,สวรรคโลก - ปลายราง,7+250,1235,728,22,1,3,1093,153,55,24,10,3324,7.423,10,967,สุโขทัย,สุโขทัย
1181,100,แม่แก้วเหนือ - ใหม่ใน,1+000,1821,1610,96,66,0,2633,1509,1437,1454,1339,11963,48.516,945,2465,เชียงรายที่ 1,เชียงราย
1182,101,แยกนวมินทร์ - หาดเสลา,11+500,2193,717,23,0,0,3089,235,122,56,45,6480,7.067,12,2553,นครสวรรค์ที่ 1,นครสวรรค์
1184,100,แม่อาว - ดอนมูล,72+000,931,774,14,0,0,2272,490,319,0,0,4799,16.849,19,1767,ลำพูน,ลำพูน
1184,100,แม่อาว - ดอนมูล,6+000,850,731,31,0,0,2261,423,262,0,0,4557,15.013,24,1753,ลำพูน,ลำพูน
1186,100,น้ำแวน - ทุ่งหล่ม,1+000,488,177,0,0,2,1122,97,25,27,3,1942,8,14,831,พะเยา,พะเยา
1188,100,ปง - ห้วยกอก,0+860,656,255,2,0,1,2004,120,22,9,1,3070,4.985,28,2310,พะเยา,พะเยา
1188,200,ห้วยกอก - ห้วยอ่วม,44+460,573,458,0,0,0,1601,678,143,79,37,3569,26.24,312,2026,น่านที่ 2,พะเยา
1189,200,ช่างเพี้ยน - บ้านธิ,8+141,2184,1375,49,0,0,3560,222,17,0,0,7407,3.223,8,2926,ลำพูน,ลำพูน
1190,100,จำบอน - เหมืองง่า,2+600,1825,1688,57,21,0,2149,1482,1307,1190,1098,10817,47.123,840,1954,เชียงรายที่ 1,เชียงราย
1191,200,ท้ายดง - วังหิน,13+560,818,186,17,3,0,894,98,27,15,7,2066,7.297,19,781,เพชรบูรณ์ที่ 2 (บึงสามพัน),เพชรบูรณ์
1191,100,หนองขนาก - ท้ายดง,0+060,240,56,2,0,2,451,31,18,21,10,831,9.89,2,409,พิจิตร,พิจิตร
1192,100,อินทนนท์ - แม่แจ่ม,8+350,444,97,16,0,0,902,7,0,0,0,1466,0.467,0,305,เชียงใหม่ที่ 1,เชียงใหม่
1193,100,แม่ต๋ำ - แม่ใจ,4+000,1703,778,48,0,2,2048,73,18,35,7,4712,2.884,58,3037,พะเยา,พะเยา
1194,100,แม่สะเรียง - แม่สามแลบ,15+200,468,3,2,0,0,417,169,31,19,8,1118,20.327,0,777,แม่ฮ่องสอน,แม่ฮ่องสอน
1195,102,เตว็ดใน - วังไม้ขอน,19+986,2417,2590,145,13,25,411,209,119,80,63,6071,8.371,81,2128,สุโขทัย,สุโขทัย
1196,100,วังโป่ง - ด่านแม่คำมัน,1+000,689,111,1,0,0,788,63,62,56,27,1797,11.57,18,612,อุตรดิตถ์ที่ 1,อุตรดิตถ์
1201,100,สวรรคโลก - ป่ากล้วย,2+200,2764,69,11,3,6,53,120,41,32,13,3111,6.902,9,1236,สุโขทัย,สุโขทัย
1202,100,พะเยา - สันต้นแหน,5+000,1916,1552,79,45,10,1940,255,182,144,96,6219,11.754,39,1696,พะเยา,พะเยา
1204,102,ฟากคลองตรอน - พิชัย,40+743,1552,287,0,3,0,998,66,46,82,17,3052,7.036,40,2038,อุตรดิตถ์ที่ 1,อุตรดิตถ์
1204,101,บึงหลัก - ฟากคลองตรอน,10+022,524,236,14,10,0,1216,98,30,39,15,2183,8.791,48,1453,อุตรดิตถ์ที่ 1,อุตรดิตถ์
1205,100,ชนแดน - วังโป่ง,1+000,2820,35,18,0,2,907,79,22,9,10,3903,3.131,11,1624,เพชรบูรณ์ที่ 2 (บึงสามพัน),เพชรบูรณ์
1205,100,ชนแดน - วังโป่ง,21+188,2654,132,13,3,1,780,148,65,29,5,3831,6.559,35,2081,เพชรบูรณ์ที่ 2 (บึงสามพัน),เพชรบูรณ์
1206,100,ซอโอ - วะเล่ย์,1+700,1735,2422,102,0,0,5099,126,78,88,54,9703,3.555,35,1064,ตากที่ 2 (แม่สอด),ตาก
1208,100,ร่องขุ่น - สวนดอก,0+100,2784,2935,70,42,7,2951,612,606,548,624,11180,21.82,612,2828,เชียงรายที่ 1,เชียงราย
1209,100,บ้านเด่น - ท่าข้าวเปลือก,1+000,2194,1445,37,9,3,5701,104,45,22,24,9583,2.157,69,3143,เชียงรายที่ 1,เชียงราย
1210,100,สบสา - ก๊อหลวง,1+000,439,74,2,0,0,828,170,2,5,1,1521,11.712,69,1425,พะเยา,พะเยา
1211,101,หนองเหียง - สวนดอก,1+000,3756,2829,57,21,24,5158,127,61,24,13,12069,2.224,62,3475,เชียงรายที่ 1,เชียงราย
1211,102,สวนดอก - ดงมะดะ,25+825,547,95,16,3,2,71,47,22,9,7,819,11.018,6,372,เชียงรายที่ 1,เชียงราย
1214,102,น้ำอ่าง - วังผาชัน,27+550,1253,63,15,9,1,377,53,17,86,55,1928,11.434,63,1087,อุตรดิตถ์ที่ 1,อุตรดิตถ์
1214,102,น้ำอ่าง - วังผาชัน,13+500,847,254,15,21,3,1653,90,38,101,61,3081,10.156,10,480,อุตรดิตถ์ที่ 1,อุตรดิตถ์
1214,101,บ้านแก่ง - น้ำอ่าง,11+500,580,74,1,0,0,704,34,15,43,19,1471,7.609,13,958,อุตรดิตถ์ที่ 1,อุตรดิตถ์
1215,100,ห้วยบง - วังผา,0+700,461,50,23,0,0,90,108,23,21,6,782,20.146,29,465,ตากที่ 2 (แม่สอด),ตาก
1216,100,ห้วยแก๊ต - ขุนสถาน,2+000,550,215,116,0,0,959,85,48,0,0,1974,6.713,28,1416,แพร่,แพร่
1217,100,ปากห้วยอ้อย - วังปึ้ง,0+500,852,650,143,50,0,956,78,50,38,0,2816,7.664,51,1511,แพร่,แพร่
1219,100,แม่เทย - ทุ่งหัวช้าง,0+500,720,570,0,0,0,2325,367,225,0,0,4206,14.065,37,1940,ลำพูน,ลำพูน
1221,100,พิจิตร - ท่านา,0+500,2225,544,0,0,0,721,146,35,23,16,3710,5.942,1,1754,พิจิตร,พิจิตร
1221,200,ท่านา - ท่ามะขาม,9+000,1471,858,0,0,0,1045,248,175,87,54,3937,14.302,0,1288,พิษณุโลกที่ 1,พิษณุโลก
1222,100,บ้านหงาว - บ้านเหล่า,1+000,634,383,33,21,19,2543,204,66,32,23,3959,9.233,238,1758,เชียงรายที่ 2,เชียงราย
1225,101,ภูแยง - ปางช้าง,3+200,1263,356,33,0,0,163,239,71,51,18,2195,17.274,147,1249,น่านที่ 1,น่าน
1226,100,จ่าโบ่ - ปางคาม,0+500,194,146,2,0,0,223,56,15,2,0,638,11.449,0,453,แม่ฮ่องสอน,แม่ฮ่องสอน
1226,100,จ่าโบ่ - ปางคาม,9+515,129,45,6,0,0,333,17,10,0,0,540,5.074,0,417,แม่ฮ่องสอน,แม่ฮ่องสอน
1229,100,บ้านใหม่ - เปาสามขา,9+500,721,573,0,0,0,908,8,10,0,0,2220,0.823,12,1064,เชียงใหม่ที่ 2,เชียงใหม่
1230,100,บ้านใหม่ - ห้วยแก้ว,0+500,485,0,0,0,0,693,0,0,0,0,1179,0,0,773,เชียงใหม่ที่ 2,เชียงใหม่
1232,100,อนุสาวรีย์พ่อขุนเม็งราย - เวียงชัย,3+000,2425,3107,66,65,41,3118,50,34,42,26,8975,2.889,75,3012,เชียงรายที่ 1,เชียงราย
1233,100,ศรีทรายมูล - บ้านด้าย,2+000,8980,4522,87,66,77,7441,222,135,88,55,21671,2.962,40,6823,เชียงรายที่ 1,เชียงราย
1234,100,ทางเข้าพระบรมธาตุเจดีย์ศรีนครินทร์ฯ,1+500,56,19,0,0,0,110,19,2,0,0,207,10.497,41,312,เชียงรายที่ 1,เชียงราย
1237,100,ชาติตระการ - ชำนาญจุ้ย,12+200,185,31,3,0,0,1019,58,7,2,0,1305,5.162,15,691,พิษณุโลกที่ 2 (วังทอง),พิษณุโลก
1237,100,ชาติตระการ - ชำนาญจุ้ย,24+687,156,37,1,0,0,989,37,7,1,3,1231,3.896,101,632,พิษณุโลกที่ 2 (วังทอง),พิษณุโลก
1242,100,โค้งวิไล - เขาน้ำอุ่น,1+000,1126,388,3,6,2,2177,124,80,404,30,4341,14.891,6,1079,กำแพงเพชร,กำแพงเพชร
1243,100,ปางไฮ - ห้วยไผ่,15+033,627,31,6,0,11,33,57,46,79,0,890,21.694,3,705,อุตรดิตถ์ที่ 2,อุตรดิตถ์
1243,201,ห้วยไผ่ - หาดไร่,79+433,566,190,69,0,0,658,234,27,5,8,1757,15.605,40,783,น่านที่ 1,น่าน
1243,202,หาดไร่ - นาเซีย,107+733,492,265,0,0,0,123,45,2,0,0,927,5.049,32,761,น่านที่ 1,น่าน
1244,100,น้ำอ่าง - น้ำพี้,0+500,324,55,0,0,0,298,24,19,46,29,795,14.799,24,303,อุตรดิตถ์ที่ 1,อุตรดิตถ์
1246,100,หนองกวาง - แสนขัน,17+000,705,620,40,5,3,517,101,79,188,123,2381,20.959,4,835,อุตรดิตถ์ที่ 1,อุตรดิตถ์
1246,100,หนองกวาง - แสนขัน,10+000,308,111,0,0,0,954,53,27,105,45,1602,14.326,22,747,อุตรดิตถ์ที่ 1,อุตรดิตถ์
1249,100,แม่งอน - หนองเต่า,5+000,99,78,56,0,0,78,21,0,0,0,331,6.207,17,372,เชียงใหม่ที่ 3,เชียงใหม่
1250,100,ไม้แงะ - ท่าโป่งแดง,0+500,363,463,122,79,1,2240,74,1,0,0,3343,4.646,35,3004,แม่ฮ่องสอน,แม่ฮ่องสอน
1251,101,ดอกคำใต้ - บ้านถ้ำ,5+000,1455,381,58,7,9,948,270,131,103,120,3482,18.367,77,1043,พะเยา,พะเยา
1251,102,บ้านถ้ำ - เชียงม่วน,58+000,883,95,5,0,0,303,53,19,30,2,1389,7.484,37,696,พะเยา,พะเยา
1252,200,แม่ตอนหลวง - ข่วงกอม,50+589,1391,1520,794,343,323,2305,373,373,381,355,8159,26.344,573,2235,ลำปางที่ 2,ลำปาง
1252,100,ปางแฟน - แม่ตอนหลวง,19+300,632,564,0,0,0,876,98,0,0,0,2170,4.526,0,867,เชียงใหม่ที่ 2,เชียงใหม่
1254,100,ทางเข้าดารา,0+500,143,47,0,0,5,183,32,1,1,3,415,10.193,16,251,อุตรดิตถ์ที่ 1,อุตรดิตถ์
1255,100,ฟ้าเรือง - คลองกล้วย,0+500,359,211,0,0,0,196,55,13,24,14,871,12.058,1,273,อุตรดิตถ์ที่ 1,อุตรดิตถ์
1256,101,ปัว - อุทยานแห่งชาติดอยภูคา,3+500,1180,1078,70,0,0,1027,386,272,150,3,4165,19.468,443,1146,น่านที่ 2,น่าน
1257,100,ศรีบุญเรือง - หลักลาย,1+000,1440,115,2,0,0,206,186,72,22,1,2044,13.743,143,1284,น่านที่ 1,น่าน
1260,100,ศรีบุญเรือง - โรงพยาบาลสันทราย,2+500,7955,1034,132,160,1,284,247,160,47,38,10057,6.484,79,5423,เชียงใหม่ที่ 2,เชียงใหม่
1263,200,ปางอุ๋ง - แม่นาจร,64+725,271,106,38,14,0,300,47,19,10,3,809,11.582,4,310,เชียงใหม่ที่ 1,เชียงใหม่
1263,100,ขุนยวม - ปางอุ๋ง,0+600,262,104,2,0,0,2139,59,7,5,2,2580,2.833,1,2095,แม่ฮ่องสอน,แม่ฮ่องสอน
1264,100,แม่พริก - ห้วยขี้นก,0+500,491,257,33,0,0,59,190,80,15,1,1126,25.355,43,359,ลำปางที่ 1,ลำปาง
1265,100,ปาย - วัดจันทร์,0+500,38,0,0,0,0,18,10,1,0,0,67,16.949,7,85,แม่ฮ่องสอน,แม่ฮ่องสอน
1266,100,แม่ลาน้อย - ละอุบ,0+500,202,54,0,0,0,1318,158,13,5,1,1750,10.052,4,1425,แม่ฮ่องสอน,แม่ฮ่องสอน
1267,100,แม่สลิดหลวง - แม่ระเมิง,0+500,158,49,0,0,0,43,5,0,0,0,255,1.794,0,330,ตากที่ 2 (แม่สอด),ตาก
1268,100,เหมืองแพร่ - นาเจริญ,10+500,1310,778,57,17,9,978,508,322,114,7,4100,23.844,19,1134,เลยที่ 2 (ด่านซ้าย),เลย
1268,100,เหมืองแพร่ - นาเจริญ,5+000,1252,672,65,42,0,833,363,264,73,0,3563,20.833,72,990,เลยที่ 2 (ด่านซ้าย),เลย
1268,200,นาเจริญ - ปางไฮ,119+628,962,683,24,18,5,547,709,638,584,508,4678,52.637,305,752,อุตรดิตถ์ที่ 2,อุตรดิตถ์
1268,200,นาเจริญ - ปางไฮ,41+150,755,664,19,0,0,614,648,601,552,383,4235,51.537,191,590,อุตรดิตถ์ที่ 2,พิษณุโลก
1268,200,นาเจริญ - ปางไฮ,76+993,729,602,18,0,0,609,592,545,343,313,3750,47.792,245,597,อุตรดิตถ์ที่ 2,อุตรดิตถ์
1269,102,แม่ขนิน - ต้นเกว๋น,30+000,1253,1625,147,42,16,1248,158,41,29,14,4573,6.543,94,1201,เชียงใหม่ที่ 2,เชียงใหม่
1270,100,กองลอย - แม่แฮใต้,0+500,104,71,0,0,0,915,96,54,0,0,1239,12.074,0,646,เชียงใหม่ที่ 1,เชียงใหม่
1271,100,ปงน้อย - สันทราย,5+000,2812,475,232,254,258,3413,433,512,476,482,9346,25.834,436,809,เชียงรายที่ 2,เชียงราย
1272,100,คีรีมาศ - สามแยกแจกัน,20+196,5103,236,5,3,2,98,385,378,307,137,6655,18.226,101,656,สุโขทัย,สุโขทัย
1274,202,นาบอน - นาแก้ว,55+400,3165,712,212,9,0,721,641,560,13,1,6033,20.276,18,791,ลำปางที่ 1,ลำปาง
1274,100,ลี้ - แม่บอน,18+100,674,461,41,19,13,404,148,39,2,0,1802,12.294,135,871,ลำพูน,ลำพูน
1275,100,มะขามสูง - พญาแมน,15+000,3583,3731,45,340,327,1736,988,562,440,335,12086,24.75,351,2260,พิษณุโลกที่ 1,พิษณุโลก
1276,100,สี่แยกหนองหัวปลวก - วังจิก,4+820,778,250,0,0,0,1114,80,64,101,78,2464,13.074,2,313,พิจิตร,พิจิตร
1278,100,วังพิกุล - ลานกระบือ,0+500,1671,1119,8,19,21,2523,402,394,349,367,6873,22.582,48,1125,พิษณุโลกที่ 1,กำแพงเพชร
1280,100,ทุ่งมหาชัย - ระหาน,1+000,1500,1211,42,0,0,2105,127,103,95,48,5230,7.119,21,1198,กำแพงเพชร,กำแพงเพชร
1281,100,บางระกำ - บ่อทอง,0+900,3054,1538,33,3,19,3247,260,160,99,94,8509,7.477,23,3747,พิษณุโลกที่ 1,พิษณุโลก
1285,100,ทุ่งมะส้าน - ห้วยผึ้ง,0+500,463,8,19,0,2,222,10,10,0,0,734,3.11,10,411,แม่ฮ่องสอน,แม่ฮ่องสอน
1286,100,ตลิ่งชัน - เขาแม่แก่,0+500,604,491,0,0,0,1466,235,246,574,882,4499,43.057,2,1225,พิจิตร,พิจิตร
1287,100,สันมะเกลือ - เมืองปาน,5+700,1408,1294,429,380,360,1477,678,519,353,328,7226,36.226,482,1144,ลำปางที่ 2,ลำปาง
1288,100,หนองหลวง - เปิ่งเคลิ่ง,5+800,271,235,30,0,1,300,30,51,6,0,924,9.518,0,595,ตากที่ 2 (แม่สอด),ตาก
1289,101,วังสำโรง - บางลาย,1+000,1445,270,8,6,0,405,104,80,81,108,2507,15.125,24,1204,พิจิตร,พิจิตร
1290,101,แม่สาย - กิ่วกาญจน์,1+500,2388,899,413,262,289,3827,307,247,316,223,9171,17.92,405,2274,เชียงรายที่ 2,เชียงราย
1290,101,แม่สาย - กิ่วกาญจน์,36+255,2268,1359,294,275,452,3495,831,803,321,304,10402,28.711,364,1601,เชียงรายที่ 2,เชียงราย
1290,101,แม่สาย - กิ่วกาญจน์,64+704,1241,1149,272,256,252,4153,424,576,479,437,9238,26.233,465,1911,เชียงรายที่ 2,เชียงราย
1290,102,กิ่วกาญจน์ - เชียงของ,78+160,795,966,88,63,47,4265,339,375,445,203,7586,19.407,250,724,เชียงรายที่ 2,เชียงราย
1292,200,พวงพยอม - แม่ลอยไร่,36+279,2829,2832,62,69,55,3169,195,210,171,166,9758,8.872,212,2317,เชียงรายที่ 2,เชียงราย
1292,100,ห้วยข้าวก่ำ - น้ำจุน,4+000,684,200,0,0,0,1094,80,18,45,2,2123,6.832,51,818,พะเยา,พะเยา
1293,100,สุโขทัย - ท่าฉนวน,3+725,2715,785,42,61,27,243,182,77,56,59,4246,10.866,43,2712,สุโขทัย,สุโขทัย
1293,200,ท่าฉนวน - บางระกำ,53+000,916,337,0,0,0,2035,156,142,144,509,4239,22.441,34,855,พิษณุโลกที่ 1,พิษณุโลก
1294,100,เมืองเก่า - อุทยานแห่งชาติศรีสัชนาลัย,11+500,1931,121,0,0,0,280,81,27,13,0,2453,4.935,17,1683,สุโขทัย,สุโขทัย
1295,100,กกไม้แดง - เนินมะปราง,6+500,1654,91,5,2,2,1197,118,62,114,24,3269,9.853,1,834,พิษณุโลกที่ 2 (วังทอง),พิษณุโลก
1296,100,ท่างาม - โป่งแค,0+500,1214,464,170,15,10,1832,395,367,158,132,4757,22.641,10,1432,พิษณุโลกที่ 2 (วังทอง),พิษณุโลก
1298,100,บ้านใหม่ - หนองลาว,3+000,1333,465,6,2,1,1667,162,57,54,39,3786,8.326,39,546,พะเยา,พะเยา
1299,100,เวียงชัย - บ้านปง,1+000,651,570,73,37,38,3216,168,118,105,57,5032,10.372,98,2410,เชียงรายที่ 2,เชียงราย
1300,100,ฆะมัง - โพธิ์ประทับช้าง,0+200,950,420,7,8,0,1022,167,51,19,73,2718,11.723,18,821,พิจิตร,พิจิตร
1301,200,หนองระมาน - วังโป่ง,12+000,759,290,0,0,0,908,86,69,46,23,2180,10.215,16,817,เพชรบูรณ์ที่ 2 (บึงสามพัน),เพชรบูรณ์
1301,100,หนองขนาก - หนองระมาน,4+825,411,123,0,0,2,634,50,27,21,21,1289,9.389,1,389,พิจิตร,พิจิตร
1303,100,ปลายนา - หนองตูม,6+200,376,201,0,0,0,1162,184,161,113,146,2342,25.792,62,777,พิษณุโลกที่ 1,พิษณุโลก
1304,100,หัวดง - ยางสามต้น,7+700,545,161,0,0,0,989,63,49,27,25,1859,8.845,6,974,พิจิตร,พิจิตร
1306,100,ห้วยสัก - บ้านดอน,1+000,2136,1781,71,49,18,3292,1533,1236,1179,1165,12458,41.575,1044,3109,เชียงรายที่ 1,เชียงราย
1308,100,เตว็ดใน - วังทองแดง,1+500,1279,303,14,9,1,533,161,64,105,70,2539,16.149,90,1233,สุโขทัย,สุโขทัย
1309,100,ป่าแดง - หนองตม,1+200,660,1230,27,33,401,890,121,43,49,187,3642,22.923,27,907,พิษณุโลกที่ 2 (วังทอง),พิษณุโลก
1310,100,ทับยายเชียง - พรหมพิราม,2+400,1357,1176,21,37,34,1537,51,50,58,66,4388,6.767,10,1021,พิษณุโลกที่ 2 (วังทอง),พิษณุโลก
1311,100,คีรีมาศ - หนองบัว,3+000,1376,1235,0,1,1,102,116,98,167,69,3165,14.291,22,1220,สุโขทัย,สุโขทัย
1312,200,กำแพงดิน - สามแยกกำแพงดิน,11+400,1216,578,7,0,0,590,159,97,199,57,2903,17.624,13,1284,พิษณุโลกที่ 1,พิษณุโลก
1312,100,สามง่าม - กำแพงดิน,2+050,775,901,0,0,0,1230,560,538,602,539,5145,43.507,150,602,พิจิตร,พิจิตร
1313,101,บางมูลนาก - บางไผ่,9+000,707,740,0,0,0,724,47,38,34,37,2326,6.676,4,1036,พิจิตร,พิจิตร
1314,100,ท่าตอน - แม่แหลง,10+000,281,168,0,0,0,1067,47,0,0,0,1562,2.997,2,1010,เชียงใหม่ที่ 3,เชียงใหม่
1317,101,ดอนจั่น - สันกลางใต้,1+140,49256,5945,2226,270,924,1776,2882,1770,445,65,65559,9.695,616,19249,เชียงใหม่ที่ 2,เชียงใหม่
1317,102,สันกลางใต้ - ห้วยแก้ว,36+000,1577,1007,14,0,0,1131,11,9,0,0,3750,0.548,9,973,เชียงใหม่ที่ 2,เชียงใหม่
1318,102,ปากน้ำ - ศรีนคร,11+750,345,216,10,2,1,519,137,82,105,34,1452,24.941,9,396,สุโขทัย,สุโขทัย
1319,100,คีรีมาศ - อุทยานแห่งชาติรามคำแหง,1+500,1315,564,0,0,0,94,118,130,134,78,2432,18.882,23,3671,สุโขทัย,สุโขทัย
1322,100,แม่จา - รินหลวง,56+000,1263,436,45,19,0,950,278,43,9,3,3047,11.582,16,2678,เชียงใหม่ที่ 3,เชียงใหม่
1322,100,แม่จา - รินหลวง,127+056,380,159,87,31,0,927,135,73,11,1,1805,13.924,38,767,เชียงใหม่ที่ 3,เชียงใหม่
1322,100,แม่จา - รินหลวง,89+800,79,7,3,0,0,558,41,3,0,0,692,6.436,4,742,เชียงใหม่ที่ 3,เชียงใหม่
1324,200,ทุ่งป่ากระถิน - พญาแมน,6+000,198,123,9,10,1,530,45,22,62,97,1096,21.563,5,376,อุตรดิตถ์ที่ 1,อุตรดิตถ์
1326,100,ร่องบัวทอง - สบเปา,6+075,1582,941,116,104,137,3054,152,123,146,124,6480,12.143,276,1665,เชียงรายที่ 2,เชียงราย
1327,100,บ้านด่านลานหอย - ทุ่งเสลี่ยม,20+000,984,1119,441,393,412,1099,834,598,653,493,7027,48.155,176,1030,ตากที่ 1,สุโขทัย
1328,100,แสงภา - นาปอ,20+643,544,299,11,3,1,376,169,24,0,0,1428,13.84,11,657,เลยที่ 2 (ด่านซ้าย),เลย
1328,100,แสงภา - นาปอ,7+000,420,174,1,0,0,399,174,21,0,0,1188,16.346,14,595,เลยที่ 2 (ด่านซ้าย),เลย
1329,100,นาป้อใต้ - บ้านเอื้อม,0+500,2257,1948,412,420,355,2911,536,456,361,360,10016,24.835,470,2957,ลำปางที่ 2,ลำปาง
1330,102,แม่ทุเลา - ท่าแพ,22+000,428,72,0,0,0,39,0,0,0,0,539,0,7,710,สุโขทัย,สุโขทัย
1331,100,พรานกระต่าย - ลานไผ่,1+000,565,413,34,3,1,1323,80,37,33,30,2519,7.298,15,1428,ตากที่ 1,กำแพงเพชร
1332,100,นาไผ่ล้อม - ถ้ำแม่ย่า,6+000,954,75,0,0,0,81,105,86,48,15,1364,18.593,19,517,สุโขทัย,สุโขทัย
1333,100,แม่สะนาน - ผักเฮือก,42+715,429,49,10,0,0,53,41,26,0,0,609,11.069,26,371,น่านที่ 2,น่าน
1333,100,แม่สะนาน - ผักเฮือก,0+500,87,27,0,0,0,16,21,0,0,0,151,13.636,0,102,น่านที่ 2,น่าน
1335,101,ห้วยเดื่อ - หัวทุ่ง,1+000,1174,1256,726,558,439,1849,668,563,416,426,8076,38.014,299,1576,ลำปางที่ 2,ลำปาง
1335,101,ห้วยเดื่อ - หัวทุ่ง,13+800,1058,869,674,423,508,980,549,532,467,443,6503,44.942,336,1456,ลำปางที่ 2,ลำปาง
1337,100,หางปอน - แม่เงา,0+500,21,5,1,0,0,99,0,0,0,0,126,0,2,163,แม่ฮ่องสอน,แม่ฮ่องสอน
1338,100,ขาแหย่ง - ป่าเมี่ยง,1+000,81,89,0,0,0,138,0,0,0,0,308,0,0,297,เชียงรายที่ 1,เชียงราย
1339,101,ห้วยมุ่น - น้ำปาด,45+862,1216,1030,47,42,40,814,463,228,64,30,3975,21.81,254,757,อุตรดิตถ์ที่ 2,อุตรดิตถ์
1339,102,น้ำปาด - ปากนาย,49+293,542,511,21,13,7,947,469,399,11,0,2919,30.79,0,707,อุตรดิตถ์ที่ 2,อุตรดิตถ์
1342,100,ห้วยขึม - ปากห้วยอ้อย,0+500,961,669,174,49,0,1265,71,47,35,0,3271,6.18,29,1958,แพร่,แพร่
1343,100,บุญเริง - ต้นหนุน,0+500,57,0,63,0,0,122,49,35,0,0,327,25.874,2,1027,แพร่,แพร่
1344,100,น้อยซุ้มขี้เหล็ก - คลองตาลัด,0+500,662,89,10,1,2,969,83,33,7,9,1866,7.283,20,636,พิษณุโลกที่ 2 (วังทอง),พิษณุโลก
1345,100,ทุ่งบานเย็น - ผาแดงบน,1+000,1217,355,22,0,0,1863,119,7,3,5,3591,3.721,23,2475,พะเยา,พะเยา
1346,101,พร้าว - แดนดิน,2+500,348,58,8,0,2,704,81,3,0,0,1205,7.204,40,475,เชียงใหม่ที่ 3,เชียงใหม่
1349,100,สะเมิง - วัดจันทร์,50+000,625,71,39,7,0,1187,70,7,7,0,2011,4.486,4,874,เชียงใหม่ที่ 2,เชียงใหม่
1349,100,สะเมิง - วัดจันทร์,0+100,41,9,5,0,0,458,18,0,0,0,531,3.441,0,176,เชียงใหม่ที่ 2,เชียงใหม่
1350,100,ทางเข้าโครงการพระราชดำริศูนย์ภูฟ้าพัฒนา,0+100,161,32,15,0,0,6,21,0,0,0,234,8.78,0,118,น่านที่ 2,น่าน
1351,100,หนองบัวใต้ - เชิงสะพานกิตติขจร,3+000,352,130,5,1,2,717,35,41,22,25,1331,9.528,5,909,ตากที่ 1,ตาก
1352,100,ทางเข้าดอนไชย,0+304,1574,42,24,0,0,57,49,9,15,13,1783,4.805,5,665,ลำปางที่ 1,ลำปาง
1357,100,ทางเข้าเขื่อนภูมิพล,10+000,1801,154,37,9,19,130,63,42,13,3,2272,6.586,7,749,ตากที่ 1,ตาก
1358,100,ทางเข้าดอยอ่างขาง,0+500,47,34,32,6,0,50,14,0,0,0,183,10.625,10,103,เชียงใหม่ที่ 3,เชียงใหม่
1359,100,ทางเข้าเชียงดาว,7+995,1709,328,87,34,37,5475,147,47,8,3,7875,3.51,12,1593,เชียงใหม่ที่ 3,เชียงใหม่
1361,100,สวนดอกคำ - ม่วงงาม,0+220,1722,1357,643,522,489,2602,644,449,399,415,9241,31.566,458,2550,ลำปางที่ 2,ลำปาง
1362,100,นิคมดอยเต่า - ท่าน้ำ,1+500,91,41,0,0,0,150,31,1,0,0,314,10.182,10,389,เชียงใหม่ที่ 1,เชียงใหม่
1364,100,โรงเรียนนวมินทราชูทิศ - กองพันพัฒนาที่3,0+410,2304,523,37,13,3,1606,121,25,21,10,4662,4.14,49,2503,เชียงใหม่ที่ 2,เชียงใหม่
1365,100,สนามกีฬาสมโภชเชียงใหม่700ปี - ศาลจังหวัดเชียงใหม่,0+700,7134,385,9,0,5,4294,69,0,0,0,11895,0.614,18,3161,เชียงใหม่ที่ 2,เชียงใหม่
1366,100,หนองฮ่อ - ศูนย์พัฒนาปิโตรเลียมภาคเหนือ,1+780,7573,642,300,13,6,3533,59,14,1,0,12141,0.762,19,4667,เชียงใหม่ที่ 2,เชียงใหม่
1367,100,สันทรายน้อย - มหาวิทยาลัยแม่โจ้,5+000,7716,728,332,132,91,15417,1207,279,196,107,26207,7.683,89,8067,เชียงใหม่ที่ 2,เชียงใหม่
1368,100,บ้านกล้วย - คลองยาง,2+547,1833,459,0,0,15,90,106,88,0,0,2591,8.065,11,1680,สุโขทัย,สุโขทัย
1370,100,ทางเข้าสวรรคโลก,6+630,3988,635,23,8,18,2024,158,80,61,13,7007,4.808,49,2945,สุโขทัย,สุโขทัย
1371,100,ตีนตก - บ้านมอน,2+000,2038,453,58,0,0,1176,532,491,64,0,4813,22.591,391,1833,น่านที่ 2,น่าน
1372,100,หนองบัว - ไร่สีทอง,1+700,252,153,0,0,0,1249,208,152,0,0,2015,17.857,121,818,พิษณุโลกที่ 1,สุโขทัย
1373,100,คลองยาง - บ้านเหมือง,1+137,835,137,13,0,0,210,45,30,27,16,1312,8.964,8,468,สุโขทัย,สุโขทัย
1374,101,ตะพานหิน - คลองคูณ,3+000,2808,554,10,7,7,682,191,101,72,50,4482,9.531,15,1312,พิจิตร,พิจิตร
1375,100,หนองกระทุ่ม - ดงเย็น,1+000,590,391,2,5,0,1420,88,54,148,153,2851,15.705,3,750,กำแพงเพชร,กำแพงเพชร
1375,200,ดงเย็น - ดงทอง,13+000,333,251,2,0,1,1302,267,230,250,177,2814,32.873,24,1083,นครสวรรค์ที่ 1,นครสวรรค์
1377,100,ทางเข้าสองคอน,0+100,724,432,9,8,0,340,27,0,0,6,1546,2.659,153,564,อุตรดิตถ์ที่ 2,อุตรดิตถ์
1378,100,สามัคคีใหม่ - ห้วยปู,3+000,35,32,0,0,0,127,0,0,0,0,194,0,0,138,เชียงรายที่ 1,เชียงราย
1384,100,บ้านใหม่ - น้ำตกขุนกรณ์,4+500,1401,105,5,0,0,670,30,13,0,0,2224,1.9,28,1010,เชียงรายที่ 1,เชียงราย
1385,100,แม่ต๋ำน้อย - ชมภู,6+322,1752,519,75,62,61,3772,172,104,86,80,6682,8.443,292,1327,เชียงรายที่ 2,เชียงราย
1386,100,ทางเข้าท่าอากาศยานพิษณุโลก,0+270,1039,593,47,11,3,306,39,27,0,0,2066,3.925,135,787,พิษณุโลกที่ 1,พิษณุโลก
1387,100,ห้วยไคร้ - ห้วยน้ำขุ่น,1+000,437,282,29,46,0,899,33,15,0,0,1741,5.381,42,1334,เชียงรายที่ 1,เชียงราย
1389,100,สถานีเพาะเลี้ยงสัตว์ป่าดอยตุง - วัดพระธาตุดอยตุง,1+000,62,59,0,0,0,82,0,0,0,0,203,0,3,95,เชียงรายที่ 1,เชียงราย
1390,100,ทางเข้าพระธาตุดอยตุง,0+600,101,88,0,11,0,77,0,0,0,0,276,4.132,0,138,เชียงรายที่ 1,เชียงราย
1391,100,แม่ทะ - สถานีรถไฟแม่ทะ,0+712,290,10,0,0,0,535,18,1,0,0,854,2.273,8,835,ลำปางที่ 1,ลำปาง
1400,100,แยกทางหลวง - ป่ามะม่วง,0+600,3078,718,23,23,43,3062,169,38,13,37,7203,4.471,14,1953,ตากที่ 1,ตาก
1404,100,หนองช้าง - หนองอ้อ,6+000,674,23,0,0,11,45,42,2,8,0,805,7.943,37,488,สุโขทัย,สุโขทัย
1409,100,ทางเข้าสะพานมิตรภาพแม่สายแห่งที่2(ไทย/พม่า),1+000,1050,410,411,405,375,2581,400,351,338,408,6728,33.831,410,900,เชียงรายที่ 2,เชียงราย
1411,100,หนองคอก - ธารทหาร,7+300,842,110,0,0,0,1618,49,80,19,2,2720,5.542,13,1347,นครสวรรค์ที่ 2 (ตากฟ้า),นครสวรรค์
1412,100,คอกควายใหญ่ - พนมรอก,15+568,275,33,0,0,0,1301,59,72,42,61,1843,12.701,21,1197,นครสวรรค์ที่ 2 (ตากฟ้า),นครสวรรค์
1419,100,ทางเข้าเด่นชัย,4+608,1971,988,73,51,0,2071,119,89,82,48,5492,7.091,19,2036,แพร่,แพร่
1421,201,ป่าบง - บ้านเหล่า,24+350,2570,2352,65,71,72,3443,223,192,136,78,9201,8.379,228,2693,เชียงรายที่ 2,เชียงราย
2005,100,หล่มเก่า - วังบาล,4+000,1942,268,38,9,0,767,55,23,1,0,3103,2.834,14,1939,เพชรบูรณ์ที่ 1,เพชรบูรณ์
2007,100,นายม - ถ้ำน้ำบัง,0+700,1625,1116,67,29,34,885,328,263,182,136,4664,20.813,27,2057,เพชรบูรณ์ที่ 1,เพชรบูรณ์
2008,100,หล่มสัก - น้ำก้อ,2+000,1040,91,0,0,0,1560,99,35,0,0,2827,4.768,25,1505,เพชรบูรณ์ที่ 1,เพชรบูรณ์
2009,100,ห้วยเม็ก - ท่าคันโท,44+000,815,405,37,30,22,1805,38,38,32,39,3260,6.062,25,1672,กาฬสินธุ์,กาฬสินธุ์
2012,100,บ้านสามแยก - วิเชียรบุรี,6+000,4294,3289,574,177,23,7150,439,235,121,69,16371,6.495,51,3930,เพชรบูรณ์ที่ 2 (บึงสามพัน),เพชรบูรณ์
2013,102,น้ำเทิน - บ่อโพธิ์,34+083,3023,441,9,11,9,146,167,83,82,3,3976,8.963,5,1929,พิษณุโลกที่ 2 (วังทอง),พิษณุโลก
2013,200,บ่อโพธิ์ - โคกงาม,76+022,2956,2944,38,23,23,1961,142,75,42,34,8238,4.118,16,3118,เลยที่ 2 (ด่านซ้าย),เลย
2013,101,บ้านแยง - น้ำเทิน,3+000,1638,3165,1,13,53,1078,219,72,27,24,6290,6.483,0,562,พิษณุโลกที่ 2 (วังทอง),พิษณุโลก
2013,200,บ่อโพธิ์ - โคกงาม,73+083,1198,1320,5,5,9,972,320,174,207,118,4326,19.219,9,1524,เลยที่ 2 (ด่านซ้าย),เลย
2013,102,น้ำเทิน - บ่อโพธิ์,25+763,943,1050,1,3,0,140,91,59,9,22,2320,7.976,15,745,พิษณุโลกที่ 2 (วังทอง),พิษณุโลก
2014,100,โป่งชี - ด่านซ้าย,4+500,1100,365,11,2,1,752,74,43,49,82,2481,10.175,5,707,เลยที่ 2 (ด่านซ้าย),เลย
2016,100,วังสะพุง - ตาวตาด,4+700,1768,1115,10,16,0,3296,136,29,38,3,6411,3.456,7,2076,เลยที่ 1,เลย
2016,200,ตาวตาด - ตาดกลอย,57+050,661,246,7,0,0,500,137,77,39,25,1691,16.408,13,690,เพชรบูรณ์ที่ 1,เพชรบูรณ์
2016,100,วังสะพุง - ตาวตาด,30+250,450,228,55,1,0,1493,88,46,8,8,2377,6.343,11,937,เลยที่ 1,เลย
2016,100,วังสะพุง - ตาวตาด,35+000,291,123,7,0,0,1116,35,7,5,6,1590,3.305,3,536,เลยที่ 1,เลย
2019,100,โป่งวัว - อุทยานแห่งชาติภูกระดึง,2+850,3035,171,73,32,32,286,179,23,10,3,3844,7.279,11,2297,เลยที่ 1,เลย
2020,200,บ้านว่าน - บ้านผือ,19+000,2374,1005,135,94,97,491,300,212,265,131,5105,21.544,104,1430,อุดรธานีที่ 1,อุดรธานี
2020,100,ท่าบ่อ - บ้านว่าน,2+250,1229,594,376,319,296,3240,434,344,281,243,7355,26.056,246,2482,หนองคาย,หนองคาย
2021,101,ดงไร่ - หนองหัวคู,1+000,2649,2026,64,79,61,4364,685,392,338,240,10897,16.466,43,2940,อุดรธานีที่ 1,อุดรธานี
2022,100,นิคม - บ้านดุง,3+370,1270,172,41,27,10,2242,131,80,55,50,4080,8.679,15,1461,อุดรธานีที่ 2 (หนองหาน),อุดรธานี
2022,100,นิคม - บ้านดุง,36+000,1114,386,10,6,25,2123,167,82,87,56,4056,10.42,19,710,อุดรธานีที่ 2 (หนองหาน),อุดรธานี
2022,100,นิคม - บ้านดุง,27+000,997,355,1,1,2,1711,204,145,37,29,3482,12.004,4,818,อุดรธานีที่ 2 (หนองหาน),อุดรธานี
2023,101,น้ำฆ้อง - ศรีธาตุ,0+500,8176,877,59,26,31,13134,670,579,586,492,24632,9.681,23,7065,อุดรธานีที่ 2 (หนองหาน),อุดรธานี
2023,101,น้ำฆ้อง - ศรีธาตุ,15+000,3473,2574,26,27,32,7742,793,793,568,573,16602,16.779,23,1508,อุดรธานีที่ 2 (หนองหาน),อุดรธานี
2023,102,ศรีธาตุ - วังสามหมอ,37+214,1417,1064,75,34,40,3742,281,196,230,210,7290,13.599,1,1543,อุดรธานีที่ 2 (หนองหาน),อุดรธานี
2025,100,ห้วยเกิ้ง - กุมภวาปี,2+500,2847,813,26,13,9,5838,654,431,492,381,11506,17.213,23,3426,อุดรธานีที่ 2 (หนองหาน),อุดรธานี
2026,100,หนองหิ้ง - เหล่าหลวง,0+700,962,617,8,6,10,1439,67,143,108,50,3410,11.286,7,1008,บึงกาฬ,บึงกาฬ
2028,100,กุสุมาลย์ - โพนจาน,1+000,580,329,10,0,1,1123,137,107,274,128,2690,24.076,4,1090,สกลนครที่ 1,สกลนคร
2031,100,ธาตุน้อย - นาเหนือ,2+000,1477,1190,6,9,25,2740,204,158,30,41,5880,7.945,129,2653,นครพนม,นครพนม
2032,101,ท่าดอกแก้ว - ปฏิรูป,0+500,781,423,347,316,263,1646,360,323,314,264,5037,36.531,199,961,นครพนม,นครพนม
2033,101,นาแก - นาเหนือ,0+500,2790,387,128,82,85,1278,177,150,81,88,5246,12.628,78,2226,นครพนม,นครพนม
2033,102,นาเหนือ - คำพอก,42+177,2160,734,311,122,56,3646,190,169,121,64,7572,9.532,123,3618,นครพนม,นครพนม
2034,101,มุกดาหาร - นาสีนวน,0+700,5764,4933,136,24,18,4213,198,41,45,15,15386,2.212,54,5641,มุกดาหาร,มุกดาหาร
2034,200,บุ่งเขียว - หนองผือ,75+815,4649,1220,67,35,35,1334,512,345,307,214,8719,16.61,21,2651,อำนาจเจริญ,อุบลราชธานี
2034,102,นาสีนวน - บุ่งเขียว,40+000,690,362,43,35,22,996,280,254,248,146,3076,32.009,37,622,มุกดาหาร,มุกดาหาร
2037,100,ภูเขียว - เกษตรสมบูรณ์,9+000,3458,1597,5,0,0,1775,426,295,266,265,8086,15.48,30,1699,ขอนแก่นที่ 2 (ชุมแพ),ชัยภูมิ
2038,200,ห้วยน้ำเงิน - เมืองใหม่,14+500,4510,672,25,18,14,512,242,182,252,155,6582,13.118,10,1650,หนองบัวลำภู,ขอนแก่น
2039,202,กุดโดน - ไทยเจริญ,70+000,5277,578,93,122,82,2862,572,172,483,102,10343,14.83,52,2845,กาฬสินธุ์,กาฬสินธุ์
2039,201,น้ำอ้อม - กุดโดน,47+675,4965,627,3,3,11,585,505,380,325,203,7609,18.778,64,1913,กาฬสินธุ์,กาฬสินธุ์
2039,100,น้ำพอง - น้ำอ้อม,6+000,4318,2489,168,164,226,1342,991,531,423,292,10945,24.011,67,1860,ขอนแก่นที่ 1,ขอนแก่น
2039,100,น้ำพอง - น้ำอ้อม,39+134,3691,685,130,88,78,834,690,354,363,203,7116,24.956,109,1185,ขอนแก่นที่ 1,ขอนแก่น
2039,202,กุดโดน - ไทยเจริญ,65+279,2590,1541,56,54,39,3126,1501,1456,137,77,10576,30.853,31,2308,กาฬสินธุ์,กาฬสินธุ์
2040,101,มหาสารคาม - วาปีปทุม,3+000,21348,12236,61,57,48,1827,1222,429,169,113,37511,5.435,28,10968,มหาสารคาม,มหาสารคาม
2040,102,วาปีปทุม - พยัคฆภูมิพิสัย,40+312,4792,1359,94,86,71,7025,636,479,242,135,14918,11.047,41,3036,มหาสารคาม,มหาสารคาม
2041,100,สี่แยกสมเด็จ - แยกดงแหลม,10+100,3896,3957,57,45,51,2677,2052,1405,1227,697,16064,34.092,66,3439,กาฬสินธุ์,กาฬสินธุ์
2043,200,ยางเฌอ - มหาชนะชัย,29+500,4225,1695,72,56,45,136,190,128,89,39,6673,8.181,64,1678,ยโสธร,ร้อยเอ็ด
2043,100,ร้อยเอ็ด - ยางเฌอ,10+000,2894,1021,7,13,39,4383,365,25,23,10,8780,5.411,1,2414,ร้อยเอ็ด,ร้อยเอ็ด
2043,200,ยางเฌอ - มหาชนะชัย,44+200,2596,1565,58,33,15,958,246,108,94,63,5736,9.737,15,1123,ยโสธร,ร้อยเอ็ด
2043,200,ยางเฌอ - มหาชนะชัย,81+165,2167,131,19,14,15,192,110,74,78,54,2853,12.05,16,989,ยโสธร,ยโสธร
2044,101,ร้อยเอ็ด - หนองดง,0+461,5588,6483,126,87,47,701,263,64,46,31,13435,3.996,41,4081,ร้อยเอ็ด,ร้อยเอ็ด
2044,102,หนองดง - โพนทอง,35+000,4590,418,121,251,227,8280,678,325,336,298,15526,13.631,3,1018,ร้อยเอ็ด,ร้อยเอ็ด
2045,200,หนองคูโคก - วาปีปทุม,20+500,3904,2011,41,42,40,1032,473,172,158,66,7940,11.982,32,1168,มหาสารคาม,มหาสารคาม
2045,100,ร้อยเอ็ด - หนองคูโคก,5+000,2679,1852,61,35,32,3264,128,66,45,50,8213,4.339,16,2017,ร้อยเอ็ด,ร้อยเอ็ด
2046,101,เสลภูมิ - บ้านงิ้ว,9+900,3279,3321,103,73,48,611,74,63,41,34,7648,4.361,43,2323,ร้อยเอ็ด,ร้อยเอ็ด
2046,200,ลำน้ำยัง - กุฉินารายณ์,51+700,3262,1498,70,40,82,5178,522,327,415,349,11743,14.773,13,1800,สกลนครที่ 1,กาฬสินธุ์
2046,102,บ้านงิ้ว - ลำน้ำยัง,43+000,2345,297,3,30,38,3123,351,305,224,160,6874,16.099,11,1863,ร้อยเอ็ด,ร้อยเอ็ด
2047,100,กุดโจด - กุดแห่,0+500,1087,485,31,13,7,320,146,169,407,563,3228,40.41,9,512,มุกดาหาร,ยโสธร
2049,100,ม่วงสามสิบ - พนา,1+000,10785,1080,69,91,30,1422,81,90,50,42,13741,2.801,49,81,อุบลราชธานีที่ 1,อุบลราชธานี
2049,100,ม่วงสามสิบ - พนา,24+000,8208,2089,53,18,8,5193,87,0,6,31,15692,0.953,22,668,อุบลราชธานีที่ 1,อำนาจเจริญ
2050,100,อุบลราชธานี - ตระการพืชผล,45+900,14380,5195,179,121,85,18788,452,208,199,154,39761,3.065,41,2956,อุบลราชธานีที่ 1,อุบลราชธานี
2050,100,อุบลราชธานี - ตระการพืชผล,8+600,14215,3762,134,142,93,27386,1562,231,138,103,47765,4.749,35,4218,อุบลราชธานีที่ 1,อุบลราชธานี
2050,201,ตระการพืชผล - ห้วยยาง,46+248,8793,3321,64,67,35,789,324,116,55,54,13620,4.788,47,7016,อำนาจเจริญ,อุบลราชธานี
2050,202,ห้วยยาง - เขมราฐ,100+744,4221,3294,55,47,37,2943,1270,648,586,444,13544,22.38,47,3407,อำนาจเจริญ,อุบลราชธานี
2050,202,ห้วยยาง - เขมราฐ,98+323,3566,3088,55,40,22,3604,632,628,780,452,12867,19.847,20,3215,อำนาจเจริญ,อุบลราชธานี
2051,100,ชัยภูมิ - ตาดโตน,5+500,4554,4485,47,41,24,3816,911,380,614,228,15101,14.567,72,629,ชัยภูมิ,ชัยภูมิ
2054,100,ลาดใหญ่ - ช่องสามหมอ,2+000,1034,513,130,101,65,4221,544,540,172,87,7407,20.37,46,2325,ชัยภูมิ,ชัยภูมิ
2055,100,หนองสองห้อง - โคกสะอาด,6+000,1839,969,7,6,5,2261,223,154,119,114,5696,10.888,34,1143,ขอนแก่นที่ 2 (ชุมแพ),ชัยภูมิ
2061,200,ห้วยตะกั่ว - พุทไธสง,6+700,2607,300,13,0,0,3119,408,388,146,140,7122,15.202,10,1305,บุรีรัมย์,บุรีรัมย์
2061,100,ทางพาด - ห้วยตะกั่ว,1+000,1269,654,85,74,67,1543,489,460,571,428,5641,37.052,62,825,ขอนแก่นที่ 3 (บ้านไผ่),บุรีรัมย์
2062,200,บ้านทุ่ม - มัญจาคีรี,24+200,3851,4227,151,276,61,865,812,755,708,732,12437,26.887,6,1173,ขอนแก่นที่ 3 (บ้านไผ่),ขอนแก่น
2063,100,บรบือ - โคกสี,2+000,2884,1580,27,27,8,1036,228,56,34,16,5897,6.275,22,1894,มหาสารคาม,มหาสารคาม
2065,100,พล - ลำชี,4+500,2212,2395,13,15,15,2765,198,67,29,29,7737,4.547,67,2500,ขอนแก่นที่ 3 (บ้านไผ่),ขอนแก่น
2065,100,พล - ลำชี,32+500,725,373,7,2,0,1291,110,24,75,26,2634,9.02,49,657,ขอนแก่นที่ 3 (บ้านไผ่),ขอนแก่น
2065,200,ลำชี - คอนสวรรค์,42+283,519,59,1,0,0,1090,194,209,96,85,2252,25.913,25,812,ชัยภูมิ,ชัยภูมิ
2067,101,ดอนหวาย - โนนสูง,5+500,2562,483,31,21,53,5797,361,212,142,118,9779,9.262,14,2432,นครราชสีมาที่ 1,นครราชสีมา
2067,102,โนนสูง - ขามสะแกแสง,16+442,906,274,10,10,21,1340,131,63,71,17,2843,11.008,33,796,นครราชสีมาที่ 1,นครราชสีมา
2068,100,โคกกรวด - หนองสรวง,1+100,5857,2628,325,119,150,2578,286,290,372,226,12830,11.243,37,2742,นครราชสีมาที่ 2,นครราชสีมา
2068,200,หนองสรวง - โนนไทย,24+166,899,565,21,10,11,349,266,239,198,240,2798,34.449,28,668,นครราชสีมาที่ 1,นครราชสีมา
2069,100,บำเหน็จณรงค์ - ซับใหญ่,3+000,1641,794,38,23,34,1390,367,563,312,137,5298,27.096,7,1077,ชัยภูมิ,ชัยภูมิ
2072,100,หนองปล้อง - พระบึง,1+000,6724,2473,33,27,11,1868,1838,33,18,6,13031,14.838,196,3376,นครราชสีมาที่ 3,นครราชสีมา
2073,101,นางรอง - บัวตารุ่ง,7+475,3300,135,105,93,24,635,206,103,105,47,4751,12.139,11,1765,บุรีรัมย์,บุรีรัมย์
2073,103,ลำปลายมาศ - หนองโดนน้อย,46+527,2060,664,33,27,25,2974,215,370,435,329,7132,19.648,7,2030,บุรีรัมย์,บุรีรัมย์
2073,102,บัวตารุ่ง - ลำปลายมาศ,40+000,1382,584,58,75,129,2885,439,479,400,363,6793,27.74,6,1919,บุรีรัมย์,บุรีรัมย์
2073,200,หนองโดนน้อย - ชุมพวง,63+920,653,511,0,0,0,752,257,179,183,174,2708,29.27,6,657,นครราชสีมาที่ 1,นครราชสีมา
2074,101,บุรีรัมย์ - คูเมือง,13+057,3466,2657,200,156,102,9256,255,180,116,85,16473,5.429,19,5286,บุรีรัมย์,บุรีรัมย์
2074,103,ลำน้ำมูล - พุทไธสง,53+500,3176,472,14,0,39,4631,506,448,190,137,9612,13.724,5,1265,บุรีรัมย์,บุรีรัมย์
2074,102,คูเมือง - ลำน้ำมูล,43+580,1982,183,29,2,3,2848,212,134,184,135,5712,11.738,0,1316,บุรีรัมย์,บุรีรัมย์
2076,100,ท่าตูม - หนองฮู,19+297,1678,766,48,24,11,1832,490,292,306,219,5667,23.7,12,1366,สุรินทร์,สุรินทร์
2076,100,ท่าตูม - หนองฮู,11+506,1616,625,47,21,15,2196,394,248,288,214,5663,20.815,10,1337,สุรินทร์,สุรินทร์
2076,200,หนองฮู - ส้มป่อยน้อย,57+485,991,313,46,16,5,2458,437,126,38,35,4464,14.71,4,893,ศรีสะเกษที่ 1,ศรีสะเกษ
2076,100,ท่าตูม - หนองฮู,34+332,696,94,19,8,6,1469,164,27,32,25,2540,10.342,10,405,สุรินทร์,สุรินทร์
2077,101,สุรินทร์ - ลำดวน,5+176,5717,399,75,22,8,5451,612,310,299,166,13059,10.845,40,3943,สุรินทร์,สุรินทร์
2077,103,สังขะ - บัวเชด,55+566,2879,1409,262,272,0,1256,499,519,565,471,8132,28.596,198,2057,สุรินทร์,สุรินทร์
2079,102,ห้วยจริง - ศีขรภูมิ,31+731,951,289,49,9,6,1333,150,35,61,32,2915,10.031,5,714,สุรินทร์,สุรินทร์
2081,100,ตาฮะ - ลำพังชู,14+800,4236,2225,97,192,56,2388,850,463,555,385,11446,21.842,113,2433,สุรินทร์,สุรินทร์
2081,100,ตาฮะ - ลำพังชู,48+683,2920,1325,1119,110,222,1374,1170,429,548,594,9811,31.315,36,2082,สุรินทร์,สุรินทร์
2081,200,ลำพังชู - พุทไธสง,71+433,2437,283,0,0,0,2551,325,223,78,50,5948,11.367,5,1072,บุรีรัมย์,บุรีรัมย์
2083,200,สะเดา - คำเขื่อนแก้ว,48+505,5392,5139,50,45,49,2302,2083,43,42,38,15184,15.149,39,1992,ยโสธร,ยโสธร
2083,102,หัวช้าง - สะเดา,23+500,2545,2607,57,45,17,536,337,238,224,215,6819,15.76,4,1825,ศรีสะเกษที่ 1,ศรีสะเกษ
2083,101,ส้มป่อยน้อย - หัวช้าง,0+805,2322,1109,7,3,3,4406,250,151,392,131,8775,10.608,3,1300,ศรีสะเกษที่ 1,ศรีสะเกษ
2085,100,กันทรลักษ์ - กันทรารมย์,6+450,5407,321,21,9,15,127,268,250,158,85,6660,11.782,23,1252,ศรีสะเกษที่ 2,ศรีสะเกษ
2085,100,กันทรลักษ์ - กันทรารมย์,21+000,5213,940,13,14,13,395,691,624,393,540,8834,25.74,20,788,ศรีสะเกษที่ 2,ศรีสะเกษ
2085,100,กันทรลักษ์ - กันทรารมย์,38+000,3841,324,10,11,6,77,83,85,42,39,4518,5.89,26,2501,ศรีสะเกษที่ 2,ศรีสะเกษ
2086,100,กู่พระโกนา - บ้านด่าน,26+253,3338,2747,54,53,54,2283,2127,749,563,549,12516,32.713,48,2998,ยโสธร,ร้อยเอ็ด
2086,201,บ้านด่าน - เมืองน้อย,78+362,2429,1697,7,7,8,604,331,162,55,40,5340,11.292,17,1919,ศรีสะเกษที่ 1,ศรีสะเกษ
2086,201,บ้านด่าน - เมืองน้อย,50+162,1972,3077,57,33,33,280,258,142,98,51,6002,10.257,9,2033,ศรีสะเกษที่ 1,ศรีสะเกษ
2086,201,บ้านด่าน - เมืองน้อย,27+862,1247,836,41,11,14,267,160,150,167,147,3040,21.337,22,769,ศรีสะเกษที่ 1,ศรีสะเกษ
2087,100,เหล่าผักใส - ท่าห้วยหลัว,0+500,578,233,10,10,2,747,34,56,26,15,1712,8.406,19,908,บึงกาฬ,สกลนคร
2089,200,แสลงพัน - คลองท่าข้าม,25+000,4749,3704,179,123,137,1444,662,476,361,222,12057,16.435,28,3370,ลพบุรีที่ 1,สระบุรี
2089,100,มวกเหล็ก - แสลงพัน,6+500,3679,2727,137,121,102,2483,325,327,127,127,10154,11.112,38,2759,สระบุรี,สระบุรี
2089,301,คลองท่าข้าม - น้ำตกวังก้านเหลือง,34+000,2609,1257,89,94,80,2606,1071,1237,1020,333,10397,36.889,22,1991,ลพบุรีที่ 2 (ลำนารายณ์),ลพบุรี
2089,302,น้ำตกวังก้านเหลือง - ลำนารายณ์,68+900,2539,2473,144,120,123,2823,1133,1196,416,504,11470,30.439,0,974,ลพบุรีที่ 2 (ลำนารายณ์),ลพบุรี
2089,301,คลองท่าข้าม - น้ำตกวังก้านเหลือง,47+000,2348,2243,238,214,235,1808,516,553,552,417,9123,27.253,56,1422,ลพบุรีที่ 2 (ลำนารายณ์),ลพบุรี
2090,100,ปางแก - อุทยานแห่งชาติเขาใหญ่,3+500,9129,4645,212,169,164,1135,771,750,424,267,17667,14.409,35,3126,นครราชสีมาที่ 2,นครราชสีมา
2091,101,สว่างแดนดิน - โคกสี,2+000,1694,200,66,5,3,3570,164,93,33,23,5851,5.485,13,2374,สกลนครที่ 2 (สว่างแดนดิน),สกลนคร
2091,102,โคกสี - หนองแวง,58+200,801,420,5,9,8,1432,146,77,46,17,2960,10.224,36,741,สกลนครที่ 2 (สว่างแดนดิน),สกลนคร
2091,102,โคกสี - หนองแวง,27+420,369,90,11,0,2,1152,80,25,23,17,1770,8.323,12,982,สกลนครที่ 2 (สว่างแดนดิน),สกลนคร
2092,100,เหล่าอุดม - ท่าห้วยหลัว,5+500,1004,319,113,98,89,1968,235,279,231,146,4482,24.057,78,1264,อุดรธานีที่ 2 (หนองหาน),อุดรธานี
2092,200,ท่าห้วยหลัว - กุดเรือคำ,22+830,834,629,14,8,5,999,182,144,99,91,3005,17.598,12,976,บึงกาฬ,สกลนคร
2094,102,ผาอินทร์ - ท่าก้อน,33+000,3868,2231,170,74,6,1332,281,108,95,73,8238,7.736,68,2818,สกลนครที่ 2 (สว่างแดนดิน),สกลนคร
2094,102,ผาอินทร์ - ท่าก้อน,47+569,2746,628,34,22,5,252,90,34,30,14,3855,5.037,30,1514,สกลนครที่ 2 (สว่างแดนดิน),สกลนคร
2094,200,ท่าก้อน - เซกา,77+469,747,842,3,5,6,1026,13,19,10,5,2675,2.135,6,612,บึงกาฬ,บึงกาฬ
2094,101,พรรณานิคม - ผาอินทร์,5+000,549,127,15,1,1,1783,110,32,18,8,2644,6.436,1,887,สกลนครที่ 2 (สว่างแดนดิน),สกลนคร
2095,200,โซ่พิสัย - ปากคาด,55+900,1811,602,22,13,7,329,128,37,55,13,3015,8.333,18,1406,หนองคาย,บึงกาฬ
2095,100,พรเจริญ - โซ่พิสัย,2+000,1321,442,47,29,38,2325,212,203,114,96,4828,14.336,42,1836,บึงกาฬ,บึงกาฬ
2096,102,บ้านดุง - หนองกา,53+100,1618,632,234,138,183,3807,732,641,585,503,9072,30.656,144,1646,อุดรธานีที่ 2 (หนองหาน),อุดรธานี
2096,101,หนองเม็ก - บ้านดุง,3+500,1520,176,40,46,59,3447,276,148,130,103,5946,12.831,51,1203,อุดรธานีที่ 2 (หนองหาน),อุดรธานี
2096,101,หนองเม็ก - บ้านดุง,37+000,1464,1046,160,160,140,1976,574,312,208,199,6239,25.535,80,2000,อุดรธานีที่ 2 (หนองหาน),อุดรธานี
2096,200,หนองกา - คำตากล้า,80+500,1181,368,10,7,15,862,129,107,104,54,2837,14.654,23,775,บึงกาฬ,สกลนคร
2096,200,หนองกา - คำตากล้า,121+130,1174,617,10,3,10,1781,164,79,56,21,3915,8.518,41,2274,บึงกาฬ,สกลนคร
2097,100,นาคำไฮ - หนองแวง,2+000,2662,2152,64,24,26,1627,826,812,542,344,9080,28.352,11,1719,หนองบัวลำภู,หนองบัวลำภู
2097,200,หนองแวง - ข้าวสาร,38+100,1833,201,72,13,10,515,166,59,306,70,3245,19.219,10,811,อุดรธานีที่ 1,อุดรธานี
2098,100,บ้านผือ - ข้าวสาร,2+000,2491,384,64,39,11,437,191,115,248,96,4076,17.176,26,1791,อุดรธานีที่ 1,อุดรธานี
2099,100,อาฮี - ท่าลี่,2+000,226,0,0,2,0,672,46,10,10,5,971,7.529,0,445,เลยที่ 2 (ด่านซ้าย),เลย
2101,101,ห้วยผึ้ง - น้ำปุ้น,1+900,1639,700,2,1,2,2529,219,106,17,1,5217,6.655,78,2226,สกลนครที่ 1,กาฬสินธุ์
2101,102,น้ำปุ้น - นาคู,15+500,508,187,0,0,0,1516,75,24,8,3,2322,4.771,16,905,สกลนครที่ 1,กาฬสินธุ์
2104,200,ดอนพัฒนา - โสกแมว,10+554,1191,933,140,130,152,1977,466,204,187,164,5546,23.517,236,1510,มุกดาหาร,มุกดาหาร
2108,101,ธาตุจอมศรี - ชมเจริญ,0+500,1938,321,8,27,15,2527,191,103,65,18,5214,8.039,40,1745,เลยที่ 1,เลย
2108,102,ชมเจริญ - ปากชม,61+000,1327,431,22,21,33,1291,80,41,31,8,3284,6.504,20,1365,เลยที่ 1,เลย
2108,102,ชมเจริญ - ปากชม,32+000,1246,495,25,25,33,1238,89,56,39,21,3266,8.042,19,1220,เลยที่ 1,เลย
2109,100,คำแก่นคูน - เขื่อนอุบลรัตน์,0+500,6422,4776,375,345,1018,2414,2163,2379,2143,2090,24125,42.021,143,4580,ขอนแก่นที่ 1,ขอนแก่น
2109,100,คำแก่นคูน - เขื่อนอุบลรัตน์,24+394,2438,2288,352,219,1433,1906,2115,2085,1525,1184,15546,55.076,171,1564,ขอนแก่นที่ 1,ขอนแก่น
2111,102,โพนปลัด - ขุนหาญ,22+360,5089,863,0,7,14,144,388,241,240,158,7144,14.66,18,3032,ศรีสะเกษที่ 2,ศรีสะเกษ
2111,102,โพนปลัด - ขุนหาญ,29+800,3779,541,0,0,18,279,240,134,135,41,5167,10.986,29,1213,ศรีสะเกษที่ 2,ศรีสะเกษ
2111,101,พยุห์ - โพนปลัด,6+700,970,674,29,24,10,1236,113,66,104,50,3276,11.227,29,1087,ศรีสะเกษที่ 2,ศรีสะเกษ
2112,101,เขมราฐ - ปากแซง,0+174,2087,1702,232,193,206,1610,794,469,369,225,7886,28.602,81,2152,อำนาจเจริญ,อุบลราชธานี
2112,200,หนามแท่ง - โขงเจียม,101+840,650,1045,72,9,2,105,56,29,1,1,1970,4.986,5,578,อุบลราชธานีที่ 2,อุบลราชธานี
2112,200,หนามแท่ง - โขงเจียม,76+774,262,114,8,3,9,451,55,14,3,1,921,9.305,16,547,อุบลราชธานีที่ 2,อุบลราชธานี
2113,100,ด่านซ้าย - เหมืองแพร่,1+600,1850,1608,17,5,10,1376,694,519,351,17,6447,24.748,200,2052,เลยที่ 2 (ด่านซ้าย),เลย
2114,100,ด่านซ้าย - ปากหมัน,2+000,1275,1583,19,0,0,1022,113,30,161,120,4323,9.802,33,1567,เลยที่ 2 (ด่านซ้าย),เลย
2115,101,ปากภู - โคกใหญ่,2+000,1255,411,67,15,27,276,278,94,74,66,2564,21.604,20,750,เลยที่ 2 (ด่านซ้าย),เลย
2115,102,โคกใหญ่ - ปากห้วย,38+550,377,249,77,88,50,220,220,147,130,116,1675,44.922,47,609,เลยที่ 2 (ด่านซ้าย),เลย
2116,101,สี่แยกยางตลาด - สี่แยกหนองแปน,6+000,4783,4591,57,0,46,939,811,275,257,176,11935,13.11,102,3071,กาฬสินธุ์,กาฬสินธุ์
2116,102,สี่แยกหนองแปน - ร่องคำ,42+000,4035,4493,22,8,13,761,547,272,140,91,10382,10.319,23,2673,กาฬสินธุ์,กาฬสินธุ์
2116,200,ร่องคำ - โพนทอง,60+000,2706,937,47,33,29,3692,569,255,207,216,8689,15.05,15,1217,ร้อยเอ็ด,ร้อยเอ็ด
2116,300,โพนทอง - ห้วยคล้อ,86+351,2599,2561,91,102,83,2674,139,124,136,131,8641,8.287,24,1875,ยโสธร,ร้อยเอ็ด
2116,300,โพนทอง - ห้วยคล้อ,105+228,2569,1605,73,55,103,1912,111,163,159,106,6855,10.163,23,1801,ยโสธร,ร้อยเอ็ด
2116,300,โพนทอง - ห้วยคล้อ,97+403,2547,2239,93,71,69,2434,105,96,80,78,7810,6.376,19,1846,ยโสธร,ร้อยเอ็ด
2116,401,ห้วยคล้อ - เลิงนกทา,121+528,1984,558,177,93,63,490,316,328,388,306,4703,31.763,16,1259,มุกดาหาร,ยโสธร
2116,401,ห้วยคล้อ - เลิงนกทา,136+778,1368,965,24,83,35,689,484,521,713,576,5458,44.193,33,1152,มุกดาหาร,ยโสธร
2116,402,เลิงนกทา - ดอนตาล,142+700,1219,244,66,32,15,1972,258,151,121,99,4178,16.184,60,1760,มุกดาหาร,ยโสธร
2116,402,เลิงนกทา - ดอนตาล,175+100,556,41,19,6,3,650,138,63,77,19,1573,19.463,3,611,มุกดาหาร,มุกดาหาร
2117,100,ตะโก - เขาพนมรุ้ง,1+361,1107,458,41,13,17,707,479,164,207,150,3342,30.793,95,744,บุรีรัมย์,บุรีรัมย์
2117,100,ตะโก - เขาพนมรุ้ง,6+444,574,556,120,106,78,529,206,188,161,208,2726,34.73,31,660,บุรีรัมย์,บุรีรัมย์
2120,100,ส้มป่อย - ละหานทราย,1+175,3485,161,22,35,18,2603,313,150,194,316,7297,14.071,4,1634,บุรีรัมย์,บุรีรัมย์
2122,100,บักจรัง - มะโน,4+200,693,30,24,3,0,224,104,77,126,80,1360,28.631,35,693,สุรินทร์,สุรินทร์
2125,100,บ้านไฮ - กันทรารมย์,34+885,3553,724,15,6,2,6524,185,78,24,5,11115,2.692,8,2549,ศรีสะเกษที่ 2,ศรีสะเกษ
2125,100,บ้านไฮ - กันทรารมย์,0+500,1239,364,23,18,8,3115,89,30,56,35,4977,4.75,12,1477,ศรีสะเกษที่ 2,ศรีสะเกษ
2126,100,ผือใหม่ - โดนเอาว์,1+850,530,201,24,1,0,1271,33,5,10,2,2077,2.474,6,821,ศรีสะเกษที่ 2,ศรีสะเกษ
2127,100,ศิวาลัย - สำโรงเกียรติ,2+000,1276,2217,0,0,0,542,259,82,66,63,4506,10.444,4,2414,ศรีสะเกษที่ 2,ศรีสะเกษ
2128,100,ขุนหาญ - กันทรอม,4+200,998,2337,0,0,2,61,121,27,7,8,3561,4.65,13,2247,ศรีสะเกษที่ 2,ศรีสะเกษ
2129,100,ทางเข้าลำนารายณ์,1+000,9162,5447,280,182,231,7745,989,697,296,262,25288,10.5,79,3807,ลพบุรีที่ 2 (ลำนารายณ์),ลพบุรี
2131,100,ขอนแก่น - บ้านสะอาด,2+493,6101,6174,522,14,493,13789,545,431,386,360,28814,7.733,0,6126,ขอนแก่นที่ 1,ขอนแก่น
2132,100,ท่าแร่ - นาเพียง,10+661,377,225,3,5,2,1311,90,26,22,26,2088,8.206,6,794,สกลนครที่ 1,สกลนคร
2133,100,ศรีบุญเรือง - ภูเวียง,0+500,3797,806,18,15,13,573,368,230,315,200,6335,17.992,18,2129,หนองบัวลำภู,หนองบัวลำภู
2133,100,ศรีบุญเรือง - ภูเวียง,34+000,2477,514,18,17,14,368,244,305,265,202,4424,23.671,15,1625,หนองบัวลำภู,ขอนแก่น
2134,102,พนา - ตระการพืชผล,42+171,5299,696,41,33,24,176,214,183,124,98,6888,9.816,23,2595,อำนาจเจริญ,อุบลราชธานี
2134,103,ตระการพืชผล - ดอนใหญ่,43+995,2747,929,130,123,70,2278,460,244,198,110,7289,16.531,39,3027,อำนาจเจริญ,อุบลราชธานี
2134,101,ลืออำนาจ - พนา,2+000,1659,1453,332,248,179,2976,369,273,246,302,8037,20.108,131,1262,อำนาจเจริญ,อำนาจเจริญ
2134,101,ลืออำนาจ - พนา,21+724,1560,887,82,62,43,2451,483,290,302,145,6306,21.011,34,1408,อำนาจเจริญ,อำนาจเจริญ
2134,200,ดอนใหญ่ - โขงเจียม,79+969,646,704,79,79,61,441,234,88,58,53,2442,23.433,11,665,อุบลราชธานีที่ 2,อุบลราชธานี
2135,100,ดอนใหญ่ - หนามแท่ง,4+500,2920,1576,161,168,177,1136,405,183,96,51,6874,15.717,88,2344,อำนาจเจริญ,อุบลราชธานี
2135,100,ดอนใหญ่ - หนามแท่ง,36+391,1669,794,128,134,94,2445,169,118,70,50,5669,11.18,82,1268,อำนาจเจริญ,อุบลราชธานี
2138,100,บ้านใหม่ - นาด้วง,8+500,5822,1931,15,7,9,744,6,3,3,3,8544,0.374,63,4332,เลยที่ 1,เลย
2140,100,วังสะพุง - นาหลวง,1+000,3199,118,17,2,7,531,219,65,37,8,4203,8.043,9,857,เลยที่ 1,เลย
2140,100,วังสะพุง - นาหลวง,14+551,532,114,11,8,0,1207,66,23,6,5,1972,5.443,6,1307,เลยที่ 1,เลย
2141,100,ตาดข่า - ภูป่าไผ่,10+300,1388,134,5,2,0,268,154,75,29,29,2083,13.871,11,1638,เลยที่ 1,เลย
2142,100,บ้านโพธิ์ - โคกโขง,2+000,118,97,2,0,0,147,6,2,1,0,373,2.446,6,148,บึงกาฬ,บึงกาฬ
2145,100,หนองยาง - บ้านซาง,2+000,110,79,1,0,0,218,6,1,1,0,416,1.923,10,303,บึงกาฬ,บึงกาฬ
2146,100,หนองบัวลำภู - เขื่อนอุบลรัตน์,38+000,3188,2549,116,33,11,1431,539,216,256,120,8460,13.892,6,1842,หนองบัวลำภู,หนองบัวลำภู
2146,100,หนองบัวลำภู - เขื่อนอุบลรัตน์,56+214,2636,2723,47,18,11,1301,426,239,609,369,8378,19.956,14,1557,หนองบัวลำภู,ขอนแก่น
2146,100,หนองบัวลำภู - เขื่อนอุบลรัตน์,42+064,2160,1900,15,10,10,1295,638,383,394,162,6968,22.931,39,1478,หนองบัวลำภู,หนองบัวลำภู
2148,101,ด่านขุนทด - โคกสะอาด,2+000,1677,1699,171,101,70,726,456,236,243,214,5593,23.586,15,1281,นครราชสีมาที่ 2,นครราชสีมา
2150,102,คง - โนนไทย,59+558,3242,215,5,3,15,573,126,69,75,19,4342,7.075,10,874,นครราชสีมาที่ 1,นครราชสีมา
2150,101,บ้านวัด - คง,3+675,2564,258,11,22,8,97,139,58,67,46,3271,10.405,4,678,นครราชสีมาที่ 1,นครราชสีมา
2150,102,คง - โนนไทย,23+804,1203,311,8,2,6,354,193,77,38,14,2204,14.922,12,694,นครราชสีมาที่ 1,นครราชสีมา
2156,100,ยางตลาด - บ้านเสียว,7+000,2179,210,31,33,25,2223,1642,47,54,49,6493,28.496,23,1665,กาฬสินธุ์,กาฬสินธุ์
2157,101,ขุขันธ์ - แยกโคกตาล,3+800,3570,283,45,22,15,2866,222,50,63,37,7171,5.686,13,3470,ศรีสะเกษที่ 1,ศรีสะเกษ
2159,100,ชัยภูมิ - ห้วยยางดำ,20+000,3214,1816,2,64,1,3429,558,322,338,249,9993,15.337,85,1307,ชัยภูมิ,ชัยภูมิ
2159,202,เกษตรสมบูรณ์ - หนองหล่ม,80+350,2660,1319,21,11,8,2679,484,370,345,243,8141,17.957,23,2220,ขอนแก่นที่ 2 (ชุมแพ),ชัยภูมิ
2159,201,ห้วยยางดำ - เกษตรสมบูรณ์,67+850,1550,1372,5,0,0,2864,388,273,135,123,6710,13.702,14,1590,ขอนแก่นที่ 2 (ชุมแพ),ชัยภูมิ
2160,100,คง - บ้านเหลื่อม,3+685,910,118,2,0,0,1661,75,23,18,18,2826,4.77,12,1255,นครราชสีมาที่ 1,นครราชสีมา
2162,100,ทางเข้าเมืองจักราช,2+127,1390,682,79,57,32,747,335,195,113,65,3695,21.577,22,1206,นครราชสีมาที่ 3,นครราชสีมา
2164,100,ตะเคียน - ท่าขี้เหล็ก,0+522,336,231,65,54,31,106,122,85,96,103,1228,39.907,14,429,นครราชสีมาที่ 2,นครราชสีมา
2166,202,หนองกี่ - โนนศรีคูณ,37+678,3682,1409,721,58,22,2657,995,931,803,169,11446,26.013,35,2731,บุรีรัมย์,บุรีรัมย์
2166,201,ดอนแขวน - หนองกี่,18+263,2028,1850,42,33,24,4996,1536,876,716,40,12142,26.564,15,3104,บุรีรัมย์,บุรีรัมย์
2166,100,เสิงสาง - ดอนแขวน,15+714,1842,2117,129,96,73,2468,1299,1299,1166,1308,11797,44.419,100,3721,นครราชสีมาที่ 3,นครราชสีมา
2166,203,โนนศรีคูณ - หนองผะองค์,83+878,1357,476,34,35,25,2599,235,219,255,210,5447,17.991,2,1559,บุรีรัมย์,บุรีรัมย์
2167,100,ตรางสวาย - ท่าด่าน,22+333,1530,331,32,21,9,1044,95,40,17,16,3135,6.302,7,1711,ศรีสะเกษที่ 1,ศรีสะเกษ
2167,100,ตรางสวาย - ท่าด่าน,0+500,533,291,6,2,1,1219,254,208,50,26,2590,20.899,34,806,ศรีสะเกษที่ 1,ศรีสะเกษ
2167,200,ท่าด่าน - สำโรงทาบ,38+426,384,65,1,0,1,541,49,21,21,8,1091,9.11,14,456,สุรินทร์,สุรินทร์
2169,100,ยโสธร - กุดชุม,19+850,2959,1862,72,67,56,4903,457,211,174,99,10860,9.801,18,3580,ยโสธร,ยโสธร
2170,102,วัดปทุมชาติ - หนองจาน,4+040,2435,238,9,1,0,2334,164,132,211,151,5676,11.63,5,1389,ชัยภูมิ,ชัยภูมิ
2171,100,ท่าโพธิ์ศรี - น้ำยืน,23+500,1143,1197,275,288,194,1260,1217,1189,1189,1140,9092,57.38,194,918,ศรีสะเกษที่ 2,อุบลราชธานี
2172,102,อ่างศิลา - โนนเรียง,31+000,1659,1517,32,33,34,1999,668,696,734,643,8015,35.038,331,1604,อุบลราชธานีที่ 2,อุบลราชธานี
2173,100,นิคมลำโดมน้อย - โขงเจียม,12+800,533,780,33,38,30,177,134,43,31,17,1816,16.101,23,529,อุบลราชธานีที่ 2,อุบลราชธานี
2173,100,นิคมลำโดมน้อย - โขงเจียม,6+100,464,698,103,54,13,239,132,40,13,5,1759,14.545,7,556,อุบลราชธานีที่ 2,อุบลราชธานี
2177,100,ศรีสงคราม - นาน้อย,5+514,3097,3062,43,46,45,2618,423,447,448,437,10665,17.295,342,2216,นครพนม,นครพนม
2177,200,นาน้อย - อากาศอำนวย,32+000,1720,850,33,2,3,170,151,50,77,34,3091,10.273,14,1388,สกลนครที่ 2 (สว่างแดนดิน),สกลนคร
2178,100,วารินชำราบ - หนองงูเหลือม,16+500,10398,4355,72,99,62,196,576,385,248,191,16581,9.409,8,1454,อุบลราชธานีที่ 1,อุบลราชธานี
2179,100,จัตุรัส - บำเหน็จณรงค์,2+048,4868,697,48,30,2,5704,723,467,440,383,13360,15.302,66,3437,ชัยภูมิ,ชัยภูมิ
2182,101,เดชอุดม - โนนเรียง,6+300,2739,2578,62,82,41,4219,716,717,706,722,12581,23.72,278,3146,อุบลราชธานีที่ 2,อุบลราชธานี
2182,102,โนนเรียง - หนองแสง,46+200,2020,781,37,26,23,2659,629,27,27,27,6258,12.156,20,2810,อุบลราชธานีที่ 2,อุบลราชธานี
2183,101,น้ำพอง - โคกท่า,3+500,1261,1171,50,51,43,307,344,139,88,38,3493,20.144,76,1206,ขอนแก่นที่ 1,ขอนแก่น
2183,102,โคกท่า - ท่าหิน,24+000,684,651,0,13,0,949,80,42,29,25,2473,7.621,42,835,ขอนแก่นที่ 1,ขอนแก่น
2185,200,โคกสะอาด - นาหว้า,11+425,3427,3370,43,51,47,2993,495,475,459,469,11831,16.874,337,2346,นครพนม,นครพนม
2187,101,หนองเรือ - นายม,5+000,3320,386,37,31,31,2406,401,156,111,82,6961,11.665,25,1866,ขอนแก่นที่ 2 (ชุมแพ),ขอนแก่น
2187,102,นายม - หนองแวง,36+400,1891,97,26,18,31,1859,123,87,106,85,4324,10.407,54,945,ขอนแก่นที่ 2 (ชุมแพ),ชัยภูมิ
2188,100,กันทรวิชัย - บ้านขี,12+000,4895,4748,129,113,95,461,339,259,185,122,11347,9.814,30,1520,มหาสารคาม,มหาสารคาม
2188,100,กันทรวิชัย - บ้านขี,22+000,4260,2025,124,113,130,3345,1326,376,376,242,12318,20.807,54,2417,มหาสารคาม,มหาสารคาม
2191,100,ทางเข้าเดชอุดม,0+851,3825,3143,224,255,184,7263,836,886,868,728,18211,20.627,462,7003,อุบลราชธานีที่ 2,อุบลราชธานี
2195,103,อาฮี - เหมืองแพร่,70+607,1540,1172,70,66,37,1248,811,666,557,467,6633,39.256,58,1175,เลยที่ 2 (ด่านซ้าย),เลย
2195,103,อาฮี - เหมืองแพร่,90+102,1207,1029,86,79,48,1026,759,481,442,460,5617,40.403,37,1026,เลยที่ 2 (ด่านซ้าย),เลย
2195,101,เชียงคาน - ปากคาน,8+050,1015,251,23,0,14,63,56,45,42,19,1528,11.51,23,730,เลยที่ 2 (ด่านซ้าย),เลย
2195,101,เชียงคาน - ปากคาน,28+200,741,162,10,0,0,67,56,34,13,9,1093,10.24,8,458,เลยที่ 2 (ด่านซ้าย),เลย
2195,103,อาฮี - เหมืองแพร่,111+802,584,475,55,39,21,544,314,103,72,57,2263,26.754,31,405,เลยที่ 2 (ด่านซ้าย),เลย
2196,101,นางั่ว - ทุ่งสมอ,41+460,1731,1751,0,0,0,2061,39,19,0,0,5602,1.04,0,1585,เพชรบูรณ์ที่ 1,เพชรบูรณ์
2196,101,นางั่ว - ทุ่งสมอ,0+500,774,748,0,0,0,1340,25,29,0,0,2916,1.841,5,1022,เพชรบูรณ์ที่ 1,เพชรบูรณ์
2196,101,นางั่ว - ทุ่งสมอ,31+640,759,680,0,0,0,1302,30,17,0,0,2788,1.68,0,902,เพชรบูรณ์ที่ 1,เพชรบูรณ์
2198,100,ขามทะเลสอ - สีมุม,1+500,2995,136,17,5,18,130,128,108,61,33,3631,9.72,9,1528,นครราชสีมาที่ 2,นครราชสีมา
2199,100,ชนบท - กุดรู,4+500,705,327,1,0,1,1926,72,70,46,21,3167,6.599,8,1193,ขอนแก่นที่ 3 (บ้านไผ่),ขอนแก่น
2201,101,ขุขันธ์ - แยกนาเจริญ,1+850,4821,152,15,2,3,195,180,89,73,65,5596,7.388,19,3453,ศรีสะเกษที่ 1,ศรีสะเกษ
2201,102,แยกนาเจริญ - ช่องสะงำ,40+865,1230,296,29,38,18,532,97,51,46,8,2345,11.008,12,833,ศรีสะเกษที่ 1,ศรีสะเกษ
2208,103,ระกา - กระสัง,42+516,2921,481,55,8,1,3335,248,139,80,46,7314,7.136,13,2666,บุรีรัมย์,บุรีรัมย์
2208,102,ห้วยละเวี้ย - ระกา,27+184,1771,919,22,2,7,1728,658,517,400,292,6317,29.705,49,1494,บุรีรัมย์,บุรีรัมย์
2208,102,ห้วยละเวี้ย - ระกา,8+861,1457,670,15,23,5,2708,244,198,175,114,5609,13.521,24,1529,บุรีรัมย์,บุรีรัมย์
2208,101,ประโคนชัย - ห้วยละเวี้ย,2+700,651,178,26,10,10,1294,193,150,59,67,2639,18.563,10,855,บุรีรัมย์,บุรีรัมย์
2210,100,ขมิ้น - น้ำปลีก,1+000,1782,1453,139,112,93,2666,341,223,199,169,7176,15.836,15,1597,อำนาจเจริญ,อุบลราชธานี
2210,100,ขมิ้น - น้ำปลีก,34+500,1295,823,123,132,112,2537,331,220,196,159,5930,19.414,83,1381,อำนาจเจริญ,อำนาจเจริญ
2213,100,นาส่วง - นาเยีย,4+000,2389,2114,58,38,31,2462,771,749,755,780,10148,30.782,256,1895,อุบลราชธานีที่ 2,อุบลราชธานี
2214,100,นากระแซง - บ้านดวน,30+437,850,894,175,177,182,893,842,818,807,770,6407,56.114,110,570,ศรีสะเกษที่ 2,อุบลราชธานี
2214,100,นากระแซง - บ้านดวน,1+000,705,762,206,219,183,941,734,895,886,855,6387,59.084,166,563,ศรีสะเกษที่ 2,อุบลราชธานี
2215,101,บุ่งน้ำเต้า - บ้านกลาง,8+000,923,421,0,0,0,1528,64,18,10,9,2974,3.418,21,1359,เพชรบูรณ์ที่ 1,เพชรบูรณ์
2216,202,โคกมน - กกกะทอน,95+000,2731,217,10,2,0,866,176,87,26,18,4133,7.488,13,796,เพชรบูรณ์ที่ 1,เพชรบูรณ์
2216,202,โคกมน - กกกะทอน,10+050,1462,135,10,2,0,656,113,48,31,29,2485,8.961,15,752,เพชรบูรณ์ที่ 1,เพชรบูรณ์
2216,202,โคกมน - กกกะทอน,59+000,909,194,9,0,0,377,62,34,19,16,1621,8.104,11,722,เพชรบูรณ์ที่ 1,เพชรบูรณ์
2216,201,ห้วยสนามทราย - โคกมน,4+000,171,103,0,0,0,1223,87,42,31,30,1687,11.239,43,368,เพชรบูรณ์ที่ 1,เพชรบูรณ์
2217,100,ด่านขุนทด - หนองกราด,1+700,1638,1285,73,74,95,83,78,74,75,77,3552,13.312,15,1392,นครราชสีมาที่ 2,นครราชสีมา
2218,100,คำเพิ่ม - ห้วยบาง,1+000,1986,656,70,25,5,736,357,33,16,16,3899,11.599,1,876,สกลนครที่ 2 (สว่างแดนดิน),สกลนคร
2218,100,คำเพิ่ม - ห้วยบาง,29+220,1569,315,99,67,35,1744,123,54,50,32,4090,8.852,65,1474,สกลนครที่ 2 (สว่างแดนดิน),สกลนคร
2219,100,บ้านหมี่ - โคกเจริญ,24+012,2209,1008,120,105,63,789,617,493,545,150,6099,32.341,124,1803,ลพบุรีที่ 1,ลพบุรี
2219,200,โคกเจริญ - หนองมะค่า,47+335,1542,1093,49,8,23,758,572,541,226,126,4938,30.296,50,918,ลพบุรีที่ 2 (ลำนารายณ์),ลพบุรี
2219,100,บ้านหมี่ - โคกเจริญ,36+624,1335,1126,48,21,17,664,297,325,359,351,4542,30.148,137,1208,ลพบุรีที่ 1,ลพบุรี
2219,100,บ้านหมี่ - โคกเจริญ,17+000,1173,1864,127,83,110,1061,459,412,431,184,5904,28.439,25,1201,ลพบุรีที่ 1,ลพบุรี
2219,300,หนองมะค่า - ศรีเทพน้อย,77+478,712,113,0,0,0,704,46,41,19,18,1653,7.533,35,537,เพชรบูรณ์ที่ 2 (บึงสามพัน),เพชรบูรณ์
2219,300,หนองมะค่า - ศรีเทพน้อย,61+425,489,192,3,0,0,637,34,14,13,16,1398,5.474,17,503,เพชรบูรณ์ที่ 2 (บึงสามพัน),เพชรบูรณ์
2220,100,กลางดง - วัดเทพพิทักษ์ปุณณาราม,1+000,1333,1173,297,272,194,1217,817,629,61,0,5993,32.914,237,1055,นครราชสีมาที่ 2,นครราชสีมา
2222,100,โขงเจียม - สะพือ,20+000,528,501,34,6,0,199,45,22,18,6,1358,7.065,5,413,อุบลราชธานีที่ 2,อุบลราชธานี
2224,100,มวกเหล็ก - กลุ่มพระบาท,2+100,2969,2871,105,96,98,3016,299,264,376,234,10329,13.235,70,2332,สระบุรี,สระบุรี
2224,100,มวกเหล็ก - กลุ่มพระบาท,10+987,2768,2392,177,150,110,2317,156,106,56,54,8286,7.622,81,2193,สระบุรี,สระบุรี
2224,200,กลุ่มพระบาท - ซับน้อยเหนือ,30+687,983,564,89,105,94,1024,461,201,163,152,3837,30.655,27,686,ลพบุรีที่ 2 (ลำนารายณ์),สระบุรี
2226,100,วังหิน - หนองนางดำ,5+000,1617,463,18,18,40,4836,191,262,199,202,7845,11.617,10,2138,นครราชสีมาที่ 1,นครราชสีมา
2226,100,วังหิน - หนองนางดำ,35+855,1519,191,0,6,11,4185,252,114,314,214,6806,13.392,13,2605,นครราชสีมาที่ 1,นครราชสีมา
2226,201,หนองนางดำ - หนองขมาร,61+000,893,158,3,2,7,2565,200,143,219,179,4370,17.172,0,1586,บุรีรัมย์,บุรีรัมย์
2226,202,หนองขมาร - สตึก,77+755,624,130,9,0,7,2710,201,104,91,66,3943,11.906,52,2243,บุรีรัมย์,บุรีรัมย์
2229,100,กุดเรือคำ - บ้านม่วง,12+000,1241,793,18,15,9,1335,86,74,66,33,3671,7.716,11,949,บึงกาฬ,สกลนคร
2230,200,บ้านปัก - เฝ้าไร่,24+000,2630,803,41,8,13,452,97,66,45,26,4181,6.091,32,1721,หนองคาย,หนองคาย
2230,100,เหล่าอุดม - บ้านปัก,3+000,1172,259,56,55,71,1176,244,218,179,107,3538,24.726,73,1029,อุดรธานีที่ 2 (หนองหาน),อุดรธานี
2231,200,ท่าไฮ - กุงเก่า,8+800,449,282,40,42,33,1834,47,43,46,46,2862,8.978,28,1357,กาฬสินธุ์,กาฬสินธุ์
2232,100,หนองผือ - นาไฮ,22+700,2048,89,8,18,13,1399,99,59,45,41,3819,7.207,30,1373,อำนาจเจริญ,อุบลราชธานี
2232,100,หนองผือ - นาไฮ,23+775,1739,296,21,14,16,1767,126,69,50,39,4136,7.567,17,1431,อำนาจเจริญ,อุบลราชธานี
2233,100,พล - ท่านางแนว,7+000,955,467,17,10,9,1387,79,22,63,55,3063,7.755,15,857,ขอนแก่นที่ 3 (บ้านไผ่),ขอนแก่น
2233,100,พล - ท่านางแนว,27+000,163,63,3,1,1,903,58,21,13,11,1238,8.487,8,545,ขอนแก่นที่ 3 (บ้านไผ่),ขอนแก่น
2235,100,หนองสาหร่าย - หนองสองห้อง,13+300,3389,1996,155,152,126,1381,562,357,142,97,8357,17.179,16,1407,นครราชสีมาที่ 2,นครราชสีมา
2236,100,สำโรงเกียรติ - ช่องพระพลัย,0+500,954,45,0,0,0,17,33,18,2,3,1072,5.325,2,802,ศรีสะเกษที่ 2,ศรีสะเกษ
2239,100,บ้านต้อง - ศรีธาตุ,20+000,733,516,37,9,8,1935,136,91,69,46,3579,10.019,2,966,อุดรธานีที่ 2 (หนองหาน),อุดรธานี
2242,100,บุ่งเขียว - เขมราฐ,0+400,1511,752,177,196,210,865,537,488,496,360,5591,40.899,88,1219,อำนาจเจริญ,อุบลราชธานี
2243,101,บัวชุม - สี่แยกบัวชุม,4+000,4190,1104,83,43,45,4294,456,164,105,110,10595,8.71,49,1857,ลพบุรีที่ 2 (ลำนารายณ์),ลพบุรี
2243,200,อีเหลอ - ปากช่อง,68+138,2771,2332,184,180,176,798,240,82,70,59,6893,11.715,9,1263,นครราชสีมาที่ 2,นครราชสีมา
2243,102,สี่แยกบัวชุม - โป่งเกตุ,28+000,1280,1393,113,101,96,2169,338,332,349,302,6473,23.447,0,1039,ลพบุรีที่ 2 (ลำนารายณ์),ลพบุรี
2244,100,มอดินแดง - ศรีเทพน้อย,1+500,196,46,0,0,0,429,21,29,22,17,759,11.579,28,468,เพชรบูรณ์ที่ 2 (บึงสามพัน),เพชรบูรณ์
2245,100,นาตะกรุด - หนองบัวเริง,2+000,196,41,0,0,0,355,31,21,22,17,683,13.211,29,368,เพชรบูรณ์ที่ 2 (บึงสามพัน),เพชรบูรณ์
2246,201,โคกสำราญ - โคกสี,34+631,1850,592,8,15,6,212,150,123,71,74,3101,14.144,6,877,นครราชสีมาที่ 1,นครราชสีมา
2246,100,บ่อตะครอง - โคกสำราญ,2+000,1336,332,7,6,7,911,143,30,55,38,2864,9.689,8,1440,ขอนแก่นที่ 3 (บ้านไผ่),ขอนแก่น
2247,200,ป่าไผ่ - ปากช่อง,64+037,4632,2643,292,248,249,1213,340,156,96,70,9940,11.663,21,2571,นครราชสีมาที่ 2,นครราชสีมา
2247,101,จงโก - ลำสมพุง,0+147,2197,424,46,43,15,1871,136,106,16,9,4863,6.693,0,1703,ลพบุรีที่ 2 (ลำนารายณ์),ลพบุรี
2247,102,ลำสมพุง - ป่าไผ่,37+037,2107,1115,18,15,23,1344,413,286,97,101,5519,16.929,117,1082,ลพบุรีที่ 2 (ลำนารายณ์),สระบุรี
2247,101,จงโก - ลำสมพุง,24+247,1928,628,15,7,10,2152,206,199,63,0,5207,9.3,5,1562,ลพบุรีที่ 2 (ลำนารายณ์),ลพบุรี
2248,102,บ้านด่าน - ซำหวาย,34+262,1373,1421,148,159,160,1511,1344,1385,1404,1279,10184,56.275,121,1029,ศรีสะเกษที่ 2,อุบลราชธานี
2248,102,บ้านด่าน - ซำหวาย,20+147,1195,1094,187,145,146,1230,1237,1227,1127,1002,8590,56.854,107,931,ศรีสะเกษที่ 2,อุบลราชธานี
2248,200,ซำหวาย - บุญฑริก,101+762,1142,1040,35,32,27,2038,598,37,27,25,5002,14.932,44,1832,อุบลราชธานีที่ 2,อุบลราชธานี
2248,200,ซำหวาย - บุญฑริก,72+015,1102,821,33,29,21,3933,809,31,32,31,6841,13.907,37,3175,อุบลราชธานีที่ 2,อุบลราชธานี
2248,101,ภูมิซรอล - บ้านด่าน,2+000,828,386,35,10,1,883,160,69,169,82,2623,18.72,42,910,ศรีสะเกษที่ 2,ศรีสะเกษ
2248,102,บ้านด่าน - ซำหวาย,36+500,85,38,6,7,7,491,34,16,7,2,692,10.561,22,601,ศรีสะเกษที่ 2,อุบลราชธานี
2249,101,ไร่ทาม - วังแคน,11+200,4766,1867,23,10,11,757,10,9,6,3,7464,0.673,43,3531,เลยที่ 1,เลย
2250,100,ห้วยทรายคำ - หนองคัน,0+500,1058,112,22,14,18,672,97,39,43,39,2113,11.838,3,801,เลยที่ 1,เลย
2252,100,ปทุมราชวงศา - กุดข้าวปุ้น,8+000,1416,492,156,127,104,1191,140,61,65,53,3805,14.436,62,1688,อำนาจเจริญ,อำนาจเจริญ
2253,100,คำพิมูล - คำม่วง,3+000,3448,2199,66,65,56,1865,1771,1506,1215,345,12537,39.555,51,3456,กาฬสินธุ์,กาฬสินธุ์
2255,100,นาข่า - สุมเส้า,9+500,1012,381,17,5,21,2213,233,122,65,14,4083,11.245,10,900,อุดรธานีที่ 2 (หนองหาน),อุดรธานี
2256,101,ถนนโค้ง - หนองน้ำใส,4+502,4563,2299,75,72,71,3714,1884,841,855,311,14685,27.469,108,2136,ลพบุรีที่ 2 (ลำนารายณ์),ลพบุรี
2256,102,หนองน้ำใส - ปางโก,24+000,3368,305,10,6,24,74,343,378,359,130,4997,24.8,25,365,ลพบุรีที่ 2 (ลำนารายณ์),ลพบุรี
2256,200,ปางโก - กุดม่วง,65+305,1564,1446,34,37,29,415,179,539,546,506,5294,34.671,8,1209,นครราชสีมาที่ 2,นครราชสีมา
2258,100,สะเดาะพง - เสลี่ยงแห้ง2,1+700,574,499,0,0,0,898,26,8,0,0,2006,1.708,0,688,เพชรบูรณ์ที่ 1,เพชรบูรณ์
2259,100,เสลภูมิ - คำโพนสูง,42+400,2317,1372,101,103,106,2232,155,122,99,75,6682,9.896,14,1819,ยโสธร,ร้อยเอ็ด
2259,100,เสลภูมิ - คำโพนสูง,13+500,2121,1409,93,86,94,2218,135,129,90,73,6447,9.407,15,1711,ยโสธร,ร้อยเอ็ด
2260,100,ลำสนธิ - ซับลังกา,25+054,2109,1932,35,50,5,650,685,0,0,0,5467,13.537,33,1681,ลพบุรีที่ 2 (ลำนารายณ์),ลพบุรี
2260,100,ลำสนธิ - ซับลังกา,12+700,1864,1776,70,56,38,1612,185,132,86,80,5898,9.779,37,1261,ลพบุรีที่ 2 (ลำนารายณ์),ลพบุรี
2260,100,ลำสนธิ - ซับลังกา,2+625,1755,964,0,2,0,464,759,0,0,0,3945,19.311,2,2022,ลพบุรีที่ 2 (ลำนารายณ์),ลพบุรี
2262,100,สำโรงทาบ - ม่วงหมาก,4+500,1223,267,0,0,0,1818,148,18,18,11,3505,5.604,27,2073,สุรินทร์,สุรินทร์
2263,100,อุดรธานี - บ้านเพีย,3+900,5950,210,90,11,3,1209,403,98,58,62,8096,7.857,14,3485,อุดรธานีที่ 1,อุดรธานี
2263,201,บ้านเพีย - ทุ่งตาลเลียน,22+050,3344,2837,106,112,48,1513,1048,581,437,302,10329,24.48,49,2260,หนองบัวลำภู,อุดรธานี
2266,200,ห้วยทอน - กลางใหญ่,28+778,1388,174,6,5,1,256,110,85,82,24,2129,14.378,4,802,อุดรธานีที่ 1,อุดรธานี
2266,100,ศรีเชียงใหม่ - ห้วยทอน,14+000,943,327,319,19,13,738,23,11,11,6,2410,3.46,55,565,หนองคาย,หนองคาย
2267,101,โพนพิสัย - โนนต้อง,24+700,3159,725,62,7,7,393,129,77,46,38,4641,6.521,89,1621,หนองคาย,หนองคาย
2268,100,เชียงยืน - คำใหญ่,16+200,2603,675,128,74,79,2621,228,98,72,79,6657,9.47,103,1889,ขอนแก่นที่ 1,มหาสารคาม
2268,200,คำใหญ่ - ท่าคันโท,48+639,463,147,47,35,41,3579,204,58,39,45,4659,9.071,22,3169,กาฬสินธุ์,กาฬสินธุ์
2268,200,คำใหญ่ - ท่าคันโท,76+938,400,156,35,31,29,2678,146,58,43,37,3614,9.513,17,1985,กาฬสินธุ์,กาฬสินธุ์
2268,200,คำใหญ่ - ท่าคันโท,39+280,242,168,39,35,34,2607,42,39,37,38,3281,6.857,21,2244,กาฬสินธุ์,กาฬสินธุ์
2269,200,หนองคู - ดงบัง,22+050,2205,2211,79,46,46,2341,314,215,167,72,7695,11.161,31,1809,มหาสารคาม,มหาสารคาม
2269,100,โนนใหม่ - หนองคู,2+500,676,511,0,0,0,1114,37,17,21,0,2374,3.127,23,721,ร้อยเอ็ด,ร้อยเอ็ด
2270,100,มีชัย - ลำน้ำสงคราม,4+000,845,122,51,42,49,734,119,62,67,63,2155,18.654,49,501,อุดรธานีที่ 2 (หนองหาน),อุดรธานี
2271,100,ปากน้ำ - เฉลียงลับ,1+000,2217,1626,45,31,21,961,556,400,257,180,6293,22.958,82,3340,เพชรบูรณ์ที่ 1,เพชรบูรณ์
2272,100,หนองยายโต๊ะ - แยกท่ามะนาว,3+000,2701,1359,113,71,79,2026,158,236,70,0,6813,9.003,29,2020,ลพบุรีที่ 2 (ลำนารายณ์),ลพบุรี
2273,100,บ้านหมาก - เขาแดง,1+000,2696,538,94,118,104,2651,136,143,94,55,6628,9.788,92,3051,สระบุรี,สระบุรี
2273,200,เขาแดง - สวนมะเดื่อ,4+200,1624,943,58,43,42,1466,589,419,145,120,5451,24.932,30,1060,ลพบุรีที่ 2 (ลำนารายณ์),นครราชสีมา
2274,200,ปางหัวช้าง - คลองไทร,17+900,1608,1171,9,9,25,1395,367,180,37,6,4806,12.975,0,1087,ลพบุรีที่ 2 (ลำนารายณ์),สระบุรี
2274,100,อีเหลอ - ปางหัวช้าง,2+500,911,734,227,209,223,969,519,108,27,39,3967,28.362,9,724,นครราชสีมาที่ 2,นครราชสีมา
2275,100,หนองบง - ซับลังกา,2+250,2177,2112,56,45,29,1550,215,202,129,79,6592,10.586,33,1685,ลพบุรีที่ 2 (ลำนารายณ์),ลพบุรี
2275,302,ห้วยใหญ่ - น้ำเดื่อ,161+500,2017,1302,56,43,0,2033,159,101,95,56,5861,7.736,79,1626,เพชรบูรณ์ที่ 1,เพชรบูรณ์
2275,301,ห้วยไร่ - ห้วยใหญ่,158+425,1990,1665,32,42,26,954,473,367,296,224,6068,23.527,71,1717,เพชรบูรณ์ที่ 1,เพชรบูรณ์
2275,202,แยกศรีเทพ - ซับบอน,47+638,1960,826,46,32,1,2926,85,238,67,32,6212,7.318,38,1244,เพชรบูรณ์ที่ 2 (บึงสามพัน),เพชรบูรณ์
2275,301,ห้วยไร่ - ห้วยใหญ่,114+848,1922,1296,30,30,23,1042,572,380,325,246,5866,26.869,102,1842,เพชรบูรณ์ที่ 1,เพชรบูรณ์
2275,203,หนองแดง - ห้วยไร่,79+500,646,654,62,0,0,3202,69,75,56,38,4803,4.946,45,2730,เพชรบูรณ์ที่ 2 (บึงสามพัน),เพชรบูรณ์
2275,202,แยกศรีเทพ - ซับบอน,52+057,493,251,74,24,1,1381,148,144,90,45,2652,17.054,41,867,เพชรบูรณ์ที่ 2 (บึงสามพัน),เพชรบูรณ์
2275,201,ซับลังกา - แยกศรีเทพ,16+673,305,46,0,0,0,379,39,23,23,24,838,12.943,36,351,เพชรบูรณ์ที่ 2 (บึงสามพัน),เพชรบูรณ์
2275,303,น้ำเดื่อ - น้ำดุก,191+750,266,154,0,0,0,1624,95,27,0,0,2167,5.64,34,1414,เพชรบูรณ์ที่ 1,เพชรบูรณ์
2276,100,กุรุคุ - เรณูนคร,8+295,1391,643,26,22,46,3341,150,143,73,53,5886,8.246,96,3361,นครพนม,นครพนม
2276,100,กุรุคุ - เรณูนคร,28+983,1275,640,58,40,31,3362,147,126,91,95,5865,9.036,132,3149,นครพนม,นครพนม
2278,100,หัวนา - กกโอ,1+000,491,49,1,0,1,233,17,2,1,1,797,2.865,49,780,เพชรบูรณ์ที่ 1,เพชรบูรณ์
2280,101,สนามชัย - เจริญศิลป์,4+800,1458,1302,80,24,1,1808,215,209,289,193,5579,16.684,3,1367,สกลนครที่ 2 (สว่างแดนดิน),สกลนคร
2281,100,โคกคอน - ชัยยานนท์,0+500,597,507,62,18,0,1376,219,93,73,2,2948,13.754,60,1094,สกลนครที่ 2 (สว่างแดนดิน),สกลนคร
2282,100,มะนาวหวาน - โป่งเกตุ,17+500,1994,1204,11,13,8,1923,402,169,55,32,5811,11.675,35,1015,ลพบุรีที่ 2 (ลำนารายณ์),ลพบุรี
2283,100,สังขะ - บ้านด่าน,4+000,1391,499,5,3,0,624,147,47,71,26,2813,10.475,25,1167,สุรินทร์,สุรินทร์
2285,100,ประทาย - ชุมพวง,2+750,2058,110,15,10,3,3636,223,167,578,391,7191,19.076,18,1562,นครราชสีมาที่ 1,นครราชสีมา
2287,200,สานแว้ - กุดปลาค้าว,78+335,1703,1599,150,103,94,1417,267,129,77,64,5602,13.089,30,1334,สกลนครที่ 1,กาฬสินธุ์
2287,100,ดงหลวง - สานแว้,3+835,1514,1300,242,218,210,2461,604,448,260,179,7437,25.814,143,2339,มุกดาหาร,มุกดาหาร
2287,100,ดงหลวง - สานแว้,43+335,579,799,198,154,138,1200,433,188,174,164,4028,31.075,165,895,มุกดาหาร,มุกดาหาร
2288,100,หนองยาว - ลำดวน,5+250,1107,238,89,6,0,1183,140,47,40,22,2871,8.87,5,423,สุรินทร์,สุรินทร์
2289,100,บ้านโพน - ลำพันชาด,1+000,3303,2523,90,69,70,2838,2195,1553,1383,937,14960,41.484,67,3277,กาฬสินธุ์,กาฬสินธุ์
2289,200,ลำพันชาด - วังสามหมอ,23+553,696,420,26,11,13,1115,107,59,38,29,2514,10.223,3,886,อุดรธานีที่ 2 (หนองหาน),อุดรธานี
2291,101,กุฉินารายณ์ - นาคู,0+200,3377,1609,13,8,6,5557,530,224,131,108,11564,8.711,48,2609,สกลนครที่ 1,กาฬสินธุ์
2291,101,กุฉินารายณ์ - นาคู,20+188,2001,1389,10,17,5,5756,233,94,53,29,9586,4.48,24,5020,สกลนครที่ 1,กาฬสินธุ์
2291,101,กุฉินารายณ์ - นาคู,25+000,1349,897,25,19,11,2372,154,63,48,37,4975,6.68,38,1737,สกลนครที่ 1,กาฬสินธุ์
2291,102,นาคู - สร้างค้อ,34+000,249,104,1,11,0,994,24,5,6,7,1400,3.752,13,788,สกลนครที่ 1,กาฬสินธุ์
2292,102,สงเปือย - โนนตูม,17+700,1468,579,49,7,9,3501,61,45,34,31,5782,3.219,28,2581,มุกดาหาร,มุกดาหาร
2294,100,แก่งไฮ - ห้วยติ้ว,6+600,573,391,80,61,39,483,258,151,87,54,2176,29.816,19,395,เลยที่ 2 (ด่านซ้าย),เลย
2296,100,ทางเข้าแก่งตะนะ,2+000,230,211,11,2,2,118,3,0,0,0,578,1.383,5,274,อุบลราชธานีที่ 2,อุบลราชธานี
2297,100,บ้านลาน - เปือยน้อย,1+175,1976,1750,22,17,11,1335,337,239,153,119,5958,14.702,30,1399,ขอนแก่นที่ 3 (บ้านไผ่),ขอนแก่น
2298,100,แหลมทอง - สระมะค่า,0+500,1784,1588,72,77,62,818,452,404,298,241,5795,26.468,46,1460,นครราชสีมาที่ 3,นครราชสีมา
2300,100,หนองแหน - หนองเขื่อน,5+500,2436,2011,67,46,13,1397,1233,657,694,661,9216,35.853,45,1897,มหาสารคาม,มหาสารคาม
2301,100,หินตั้ง - หนองสองห้อง,5+000,1413,1037,19,10,22,1077,431,370,291,232,4902,27.656,51,1485,ขอนแก่นที่ 3 (บ้านไผ่),ขอนแก่น
2302,100,กอไผ่ - บุ่งน้ำเต้า,19+000,684,654,0,0,0,1203,0,0,0,0,2541,0,0,773,เพชรบูรณ์ที่ 1,เพชรบูรณ์
2306,100,ห้วยมะเขือ - โจ๊ะโหวะ,0+500,732,41,30,0,0,839,56,13,0,0,1711,4.005,40,1256,เพชรบูรณ์ที่ 1,เพชรบูรณ์
2307,100,วานรนิวาส - บ้านเซือม,10+000,1284,203,0,0,0,2073,140,47,89,67,3904,8.806,2,1070,สกลนครที่ 2 (สว่างแดนดิน),สกลนคร
2308,100,บ้านขาม - บ้านเซือม,2+070,1286,95,16,1,3,137,42,18,7,3,1609,4.684,16,791,สกลนครที่ 2 (สว่างแดนดิน),สกลนคร
2310,100,สวนสัตว์นครราชสีมา - ท่าอ่าง,1+000,6121,5777,246,196,194,6164,809,564,433,412,20915,12.472,152,4270,นครราชสีมาที่ 3,นครราชสีมา
2312,100,หนองหาน - สุมเส้า,27+000,1050,252,16,13,1,2171,210,99,69,29,3909,10.751,26,1251,อุดรธานีที่ 2 (หนองหาน),อุดรธานี
2312,100,หนองหาน - สุมเส้า,1+500,850,359,42,17,1,1635,104,58,49,22,3137,8.009,8,1079,อุดรธานีที่ 2 (หนองหาน),อุดรธานี
2314,100,หนองวัวซอ - กุดจับ,2+000,713,255,42,5,0,1293,61,70,21,11,2469,6.753,15,1400,หนองบัวลำภู,อุดรธานี
2315,100,หนองวัวซอ - อูบมุง,0+750,1792,409,71,40,2,2773,223,75,42,40,5467,7.729,18,2180,หนองบัวลำภู,อุดรธานี
2316,102,ท่ายม - บ้านเหล่า,54+525,2346,97,15,2,2,308,273,40,54,26,3164,12.563,18,862,อุดรธานีที่ 1,อุดรธานี
2316,102,ท่ายม - บ้านเหล่า,18+625,1395,1706,0,1,0,943,113,115,66,33,4373,7.522,1,1680,อุดรธานีที่ 1,อุดรธานี
2316,101,โคกผักหวาน - ท่ายม,2+600,1321,198,2,0,0,972,260,146,62,43,3005,17.028,39,1358,อุดรธานีที่ 1,อุดรธานี
2318,100,ทุ่งใหญ่ - ทุ่งฝน,5+000,1071,268,58,51,38,1720,168,69,25,58,3527,11.593,58,1260,อุดรธานีที่ 2 (หนองหาน),อุดรธานี
2320,100,เนินสง่า - น้ำร้อน,0+750,667,250,37,5,0,3087,159,31,38,30,4302,6.079,25,2880,เพชรบูรณ์ที่ 2 (บึงสามพัน),เพชรบูรณ์
2321,200,นิยมชัย - สระโบสถ์,34+500,2358,2473,128,122,55,2424,963,190,94,73,8879,16.851,6,2474,ลพบุรีที่ 1,ลพบุรี
2321,100,ใหม่สามัคคี - นิยมชัย,3+400,1275,739,50,43,42,1267,354,348,153,183,4454,25.231,75,1064,ลพบุรีที่ 2 (ลำนารายณ์),ลพบุรี
2322,201,โคกสูง - หนองกุงใหญ่,45+396,5833,2628,74,81,78,5915,321,300,75,70,15375,6.017,150,4539,ขอนแก่นที่ 1,มหาสารคาม
2322,102,โกสุมพิสัย - โคกสูง,26+396,4271,4262,91,72,58,938,686,233,185,158,10955,12.709,55,3198,มหาสารคาม,มหาสารคาม
2322,201,โคกสูง - หนองกุงใหญ่,48+292,2631,916,73,67,71,2623,270,134,103,97,6985,10.612,130,2363,ขอนแก่นที่ 1,มหาสารคาม
2322,201,โคกสูง - หนองกุงใหญ่,75+492,2506,368,111,110,98,2775,167,161,128,79,6502,11.418,128,1986,ขอนแก่นที่ 1,ขอนแก่น
2322,202,หนองกุงใหญ่ - กุดจิก,97+792,1914,1008,151,77,41,248,206,120,130,163,4058,18.154,66,1683,ขอนแก่นที่ 1,ขอนแก่น
2322,101,โสกขุ่น - โกสุมพิสัย,8+800,1462,941,24,24,16,827,330,118,113,99,3954,17.707,13,978,มหาสารคาม,มหาสารคาม
2322,300,กุดจิก - ท่าคันโท,117+158,574,254,39,24,29,2917,119,81,38,39,4113,7.998,20,2695,กาฬสินธุ์,กาฬสินธุ์
2323,100,ทางเข้าอนุสรณ์ผู้เสียสละเขาค้อ,5+700,170,136,0,0,0,220,0,0,0,0,527,0,0,153,เพชรบูรณ์ที่ 1,เพชรบูรณ์
2323,100,ทางเข้าอนุสรณ์ผู้เสียสละเขาค้อ,1+000,150,121,0,0,0,207,0,0,0,0,477,0,0,156,เพชรบูรณ์ที่ 1,เพชรบูรณ์
2325,100,เขาค้อ - หนองแม่นา,0+500,620,592,0,0,0,1253,18,11,0,0,2494,1.19,0,838,เพชรบูรณ์ที่ 1,เพชรบูรณ์
2326,100,เพชรบูรณ์ - ห้วยใหญ่,7+000,1795,1170,58,56,0,1986,122,137,91,47,5463,8.3,122,1383,เพชรบูรณ์ที่ 1,เพชรบูรณ์
2327,100,บัวคำ - โพธิ์ชัย,3+500,1020,244,29,3,3,1739,156,50,47,13,3305,8.258,24,1446,ร้อยเอ็ด,ร้อยเอ็ด
2328,102,ปวงตึก - นาตำบล,32+197,946,388,1,9,1,538,220,59,32,15,2210,15.245,7,1164,สุรินทร์,สุรินทร์
2328,101,แยกเขาช่องจอม - ปวงตึก,2+227,867,162,2,0,1,243,93,53,29,14,1463,12.881,9,600,สุรินทร์,สุรินทร์
2329,100,เพ็ญ - สร้างคอม,3+000,809,338,27,30,2,2432,130,61,83,33,3945,8.599,18,1425,อุดรธานีที่ 2 (หนองหาน),อุดรธานี
2330,100,สร้างค้อ - ห้วยหวด,1+000,145,56,0,0,1,709,58,5,2,6,982,7.326,8,651,สกลนครที่ 1,สกลนคร
2331,100,โจ๊ะโหวะ - อุทยานแห่งชาติภูหินร่องกล้า,2+000,1192,50,16,3,0,367,35,8,0,0,1672,2.801,55,395,เพชรบูรณ์ที่ 1,เพชรบูรณ์
2331,200,อุทยานแห่งชาติภูหินร่องกล้า - นครไทย,66+500,694,110,7,0,1,37,49,14,1,0,913,7.134,5,417,พิษณุโลกที่ 2 (วังทอง),พิษณุโลก
2333,100,หนองสนิท - ศรีสำโรง,4+500,519,369,93,71,66,884,392,139,87,61,2679,30.435,22,755,สุรินทร์,สุรินทร์
2334,100,จอมพระ - ศีขรภูมิ,13+808,348,120,6,5,0,619,71,8,10,1,1188,7.981,18,357,สุรินทร์,สุรินทร์
2335,100,ภูมิซรอล - สำโรงเกียรติ,0+700,79,47,3,0,3,405,64,27,8,1,638,16.279,27,421,ศรีสะเกษที่ 2,ศรีสะเกษ
2336,100,หนองผ้าอ้อม - กุฉินารายณ์,0+500,3023,2139,58,57,58,2481,1654,1289,1075,897,12731,39.508,50,2792,กาฬสินธุ์,กาฬสินธุ์
2336,100,หนองผ้าอ้อม - กุฉินารายณ์,39+700,2720,2258,88,66,61,2827,1534,1211,1165,901,12830,38.481,57,2888,กาฬสินธุ์,กาฬสินธุ์
2337,100,ห้วยยาง - สองคอน,26+600,2227,437,187,175,177,1959,258,190,161,110,5881,18.198,127,1835,อำนาจเจริญ,อุบลราชธานี
2337,100,ห้วยยาง - สองคอน,1+000,1665,481,112,113,95,1629,210,154,103,97,4659,16.573,91,1552,อำนาจเจริญ,อุบลราชธานี
2338,100,สวนมะเดื่อ - แยกท่ามะนาว,14+080,1971,963,45,27,37,1801,291,272,74,3,5484,12.849,0,1367,ลพบุรีที่ 2 (ลำนารายณ์),ลพบุรี
2338,100,สวนมะเดื่อ - แยกท่ามะนาว,22+718,1581,1502,31,40,51,1689,417,355,61,45,5771,16.782,6,1170,ลพบุรีที่ 2 (ลำนารายณ์),ลพบุรี
2339,100,ศรีวิชา - กวนบุ่น,25+080,509,238,2,3,0,1638,123,14,1,2,2531,5.686,89,2157,สกลนครที่ 1,สกลนคร
2339,100,ศรีวิชา - กวนบุ่น,22+000,413,154,48,10,15,1319,89,41,8,7,2105,8.085,84,1315,สกลนครที่ 1,สกลนคร
2340,100,ศิลาทิพย์ - โคกแสมสาร,28+048,1294,489,25,18,18,1312,223,212,0,0,3592,13.132,2,964,ลพบุรีที่ 2 (ลำนารายณ์),ลพบุรี
2340,100,ศิลาทิพย์ - โคกแสมสาร,1+000,1289,640,73,54,63,1511,258,283,151,126,4447,21.007,0,1014,ลพบุรีที่ 2 (ลำนารายณ์),ลพบุรี
2340,200,โคกแสมสาร - สระโบสถ์,54+513,1216,1222,46,34,31,1333,287,90,24,29,4311,11.47,2,1911,ลพบุรีที่ 1,ลพบุรี
2341,100,ไพรพัฒนา - หนองบัวเรณ,70+960,539,204,14,5,3,210,81,37,11,2,1107,12.59,13,433,ศรีสะเกษที่ 1,ศรีสะเกษ
2341,100,ไพรพัฒนา - หนองบัวเรณ,18+000,373,51,5,1,3,263,41,6,0,5,748,7.481,13,509,ศรีสะเกษที่ 1,ศรีสะเกษ
2341,100,ไพรพัฒนา - หนองบัวเรณ,37+300,138,130,21,6,1,318,39,5,19,5,681,10.906,51,775,ศรีสะเกษที่ 1,ศรีสะเกษ
2342,100,สว่างแดนดิน - ส่องดาว,1+200,1440,487,29,16,0,3063,172,58,18,1,5284,5.036,11,3399,สกลนครที่ 2 (สว่างแดนดิน),สกลนคร
2343,100,สักหลง - วังมล,1+000,881,114,27,0,0,2264,142,26,0,0,3454,4.861,19,2007,เพชรบูรณ์ที่ 1,เพชรบูรณ์
2346,200,นาหว้า - ดงขวาง,32+996,3309,3335,47,48,45,2977,498,479,463,488,11687,17.277,360,2410,นครพนม,นครพนม
2346,100,ดอนเชียงบาน - นาหว้า,4+100,1247,1131,156,13,5,2111,123,82,25,14,4906,5.331,14,1027,สกลนครที่ 1,สกลนคร
2347,100,ธาตุนาเวง - สกลนคร,1+900,13228,8116,1428,942,733,12646,1454,846,692,568,40653,12.878,596,9679,สกลนครที่ 1,สกลนคร
2348,101,บ้านผือ - น้ำซึม,10+050,3590,934,103,110,107,187,311,214,167,94,5816,17.223,218,1983,อุดรธานีที่ 1,อุดรธานี
2348,102,น้ำซึม - คีรีวงกต,41+500,1327,242,47,6,14,2513,172,104,74,32,4531,8.873,11,2300,อุดรธานีที่ 1,อุดรธานี
2348,102,น้ำซึม - คีรีวงกต,59+200,200,162,17,0,1,905,79,61,24,14,1462,12.188,27,640,อุดรธานีที่ 1,อุดรธานี
2349,100,หัวช้าง - บึงบูรพ์,0+500,418,308,8,2,0,831,111,14,19,8,1720,8.964,6,318,ศรีสะเกษที่ 1,ศรีสะเกษ
2350,100,หนองหาน - กุมภวาปี,29+550,2923,1152,38,31,29,6710,482,471,440,535,12809,15.506,20,2578,อุดรธานีที่ 2 (หนองหาน),อุดรธานี
2351,100,พลไว - แข้โพนเมือง,2+500,2850,2598,40,37,39,1830,1728,33,40,32,9226,20.686,30,1249,ยโสธร,ยโสธร
2351,200,แข้โพนเมือง - ยางชุมน้อย,37+000,1376,1529,131,81,24,179,286,78,74,88,3847,16.39,44,1088,ศรีสะเกษที่ 1,ศรีสะเกษ
2352,100,นาด่าน - สุวรรณคูหา,1+800,2557,1882,22,40,5,1291,116,49,46,22,6029,4.603,7,1951,หนองบัวลำภู,หนองบัวลำภู
2354,101,เทพสถิต - ซับใหญ่,1+000,2199,765,33,23,34,1521,530,458,625,267,6455,30.007,14,1104,ชัยภูมิ,ชัยภูมิ
2354,101,เทพสถิต - ซับใหญ่,50+500,2168,351,22,23,32,1696,539,460,862,270,6422,34.039,10,1183,ชัยภูมิ,ชัยภูมิ
2355,100,สูงเนิน - สี่แยก,2+000,2906,707,42,15,5,412,155,45,42,26,4355,6.609,10,988,สกลนครที่ 2 (สว่างแดนดิน),สกลนคร
2356,100,เสิงสาง - ทางเข้าสระตะเคียน,0+200,1843,1641,46,42,27,2918,2087,1007,988,738,11338,43.125,19,2652,นครราชสีมาที่ 3,นครราชสีมา
2357,100,หนองยายโต๊ะ - ลำพญาไม้,14+000,1265,449,42,47,21,1747,154,138,108,94,4066,13.82,66,1149,ลพบุรีที่ 2 (ลำนารายณ์),ลพบุรี
2358,100,โนนหอม - เต่างอย,0+500,576,135,16,1,0,1395,78,3,3,2,2209,3.981,13,1106,สกลนครที่ 1,สกลนคร
2359,101,หนองบัวแดง - แหลมทอง,14+800,2751,1840,18,24,7,3620,717,515,517,280,10290,20.022,88,1261,ชัยภูมิ,ชัยภูมิ
2359,101,หนองบัวแดง - แหลมทอง,36+500,2674,1429,17,21,11,3172,566,372,383,310,8954,18.571,53,1183,ชัยภูมิ,ชัยภูมิ
2361,100,หนองเขียด - ภูผาม่าน,0+500,815,391,43,8,3,1754,159,41,19,9,3244,7.394,50,895,ขอนแก่นที่ 2 (ชุมแพ),ขอนแก่น
2365,100,โคกแขวน - ดอนแขวน,1+060,2255,1737,50,53,25,2537,1449,871,914,700,10591,37.884,29,2304,นครราชสีมาที่ 3,นครราชสีมา
2367,100,มหาสารคาม - บ้านม่วง,8+500,6015,3262,54,63,34,5901,299,270,81,64,16043,5.054,38,3590,มหาสารคาม,มหาสารคาม
2367,202,สี่แยกหนองแปน - กมลาไสย,35+394,5377,4998,9,1,1,733,558,131,105,74,11989,7.269,34,3863,กาฬสินธุ์,กาฬสินธุ์
2368,100,ทางเข้าผาแต้ม,1+300,456,248,0,0,6,53,32,5,0,0,798,5.293,0,597,อุบลราชธานีที่ 2,อุบลราชธานี
2369,102,ดอนไผ่ - แก้งสนามนาง,61+063,1860,33,2,3,7,413,97,57,79,30,2582,10.571,5,1029,นครราชสีมาที่ 1,นครราชสีมา
2369,101,พระทองคำ - ดอนไผ่,2+200,1654,739,3,8,11,2582,242,123,113,80,5556,10.401,13,1834,นครราชสีมาที่ 1,นครราชสีมา
2369,101,พระทองคำ - ดอนไผ่,26+123,843,369,6,7,9,1778,129,131,97,70,3439,12.886,23,1522,นครราชสีมาที่ 1,นครราชสีมา
2370,100,นิคมคำสร้อย - หนองสูง,28+700,1204,657,82,8,6,3280,40,19,34,21,5351,2.391,26,2519,มุกดาหาร,มุกดาหาร
2371,101,ศีขรภูมิ - ศรีณรงค์,5+200,2065,94,14,13,3,2219,131,33,93,5,4669,5.944,6,1737,สุรินทร์,สุรินทร์
2372,102,ห้วยแล้ง - น้ำชุน,12+000,1095,271,16,0,0,1558,171,48,10,66,3236,9.142,10,1023,เพชรบูรณ์ที่ 1,เพชรบูรณ์
2372,101,วังบาล - ห้วยแล้ง,2+000,957,48,14,8,0,586,102,11,8,5,1738,7.687,65,566,เพชรบูรณ์ที่ 1,เพชรบูรณ์
2373,100,โนนสำนัก - ดอนไม้งาม,0+500,1562,424,10,11,1,1705,148,65,37,11,3976,6.895,3,1614,ศรีสะเกษที่ 1,ศรีสะเกษ
2375,100,บักดอก - พนมดิน,0+500,626,75,26,5,5,1489,128,39,27,7,2427,8.659,13,1208,สุรินทร์,สุรินทร์
2376,200,โสกกล้า - สังคม,30+000,821,300,431,14,10,635,19,17,6,2,2256,3.038,51,628,หนองคาย,หนองคาย
2376,100,น้ำซึม - โสกกล้า,10+000,511,142,23,7,1,972,77,42,33,13,1819,9.479,3,651,อุดรธานีที่ 1,อุดรธานี
2377,100,นาไร่ใหญ่ - เสนางคนิคม,0+500,2744,312,138,127,127,1215,106,108,95,67,5040,12.508,100,1886,อำนาจเจริญ,อำนาจเจริญ
2378,200,สะพานบุรีรินทร์ - ไทรงาม,33+500,1027,186,10,2,0,2073,206,74,88,37,3703,10.981,7,785,บุรีรัมย์,บุรีรัมย์
2378,100,จอมพระ - สะพานบุรีรินทร์,12+205,734,378,17,16,13,1993,171,200,43,46,3611,13.536,11,958,สุรินทร์,สุรินทร์
2379,100,เจริญศิลป์ - กุดนาขาม,4+000,731,527,56,15,0,1360,218,64,18,5,2993,10.683,71,1227,สกลนครที่ 2 (สว่างแดนดิน),สกลนคร
2380,100,หนองปลิง - บ้านสนาม,0+800,3445,2702,38,37,1,540,392,78,61,34,7327,8.215,40,1372,มหาสารคาม,มหาสารคาม
2381,100,นาเชือก - โพธิ์ทอง,0+500,1172,1273,114,107,75,1117,666,295,140,135,5095,27.841,10,1006,มหาสารคาม,มหาสารคาม
2382,100,เขื่องใน - ธาตุน้อย,2+500,9155,4694,116,37,13,5242,741,142,80,38,20257,5.181,37,2941,อุบลราชธานีที่ 1,อุบลราชธานี
2382,200,ธาตุน้อย - ยางชุมน้อย,23+000,2209,2107,49,42,16,329,426,112,50,35,5376,12.683,18,1775,ศรีสะเกษที่ 1,ศรีสะเกษ
2383,100,ม่วงสามสิบ - ดู่น้อย,3+000,10748,7485,48,1,0,1473,87,24,26,40,19933,0.894,25,967,อุบลราชธานีที่ 1,อุบลราชธานี
2385,100,นายม - เพชรบูรณ์,16+000,4618,1615,26,27,30,1624,675,423,314,250,9602,17.902,81,3518,เพชรบูรณ์ที่ 1,เพชรบูรณ์
2387,100,พิมพิสารน้อย - หนองห่าง,9+500,1182,360,70,0,0,1319,69,39,29,3,3070,4.539,21,1128,ร้อยเอ็ด,ร้อยเอ็ด
2389,100,แก้งคร้อ - สระพัง,0+580,1107,1062,33,14,18,3544,96,86,19,81,6060,5.183,6,2602,ขอนแก่นที่ 2 (ชุมแพ),ชัยภูมิ
2389,100,แก้งคร้อ - สระพัง,35+780,886,49,29,9,7,2412,128,90,58,103,3771,10.478,4,836,ขอนแก่นที่ 2 (ชุมแพ),ชัยภูมิ
2390,100,โนนสมบูรณ์ - ปฏิรูป,6+850,3399,3443,45,48,45,2952,515,506,475,452,11880,17.179,375,2395,นครพนม,นครพนม
2391,100,กู่ทอง - บ้านเขื่อน,3+650,2545,2082,46,40,35,1609,1238,433,114,78,8220,23.579,28,1787,มหาสารคาม,มหาสารคาม
2392,100,จตุรพักตรพิมาน - ปทุมรัตต์,5+000,1673,705,61,45,0,2290,85,17,3,0,4878,3.067,20,1688,ร้อยเอ็ด,ร้อยเอ็ด
2393,102,คำกุง - หนองกุงทับม้า,34+465,578,372,39,6,15,1429,144,97,78,47,2804,13.768,9,785,อุดรธานีที่ 2 (หนองหาน),อุดรธานี
2393,101,โนนเห็น - คำกุง,8+000,436,349,27,0,0,1487,248,150,135,66,2899,20.646,23,1032,อุดรธานีที่ 2 (หนองหาน),อุดรธานี
2396,102,ป่าไม้ - หนองแสง,31+000,686,501,37,26,27,2027,561,26,25,24,3941,17.502,28,1839,อุบลราชธานีที่ 2,อุบลราชธานี
2397,100,นิคมสร้างตนเองปราสาท - ช้างหมอบพัฒนา,2+133,1229,307,2,0,3,1619,166,59,114,49,3550,11.036,13,1862,สุรินทร์,สุรินทร์
2398,101,นาเฉลียง - ซับพุทรา,3+600,1035,509,0,0,0,1043,127,57,48,53,2871,9.905,42,1198,เพชรบูรณ์ที่ 2 (บึงสามพัน),เพชรบูรณ์
2399,102,โคกใหญ่ - วังยาว,26+909,712,95,7,0,0,47,27,18,11,6,923,6.807,5,377,เลยที่ 2 (ด่านซ้าย),เลย
2399,101,สานตม - โคกใหญ่,14+084,296,30,2,0,0,33,8,7,6,0,381,5.389,17,145,เลยที่ 2 (ด่านซ้าย),เลย
2399,101,สานตม - โคกใหญ่,1+000,257,17,0,0,0,333,22,7,1,0,637,4.659,0,81,เลยที่ 2 (ด่านซ้าย),เลย
2400,100,หนองหิน - เอราวัณ,40+000,731,352,19,30,1,1514,187,150,159,42,3185,17.856,12,797,เลยที่ 1,เลย
2400,100,หนองหิน - เอราวัณ,5+000,593,134,1,0,1,1879,67,41,22,14,2751,5.272,3,766,เลยที่ 1,เลย
2401,100,หนองไผ่ - ซับพุทรา,6+700,908,504,35,3,10,4870,101,0,18,26,6476,2.451,29,4217,เพชรบูรณ์ที่ 2 (บึงสามพัน),เพชรบูรณ์
2402,100,จางวาง - ดงมูลเหล็ก,11+000,1436,1030,51,37,0,1289,55,64,53,37,4051,6.033,98,1063,เพชรบูรณ์ที่ 1,เพชรบูรณ์
2404,100,เขื่องใน - นาคำใหญ่,6+000,1558,681,101,47,2,3592,138,82,35,16,6252,5.133,20,1602,อุบลราชธานีที่ 1,อุบลราชธานี
2405,100,บ้านไผ่ - กลางใหญ่,0+500,739,62,35,19,22,450,46,17,0,0,1390,7.477,19,668,อุบลราชธานีที่ 1,อุบลราชธานี
2406,100,บ้านโคก - ธาตุกลาง,0+800,1016,222,81,3,21,863,169,10,11,108,2506,12.899,60,918,อุบลราชธานีที่ 1,อุบลราชธานี
2408,100,นาคำใหญ่ - โพนเมือง,1+700,2992,479,53,16,0,905,218,34,26,5,4727,6.33,19,854,อุบลราชธานีที่ 1,อุบลราชธานี
2410,100,บ้านเหล่า - ดอนกลอย,7+200,1572,440,41,5,1,2621,256,148,118,94,5295,11.734,13,2143,อุดรธานีที่ 2 (หนองหาน),อุดรธานี
2410,100,บ้านเหล่า - ดอนกลอย,23+000,1098,535,21,0,2,1867,180,116,91,61,3971,11.36,25,786,อุดรธานีที่ 2 (หนองหาน),อุดรธานี
2411,100,บ้านพลับ - หนองนกเขียน,0+800,781,126,40,15,11,154,106,75,74,42,1425,22.756,15,571,อุดรธานีที่ 1,อุดรธานี
2412,100,ท่าวารี - ท่าศาลา,4+000,5583,5095,25,31,2,2538,138,2,3,0,13417,1.319,26,233,อุบลราชธานีที่ 1,อุบลราชธานี
2413,100,บ้านเอ้ - หนองขอน,3+000,2386,2306,61,47,18,2514,162,2,5,1,7501,3.136,30,3224,อุบลราชธานีที่ 1,อุบลราชธานี
2414,100,โคกน้อย - นาเมืองไทย,2+500,360,106,11,2,0,602,37,21,9,1,1149,6.064,4,680,อุดรธานีที่ 1,อุดรธานี
2415,101,หนองบ่อ - หนองยอ,11+000,11595,4129,79,46,0,5147,11,11,0,0,21018,0.326,20,1224,อุบลราชธานีที่ 1,อุบลราชธานี
2415,101,หนองบ่อ - หนองยอ,1+000,8756,1696,48,2,0,593,170,16,10,0,11292,1.76,24,2779,อุบลราชธานีที่ 1,อุบลราชธานี
2415,102,หนองยอ - หนองช้างใหญ่,17+500,1830,6797,47,71,38,1862,91,62,29,9,10834,2.762,106,980,อุบลราชธานีที่ 1,อุบลราชธานี
2416,100,ทางเข้าเขื่อนลำปาว,12+010,2771,2299,24,29,0,4615,1908,1817,171,57,13691,29.087,60,2104,กาฬสินธุ์,กาฬสินธุ์
2417,100,นาพระชัย - เซกา,2+000,2085,2081,48,50,50,1795,385,394,408,389,7686,21.813,326,1741,นครพนม,นครพนม
2418,100,โพนทอง - หนองพอก,26+000,593,190,17,23,15,1159,257,107,65,56,2482,21.077,64,876,ร้อยเอ็ด,ร้อยเอ็ด
2419,100,ขวัญเมือง - คำลือชา,7+097,1056,1087,30,24,21,1107,252,256,230,207,4269,23.167,147,946,กาฬสินธุ์,กาฬสินธุ์
2420,100,ศรีบุญเรือง - นากลาง,5+000,2588,286,10,6,6,357,227,175,302,227,4184,22.523,17,1254,หนองบัวลำภู,หนองบัวลำภู
2421,101,เขื่อนลำพระเพลิง - สี่แยกลำพระเพลิง,26+000,6203,2758,24,21,17,1990,1826,24,14,21,12897,14.904,8,2532,นครราชสีมาที่ 3,นครราชสีมา
2421,102,สี่แยกลำพระเพลิง - กระโทก,44+000,1128,524,37,25,31,1201,612,262,274,218,4313,32.971,10,905,นครราชสีมาที่ 3,นครราชสีมา
2422,102,ทางเข้าปากช่อง,17+785,4044,1062,138,87,48,3093,427,178,116,116,9310,10.451,23,1991,นครราชสีมาที่ 2,นครราชสีมา
2427,100,ทางเข้าสนามบินสกลนคร,1+300,1551,204,15,0,0,87,54,3,0,0,1914,2.983,20,343,สกลนครที่ 1,สกลนคร
2434,100,สีคิ้ว - หนองรี,1+300,2149,3449,77,40,46,1320,425,96,34,21,7657,8.637,5,1578,นครราชสีมาที่ 2,นครราชสีมา
2436,100,บ้านแวง - แยกโชว์รูม,5+000,3033,264,0,0,18,3367,247,258,104,113,7404,9.995,6,1134,บุรีรัมย์,บุรีรัมย์
2440,200,ทางพาด - พล,28+800,4198,908,29,22,47,1781,452,371,324,249,8381,17.484,65,1099,ขอนแก่นที่ 3 (บ้านไผ่),ขอนแก่น
2440,200,ทางพาด - พล,15+000,2378,1991,16,13,25,2065,554,497,492,412,8442,23.607,34,1445,ขอนแก่นที่ 3 (บ้านไผ่),ขอนแก่น
2440,100,บ้านใหม่ไชยพจน์ - ทางพาด,8+497,1589,148,17,0,0,1723,170,203,111,96,4058,14.298,11,826,บุรีรัมย์,บุรีรัมย์
2442,100,ห้วยสีทน - มอดินแดง,0+500,1219,262,153,151,159,1095,288,322,308,272,4228,35.467,123,1309,กาฬสินธุ์,กาฬสินธุ์
2445,101,บุรีรัมย์ - แสลงโทน,4+550,5980,785,80,33,50,8144,525,244,143,95,16080,6.783,63,5443,บุรีรัมย์,บุรีรัมย์
2445,103,ห้วยเสว - นิคมบ้านกรวด,61+188,2401,763,34,18,0,2085,299,192,154,56,6003,11.986,13,1631,บุรีรัมย์,บุรีรัมย์
2445,101,บุรีรัมย์ - แสลงโทน,20+400,2334,613,32,8,1,3580,435,305,218,53,7580,13.455,7,1055,บุรีรัมย์,บุรีรัมย์
2445,102,แสลงโทน - ห้วยเสว,34+176,2043,593,30,14,16,1709,154,56,83,33,4731,7.533,5,1155,บุรีรัมย์,บุรีรัมย์
2445,102,แสลงโทน - ห้วยเสว,50+600,1147,451,15,8,3,2308,148,66,39,29,4214,6.965,10,1379,บุรีรัมย์,บุรีรัมย์
2446,100,หนองน้ำขุ่น - ปะคำ,2+800,3016,99,33,24,11,425,151,77,21,18,3875,7.781,65,2047,บุรีรัมย์,บุรีรัมย์
2447,100,บุรีรัมย์ - บ้านพลวง,0+500,6632,445,39,19,46,3988,475,273,384,159,12460,10.88,9,4415,บุรีรัมย์,บุรีรัมย์
2458,100,โคกไทร - ปวงตึก,10+446,675,318,7,0,0,748,122,5,0,1,1875,6.821,27,1854,สุรินทร์,สุรินทร์
2460,100,ทางเข้าโพธิ์ไทร,1+675,2832,1461,114,77,129,2299,236,143,168,101,7560,11.286,100,1912,อำนาจเจริญ,อุบลราชธานี
2462,100,หนองหล่ม - หนองเหล่า,1+000,4476,1,0,0,0,4656,83,0,0,0,9217,0.905,33,426,อุบลราชธานีที่ 1,อุบลราชธานี
2466,101,โคกหนองม่วง - หล่มสัก,4+000,7099,1326,164,37,71,7552,563,204,128,116,17261,6.484,64,3769,เพชรบูรณ์ที่ 1,เพชรบูรณ์
2472,100,ทางเข้าพระตำหนักเขาค้อ,0+500,254,249,0,0,0,411,0,0,0,0,914,0,0,265,เพชรบูรณ์ที่ 1,เพชรบูรณ์
2474,100,ดงขวาง - ห้วยลาน,3+358,201,217,17,2,0,364,38,6,5,7,857,6.667,31,887,เพชรบูรณ์ที่ 1,เพชรบูรณ์
2477,100,โรงพยาบาลยโสธร - ดอนมะยาง,0+800,4346,1698,105,88,32,4750,432,191,110,73,11824,7.824,25,3635,ยโสธร,ยโสธร
2478,100,ปากน้ำ - น้ำร้อน,6+573,3051,1521,27,32,24,1229,547,387,260,225,7304,20.203,80,2984,เพชรบูรณ์ที่ 1,เพชรบูรณ์
2479,102,น้ำแคม - ปากคาน,13+650,119,3,0,0,0,9,15,3,0,0,150,12.214,8,106,เลยที่ 2 (ด่านซ้าย),เลย
2481,100,ศรีศักดิ์ดา - ซำบ่าง,0+360,1018,660,47,34,7,515,223,33,14,5,2555,12.338,16,1154,เลยที่ 1,เลย
3004,100,แยกจิรประวัติ - พระนอน,0+924,8502,7853,958,77,266,14316,1848,1850,1822,1674,39166,19.243,104,10145,นครสวรรค์ที่ 1,นครสวรรค์
3004,100,แยกจิรประวัติ - พระนอน,6+498,8169,7835,1646,66,274,14006,1687,1682,1675,1695,38735,18.278,5,10001,นครสวรรค์ที่ 1,นครสวรรค์
3004,201,พระนอน - ท่าตะโก,20+198,2365,1281,9,0,21,5191,287,152,182,151,9638,8.212,4,1551,นครสวรรค์ที่ 2 (ตากฟ้า),นครสวรรค์
3004,300,วังพิกุล - ซับสมอทอด,93+666,1725,771,53,37,10,2064,177,101,85,45,5065,8.952,13,887,เพชรบูรณ์ที่ 2 (บึงสามพัน),เพชรบูรณ์
3004,203,ไดตาล - วังพิกุล,65+660,1517,313,15,0,10,3020,178,83,75,19,5231,7.009,12,1813,นครสวรรค์ที่ 2 (ตากฟ้า),นครสวรรค์
3004,202,ท่าตะโก - ไดตาล,47+298,1181,469,0,2,8,3117,196,115,433,227,5749,17.084,2,914,นครสวรรค์ที่ 2 (ตากฟ้า),นครสวรรค์
3005,100,นครสวรรค์ - โกรกพระ,2+000,12506,5756,308,327,325,3040,1663,460,425,467,25278,14.508,331,7949,นครสวรรค์ที่ 1,นครสวรรค์
3008,100,พยุหะคีรี - เนินมะกอก,3+000,2708,1071,0,0,0,1063,276,258,346,150,5873,17.542,37,1890,นครสวรรค์ที่ 1,นครสวรรค์
3010,100,สรรพยา - สรรคบุรี,8+000,1240,1749,61,40,14,136,134,72,53,37,3534,9.858,22,1119,ชัยนาท,ชัยนาท
3011,100,บ้านไร่ - บ้านใต้,5+010,2301,1904,8,16,9,3439,124,107,57,43,8010,4.463,24,1813,อุทัยธานี,อุทัยธานี
3013,102,ทัพทัน - คลองแบ่ง,12+446,3485,632,17,16,11,732,103,96,85,47,5223,6.845,11,1653,อุทัยธานี,อุทัยธานี
3013,101,หนองฉาง - ทัพทัน,0+266,2270,786,96,48,51,2129,355,199,199,131,6264,15.697,38,2161,อุทัยธานี,อุทัยธานี
3013,200,คลองแบ่ง - ลาดยาว,37+646,1918,41,3,10,15,2494,91,77,90,37,4776,6.695,4,1417,นครสวรรค์ที่ 1,นครสวรรค์
3013,101,หนองฉาง - ทัพทัน,2+446,1726,306,15,17,37,1667,268,249,233,232,4750,21.808,24,1035,อุทัยธานี,อุทัยธานี
3016,100,ลพบุรี - ค่ายเอราวัณ,3+000,10821,5336,171,184,146,3191,307,73,1,1,20232,3.522,100,7343,ลพบุรีที่ 1,ลพบุรี
3017,101,แยกนิคมสร้างตนเอง - แยกพัฒนานิคม,14+000,9132,6158,391,187,177,2464,1207,2091,728,691,23226,21.877,102,2180,ลพบุรีที่ 1,ลพบุรี
3017,102,แยกพัฒนานิคม - วังม่วง,48+500,3116,2971,127,58,49,965,1664,764,443,344,10500,31.64,25,2304,ลพบุรีที่ 1,ลพบุรี
3019,100,สามแยกโคกกะเทียม - สถานีรถไฟโคกกะเทียม,0+500,3166,255,8,9,57,3016,159,90,82,10,6853,5.95,17,1928,ลพบุรีที่ 1,ลพบุรี
3020,100,พระพุทธบาท - หนองโดน,1+000,5568,4092,375,402,424,5441,1907,1664,1554,1561,22988,32.681,92,5569,สระบุรี,สระบุรี
3022,100,พระพุทธบาท - ท่าเรือ,5+000,4096,4426,838,892,919,3825,2775,2908,2851,2137,25666,48.632,153,3095,สระบุรี,สระบุรี
3024,100,บ้านหมี่ - เขาช่องลม,14+000,1042,400,0,1,1,700,106,30,81,2,2363,9.377,3,440,ลพบุรีที่ 1,ลพบุรี
3027,200,มหานาม - บ้านเบิก,16+000,3949,1441,40,16,21,1236,151,53,139,88,7134,6.548,5,1156,อ่างทอง,อ่างทอง
3028,100,บางงา - บ้านหมี่,6+000,3044,1301,25,11,45,2683,246,134,191,62,7740,8.883,25,1857,ลพบุรีที่ 1,ลพบุรี
3030,100,ดงมะขามเทศ - บางระจัน,0+500,3877,1747,67,23,19,4685,333,303,177,81,11314,8.278,22,3976,สิงห์บุรี,สิงห์บุรี
3032,100,บุ้งกี๋ - ท่าศาล,1+000,3920,4029,41,9,24,4475,353,162,140,85,13238,5.841,23,3008,สิงห์บุรี,สิงห์บุรี
3032,200,ท่าศาล - นางบวช,42+500,1369,1271,16,2,7,2016,260,140,276,147,5506,15.142,5,1519,สุพรรณบุรีที่ 1,สุพรรณบุรี
3033,100,บางงา - โภคาวิวัฒน์,0+500,2069,231,56,11,10,553,160,51,79,49,3270,11.037,24,1262,สิงห์บุรี,สิงห์บุรี
3034,100,หน้าพระลาน - บ้านครัว,16+010,5216,3170,402,431,402,4295,2465,2300,2472,2438,23591,44.539,150,3938,สระบุรี,สระบุรี
3034,100,หน้าพระลาน - บ้านครัว,5+000,4841,2538,379,318,437,4361,2215,2363,2711,2694,22857,46.979,125,3585,สระบุรี,สระบุรี
3038,100,ดอนเจดีย์ - ศรีประจันต์,7+000,2669,619,1,2,0,1914,222,119,146,42,5734,9.261,8,1517,สุพรรณบุรีที่ 1,สุพรรณบุรี
3039,100,สะเดาดู่ - แยกปากน้ำ,1+100,299,130,11,8,9,795,175,85,40,10,1562,20.906,20,447,ชัยนาท,สุพรรณบุรี
3040,100,กำแพงแสน - จันทร์ลาด,3+500,3319,3867,2902,2482,1792,3029,2844,2823,2679,2611,28348,53.729,200,2751,นครปฐม,นครปฐม
3040,200,จันทร์ลาด - พระแท่นดงรัง,19+790,330,26,0,0,0,637,32,35,24,38,1123,11.495,14,500,สุพรรณบุรีที่ 2 (อู่ทอง),กาญจนบุรี
3041,101,เขาขาด - หนองแซง,6+000,3896,3087,249,291,121,4880,820,729,817,564,15454,21.624,111,3811,สระบุรี,สระบุรี
3041,102,หนองแซง - สระบุรี,18+600,3660,1497,552,393,329,1809,956,965,1050,1048,12259,38.672,137,1934,สระบุรี,สระบุรี
3041,102,หนองแซง - สระบุรี,24+861,1980,1142,258,207,211,2499,862,1333,1596,659,10747,45.292,180,4221,สระบุรี,สระบุรี
3042,100,หนองยาว - พระพุทธฉาย,4+500,3837,2153,43,41,18,718,324,0,0,31,7167,5.785,52,2778,สระบุรี,สระบุรี
3043,100,อุทัย - หนองตาโล่,0+500,4542,2397,174,244,362,2124,1695,1094,684,372,13689,32.521,26,3567,อยุธยา,พระนครศรีอยุธยา
3043,100,อุทัย - หนองตาโล่,7+500,4193,2495,597,530,377,1929,1738,991,542,425,13818,33.317,31,2572,อยุธยา,พระนครศรีอยุธยา
3043,200,หนองตาโล่ - สะพานใหม่,19+000,1245,1141,37,39,39,1645,65,62,51,46,4369,6.902,28,1157,สระบุรี,สระบุรี
3045,100,วิหารแดง - หนองหมู,0+200,1897,1948,47,45,37,1685,589,500,393,340,7481,25.45,63,2943,สระบุรี,สระบุรี
3046,100,พระพุทธฉาย - น้ำตกสามหลั่น,0+200,291,185,0,0,0,177,31,0,30,0,714,8.48,72,284,สระบุรี,สระบุรี
3048,100,ห้วยบง - ท่าลาน,7+400,3679,3924,346,362,389,2103,2457,2494,2534,2476,20765,51.592,126,1926,สระบุรี,สระบุรี
3049,100,นครนายก - น้ำตกนางรอง,7+400,4263,3770,164,135,138,274,250,144,8,0,9147,7.379,269,2574,นครนายก,นครนายก
3050,100,ทางเข้าน้ำตกสาริกา,1+000,932,825,0,0,0,0,0,0,0,0,1757,0,161,752,นครนายก,นครนายก
3051,101,บ้านนา - บางอ้อ,1+000,5618,5321,2355,2499,2810,2868,2774,2782,2652,2360,32038,49.554,146,4109,นครนายก,นครนายก
3051,102,บางอ้อ - สำนักงานพลังงานปรมาณูเพื่อสันติ,12+100,536,388,170,129,112,453,372,275,278,231,2944,47.44,33,376,นครนายก,นครนายก
3052,100,ป่าส้าน - เขาชะโงก,4+000,3021,2348,2058,1960,1719,1243,789,656,361,180,14334,39.519,132,2543,นครนายก,นครนายก
3056,101,บ้านหว้า - อุทัย,5+948,8621,9924,4638,3546,3986,5787,5185,5036,3779,2377,52878,45.215,35,5289,อยุธยา,พระนครศรีอยุธยา
3063,100,บ่อโพง - โคกมะลิ,6+766,6572,4744,276,227,218,5492,908,955,1726,1176,22295,23.37,48,4552,อยุธยา,พระนครศรีอยุธยา
3064,100,อ่างทอง - ปากดง,2+000,11299,3040,102,96,340,14766,1156,889,1063,619,33370,12.475,51,7787,อ่างทอง,อ่างทอง
3064,100,อ่างทอง - ปากดง,7+600,5522,1246,158,154,427,7544,796,620,572,324,17363,16.668,137,4472,อ่างทอง,อ่างทอง
3064,100,อ่างทอง - ปากดง,13+950,3708,388,105,94,115,6031,731,691,522,361,12747,19.72,40,3678,อ่างทอง,อ่างทอง
3067,100,อรัญประเทศ - ไผ่ล้อม,2+755,8522,2613,171,155,143,4602,794,654,517,426,18598,14.462,257,7055,สระแก้ว (วัฒนานคร),สระแก้ว
3070,100,ศรีมโหสถ - ศรีมหาโพธิ,7+500,2925,2883,29,27,30,1062,541,276,172,150,8095,14.786,16,1881,ปราจีนบุรี,ปราจีนบุรี
3076,301,วังขอน - สี่แยกนาน้อย,65+382,8408,1396,241,0,233,1019,984,550,491,224,13546,18.329,13,1838,ฉะเชิงเทรา,ฉะเชิงเทรา
3076,301,วังขอน - สี่แยกนาน้อย,48+520,4238,1805,357,0,355,1966,1607,416,409,369,11522,27.389,19,1355,ฉะเชิงเทรา,ฉะเชิงเทรา
3076,302,สี่แยกนาน้อย - อ่างฤาไน,82+648,3055,2378,2,19,37,3471,1818,1758,1618,1432,15589,42.868,6,2284,ฉะเชิงเทรา,ฉะเชิงเทรา
3076,200,บางหอย - วังขอน,22+941,2619,1685,58,41,29,2104,884,946,893,746,10004,35.369,36,1625,ปราจีนบุรี,ปราจีนบุรี
3076,302,สี่แยกนาน้อย - อ่างฤาไน,130+505,2442,2176,13,17,43,2898,1770,1759,1705,1541,14363,47.591,10,1881,ฉะเชิงเทรา,ฉะเชิงเทรา
3076,402,ทุ่งกบินทร์ - ไผ่ล้อม,177+393,1824,1626,46,17,37,1294,1199,1206,838,689,8776,45.419,31,1497,สระแก้ว (วัฒนานคร),สระแก้ว
3076,402,ทุ่งกบินทร์ - ไผ่ล้อม,185+744,1664,1534,35,22,21,1229,1077,1114,898,698,8291,46.177,36,1052,สระแก้ว (วัฒนานคร),สระแก้ว
3076,100,นครนายก - บางหอย,20+000,1455,1172,58,48,71,654,698,455,373,209,5193,35.694,25,871,นครนายก,นครนายก
3076,200,บางหอย - วังขอน,39+091,1068,1208,152,140,57,425,472,642,506,354,5024,43.214,16,633,ปราจีนบุรี,ปราจีนบุรี
3076,401,อ่างฤาไน - ทุ่งกบินทร์,165+693,373,278,13,10,29,3365,41,102,43,43,4297,6.247,24,1363,สระแก้ว (วัฒนานคร),สระแก้ว
3077,100,ศาลนเรศวร - เขาใหญ่,5+600,1034,465,14,10,5,493,11,8,3,3,2047,2.009,44,951,ปราจีนบุรี,ปราจีนบุรี
3078,100,ระเบาะไผ่ - ประจันตคาม,16+897,3257,2885,47,47,43,2117,448,257,140,111,9353,11.186,43,2232,ปราจีนบุรี,ปราจีนบุรี
3078,100,ระเบาะไผ่ - ประจันตคาม,10+167,3086,3130,39,22,33,1221,975,844,477,365,10193,26.655,44,2334,ปราจีนบุรี,ปราจีนบุรี
3079,101,ปราจีนบุรี - ศรีมหาโพธิ,5+250,5840,1044,35,50,53,1872,1410,755,717,408,12184,27.85,16,2904,ปราจีนบุรี,ปราจีนบุรี
3079,102,ศรีมหาโพธิ - พญาจ่าย,23+522,3338,2326,118,95,108,2081,1251,852,265,139,10574,25.632,4,2551,ปราจีนบุรี,ปราจีนบุรี
3079,102,ศรีมหาโพธิ - พญาจ่าย,34+360,2988,684,50,72,63,600,410,413,354,296,5930,27.119,12,1557,ปราจีนบุรี,ปราจีนบุรี
3081,100,ท่าเรือ - พระแท่นดงรัง,0+550,5022,1705,3,5,15,2460,421,565,644,312,11153,17.593,17,2161,กาญจนบุรี,กาญจนบุรี
3084,100,ท่าม่วง - หนองขาว,1+000,6341,5757,0,9,11,5402,106,195,73,19,17915,2.314,0,6448,กาญจนบุรี,กาญจนบุรี
3085,100,ยางเกาะ - ศรีมงคล,0+500,717,375,2,2,3,1725,85,102,59,31,3101,9.098,8,1223,กาญจนบุรี,กาญจนบุรี
3086,100,ลาดหญ้า - ทุ่งมะสังข์,0+170,3094,1857,17,8,37,3366,80,32,10,0,8501,1.962,1,2712,กาญจนบุรี,กาญจนบุรี
3086,201,ทุ่งมะสังข์ - ปลักประดู่,28+500,2304,1381,0,0,17,5006,207,156,121,6,9197,5.513,10,3437,สุพรรณบุรีที่ 2 (อู่ทอง),กาญจนบุรี
3086,201,ทุ่งมะสังข์ - ปลักประดู่,31+562,1878,942,0,5,27,5402,234,226,239,102,9055,9.195,6,2540,สุพรรณบุรีที่ 2 (อู่ทอง),กาญจนบุรี
3086,202,ปลักประดู่ - ด่านช้าง,90+000,1056,569,18,7,8,4165,120,81,35,30,6090,4.614,16,938,สุพรรณบุรีที่ 2 (อู่ทอง),สุพรรณบุรี
3086,202,ปลักประดู่ - ด่านช้าง,107+562,821,466,5,13,8,3344,201,96,86,30,5069,8.54,1,524,สุพรรณบุรีที่ 2 (อู่ทอง),สุพรรณบุรี
3087,100,ราชบุรี - แก้มอ้น,16+286,6023,4451,31,15,7,5659,545,299,64,32,17126,5.615,15,3511,ราชบุรี,ราชบุรี
3087,100,ราชบุรี - แก้มอ้น,30+183,5844,5288,53,45,16,4828,230,194,121,63,16680,4.005,10,3662,ราชบุรี,ราชบุรี
3087,100,ราชบุรี - แก้มอ้น,31+055,4287,1559,9,8,8,6986,201,111,8,5,13182,2.582,6,4487,ราชบุรี,ราชบุรี
3088,101,ราชบุรี - ปากท่อ,0+200,5439,1737,394,123,90,5935,544,200,49,41,14553,7.197,185,5258,สมุทรสงคราม,ราชบุรี
3088,102,ปากท่อ - วันดาว,23+646,2944,957,130,86,96,1010,383,204,103,87,5999,15.972,61,1494,สมุทรสงคราม,ราชบุรี
3090,100,บ้านเลือก - หนองตากยา,4+617,12039,9936,63,88,0,13270,1525,1728,1219,122,39989,11.707,16,9312,ราชบุรี,ราชบุรี
3090,100,บ้านเลือก - หนองตากยา,7+210,11983,8321,0,0,0,9735,1254,1237,644,704,33878,11.331,13,9449,ราชบุรี,ราชบุรี
3090,100,บ้านเลือก - หนองตากยา,42+915,7081,5688,47,46,0,7865,1351,1409,1028,118,24632,16.043,27,4847,ราชบุรี,กาญจนบุรี
3091,100,อ้อมน้อย - สมุทรสาคร,0+500,12973,9076,35,64,93,16285,847,1062,503,13,40951,6.303,37,16295,สมุทรสาคร,สมุทรสาคร
3091,100,อ้อมน้อย - สมุทรสาคร,13+000,9765,9097,16,62,224,14940,1259,1215,882,3,37462,9.728,3,13831,สมุทรสาคร,สมุทรสาคร
3092,100,สมุทรสงคราม - ลาดใหญ่,1+800,8531,9076,1560,1765,1671,2896,1768,1022,770,23,29082,24.132,561,9471,สมุทรสงคราม,สมุทรสงคราม
3093,100,ปากท่อ - ท่าน้ำสมุทรสงคราม,18+800,2828,456,161,71,89,6845,461,563,380,73,11927,13.732,78,2781,สมุทรสงคราม,สมุทรสงคราม
3094,100,ทางเข้านครชัยศรี,0+500,14228,14139,1423,1319,1244,17470,5637,1803,1445,1217,59926,21.136,16,4363,นครปฐม,นครปฐม
3111,100,ปทุมธานี - ท้ายเกาะ,6+369,7277,7337,4509,4046,3496,3497,4659,3745,3900,3997,46464,51.316,392,6004,ปทุมธานี,ปทุมธานี
3111,100,ปทุมธานี - ท้ายเกาะ,0+200,6774,7632,3588,3200,3146,4205,3467,5031,3495,3640,44179,49.752,408,5781,ปทุมธานี,ปทุมธานี
3111,200,ท้ายเกาะ - เสนา,34+556,5340,5171,1597,1283,1206,1688,1026,1134,998,752,20195,31.682,0,3408,อยุธยา,พระนครศรีอยุธยา
3111,200,ท้ายเกาะ - เสนา,19+673,5074,4902,1526,1127,1101,1351,958,989,862,675,18566,30.77,2,3186,อยุธยา,พระนครศรีอยุธยา
3113,100,สำโรง - สะพานภูมิพล,0+500,7214,5639,2007,143,1086,5207,1882,1162,1262,674,26274,23.63,52,6416,สมุทรปราการ,สมุทรปราการ
3117,100,คลองด่าน - บางบ่อ,0+500,4709,2526,667,421,389,3029,958,445,388,260,13794,20.757,31,4121,สมุทรปราการ,สมุทรปราการ
3119,101,มีนบุรี - แยกเคหะร่มเกล้า,1+500,26939,23252,3021,2342,2871,5983,2987,2981,2818,2751,75945,22.055,1296,12336,กรุงเทพ,กรุงเทพมหานคร
3121,100,บางคล้า - แปลงยาว,5+500,8281,1931,431,0,421,2289,1405,704,468,411,16341,20.862,18,1681,ฉะเชิงเทรา,ฉะเชิงเทรา
3121,100,บางคล้า - แปลงยาว,2+360,8163,1927,426,0,425,2263,1431,730,453,388,16205,21.15,20,1640,ฉะเชิงเทรา,ฉะเชิงเทรา
3124,100,บางน้ำเปรี้ยว - บางขนาก,4+889,4243,1677,177,74,118,2296,216,108,31,11,8951,6.24,136,3382,ฉะเชิงเทรา,ฉะเชิงเทรา
3124,100,บางน้ำเปรี้ยว - บางขนาก,8+006,2740,2316,212,251,226,2092,650,295,145,70,8997,18.19,456,1887,ฉะเชิงเทรา,ฉะเชิงเทรา
3126,100,พลูตาหลวง - แสมสาร,0+600,8227,7129,511,455,431,3510,862,426,46,25,21620,10.38,30,3403,ชลบุรีที่ 2,ชลบุรี
3127,100,มาบโป่ง - หัวไผ่,0+500,4540,3325,227,192,192,8227,2228,1493,1130,935,22488,27.435,27,3710,ชลบุรีที่ 1,ชลบุรี
3127,100,มาบโป่ง - หัวไผ่,16+642,2526,2155,162,199,193,4886,2040,1646,629,411,14847,34.469,30,2525,ชลบุรีที่ 1,ชลบุรี
3134,100,แยกอ่างศิลา - เขาสามมุข,0+500,11487,6855,154,23,26,10119,235,209,26,14,29149,1.83,7,5023,ชลบุรีที่ 2,ชลบุรี
3138,100,บ้านบึง - มาบปู,0+700,3064,2505,468,556,501,5430,1669,1850,1374,1264,18681,38.62,16,2350,ชลบุรีที่ 1,ชลบุรี
3139,100,บ้านแลง - หาดใหญ่,4+710,4149,923,243,17,5,5401,325,200,59,29,11351,5.594,82,4115,ระยอง,ระยอง
3140,100,ทางเข้าบ้านเพ,0+100,2002,1072,87,73,3,1980,160,132,0,0,5511,6.694,138,1835,ระยอง,ระยอง
3143,100,บ้านค่าย - หนองละลอก,0+200,4946,4692,77,58,107,6511,437,464,381,383,18057,10.139,7,3125,ระยอง,ระยอง
3144,100,ตลาดหนองมน - ทางเข้าสวนสัตว์เปิดเขาเขียว,3+000,6626,5071,30,79,27,7663,162,1252,102,64,21076,7.998,12,3127,ชลบุรีที่ 2,ชลบุรี
3145,102,ท่าเรือแกลง - แหลมแม่พิมพ์,11+500,4969,1785,0,0,5,3467,50,29,6,7,10318,0.93,64,2116,ระยอง,ระยอง
3148,100,ตราด - แหลมงอบ,6+000,4419,2465,140,15,15,4845,5,8,7,0,11918,0.412,15,4542,ตราด,ตราด
3149,100,พลิ้ว - แหลมสิงห์,8+000,3726,1543,14,14,25,5529,207,21,9,6,11092,2.533,15,3289,จันทบุรี,จันทบุรี
3152,100,ท่าจุ๊ย - ท่าใหม่,0+500,2043,1709,53,108,136,2739,101,140,50,19,7098,7.82,6,839,จันทบุรี,จันทบุรี
3153,100,จันทบุรี - ท่าใหม่,3+500,9529,1844,203,145,86,11818,1246,124,29,26,25051,6.611,80,4613,จันทบุรี,จันทบุรี
3155,100,ตราด - แหลมศอก,1+000,3027,384,65,14,7,2923,0,0,0,0,6419,0.32,20,2144,ตราด,ตราด
3156,100,แหลมงอบ - แสนตุ้ง,2+000,3086,1207,33,11,8,2923,8,0,0,0,7276,0.377,5,2490,ตราด,ตราด
3156,100,แหลมงอบ - แสนตุ้ง,35+000,3077,1423,27,30,35,3146,21,0,0,0,7759,1.104,10,2618,ตราด,ตราด
3157,101,แสนตุ้ง - บ่อไร่,0+500,1358,156,27,0,0,1511,115,70,26,13,3277,6.832,0,1088,ตราด,ตราด
3157,102,บ่อไร่ - แหลมค้อ,81+000,972,356,6,0,0,1698,39,37,31,15,3153,3.839,0,1292,ตราด,ตราด
3157,102,บ่อไร่ - แหลมค้อ,40+000,955,234,5,0,0,1754,70,45,38,11,3111,5.25,0,1597,ตราด,ตราด
3158,100,แสนตุ้ง - หนองบัว,2+000,1365,477,17,0,0,1420,110,45,16,0,3449,4.934,0,1139,ตราด,ตราด
3158,100,แสนตุ้ง - หนองบัว,7+687,1289,152,23,0,0,1389,77,55,17,0,3001,4.947,0,1068,ตราด,ตราด
3158,100,แสนตุ้ง - หนองบัว,20+937,996,162,19,0,0,1208,162,58,21,0,2627,9.174,0,1229,ตราด,ตราด
3159,100,เขาสมิง - นนทรีย์,1+000,1337,866,5,0,0,2493,40,35,29,24,4829,2.649,0,1328,ตราด,ตราด
3168,100,ปราณบุรี - ปากน้ำปราณ,6+000,3769,2095,46,43,0,3097,80,73,0,3,9206,2.171,102,4109,ประจวบคีรีขันธ์ (หัวหิน),ประจวบคีรีขันธ์
3168,100,ปราณบุรี - ปากน้ำปราณ,1+000,3389,3794,54,21,0,5922,556,11,0,0,13746,4.279,299,6835,ประจวบคีรีขันธ์ (หัวหิน),ประจวบคีรีขันธ์
3168,100,ปราณบุรี - ปากน้ำปราณ,4+000,2593,2662,79,47,13,3365,147,38,0,0,8943,2.733,29,5547,ประจวบคีรีขันธ์ (หัวหิน),ประจวบคีรีขันธ์
3169,100,สามแยกบางสะพาน - ชายทะเล,0+500,2369,2634,11,167,40,1537,164,120,40,151,7233,9.427,20,1900,ประจวบคีรีขันธ์ (หัวหิน),ประจวบคีรีขันธ์
3171,100,เทศบาลเมืองเพชรบุรี - บันไดอิฐ,1+375,5280,5146,34,16,0,2334,538,51,0,0,13400,4.517,25,4102,เพชรบุรี,เพชรบุรี
3176,100,เพชรบุรี - บ้านแหลมฝั่งตะวันตก,2+300,2941,653,51,31,24,431,27,15,15,30,4218,3.358,77,2766,เพชรบุรี,เพชรบุรี
3177,100,เพชรบุรี - หาดเจ้าสำราญ,0+500,8698,6540,70,2,3,5208,318,120,122,13,21093,2.74,33,10224,เพชรบุรี,เพชรบุรี
3178,100,เพชรบุรี - บ้านแหลมฝั่งตะวันออก,0+500,1998,2049,56,43,32,1425,104,31,21,8,5766,4.139,90,4211,เพชรบุรี,เพชรบุรี
3179,100,เทศบาลเมืองเพชรบุรี - บ้านลาด,0+500,5225,1951,11,0,0,5024,134,75,16,0,12436,1.809,25,3930,เพชรบุรี,เพชรบุรี
3180,102,ท่าเสม็ด - ศูนย์ราชการชุมพร,25+180,2518,569,57,3,8,3142,114,40,21,5,6477,2.945,17,2758,ชุมพร,ชุมพร
3180,101,ท่าแซะ - ท่าเสม็ด,1+800,2077,883,63,0,7,1810,369,188,48,18,5464,11.538,142,1916,ชุมพร,ชุมพร
3181,100,ทางเข้าตลาดท่าแซะ,0+500,2872,1966,167,0,0,2277,500,123,14,3,7923,8.087,207,2306,ชุมพร,ชุมพร
3183,200,หนองบัว - อุทัยธานี,32+778,2314,1810,0,0,0,1631,638,467,199,50,7110,19.052,9,1253,อุทัยธานี,อุทัยธานี
3183,102,คลองมอญ - หนองบัว,26+963,1582,319,11,2,8,2101,185,54,51,11,4325,7.209,2,1124,ชัยนาท,ชัยนาท
3183,101,แยกไปเขื่อนเจ้าพระยา - คลองมอญ,12+963,1342,688,2,5,7,769,160,156,79,19,3226,13.204,6,1247,ชัยนาท,ชัยนาท
3184,100,ดงคอน - ปากน้ำ,2+500,980,278,3,1,30,1696,357,447,844,355,4991,40.755,16,459,ชัยนาท,ชัยนาท
3184,100,ดงคอน - ปากน้ำ,9+500,666,573,0,0,9,1903,439,349,550,180,4670,32.722,5,538,ชัยนาท,สุพรรณบุรี
3187,100,เขื่อนเพชร - บางกุฬา,10+350,2456,1862,34,0,0,5171,555,511,6,2,10596,10.131,20,4307,เพชรบุรี,เพชรบุรี
3188,101,ท่าเยี่ยม - ขอนหอม,1+500,6443,1688,55,79,56,2599,788,628,678,62,13076,17.521,62,4543,สระบุรี,สระบุรี
3191,101,มาบตาพุด - แยกนิคมพัฒนา,0+500,9702,7431,1758,1969,1353,8905,1810,2548,2892,2356,40724,31.747,10,5737,ระยอง,ระยอง
3191,102,แยกนิคมพัฒนา - อ่างเก็บน้ำหนองปลาไหล,20+500,6189,5868,240,210,217,10763,2644,1863,1558,1216,30768,25.052,12,4338,ระยอง,ระยอง
3193,101,ทับไทร - เทพนิมิต,0+500,4387,1759,47,0,0,5983,200,79,39,27,12521,2.755,39,2594,จันทบุรี,จันทบุรี
3193,102,เทพนิมิต - ตามูน,47+000,1774,256,13,0,3,2796,137,70,62,45,5154,6.138,47,1082,จันทบุรี,จันทบุรี
3195,202,วิเศษชัยชาญ - ป่างิ้ว,25+500,8281,1085,122,150,634,12826,1124,796,764,463,26244,14.975,108,6585,อ่างทอง,อ่างทอง
3195,100,สุพรรณบุรี - ลาดตาล,0+200,1854,946,41,126,3,2111,118,45,39,85,5366,7.727,12,1195,สุพรรณบุรีที่ 1,สุพรรณบุรี
3196,302,ท่าแค - โก่งธนู,92+000,5873,3248,127,91,402,1277,595,233,233,138,12217,13.854,31,1995,ลพบุรีที่ 1,ลพบุรี
3196,301,จันเสน - ท่าแค,59+800,3879,2057,22,11,26,2243,187,150,167,33,8775,6.547,3,1706,ลพบุรีที่ 1,ลพบุรี
3196,400,โก่งธนู - เจ้าปลุก,105+100,3126,1249,345,190,212,1215,670,408,341,306,8063,26.388,11,838,อ่างทอง,พระนครศรีอยุธยา
3196,200,ปากคลองห้า - จันเสน,18+000,1245,120,0,0,9,2138,110,153,172,103,4050,13.508,5,1235,นครสวรรค์ที่ 2 (ตากฟ้า),นครสวรรค์
3198,100,ช่องกุ่ม - หนองสังข์,18+696,3441,1449,129,146,57,436,331,246,172,0,6408,14.864,20,2328,สระแก้ว (วัฒนานคร),สระแก้ว
3199,101,แก่งเสี้ยน - ท่าพะเนียด,0+130,9629,6317,64,54,66,10882,427,73,59,7,27578,2.489,0,6330,กาญจนบุรี,กาญจนบุรี
3199,102,ท่าพะเนียด - โป่งปัด,10+855,4752,4098,161,294,121,2812,861,440,246,111,13895,14.91,69,3024,กาญจนบุรี,กาญจนบุรี
3199,103,โป่งปัด - ศรีสวัสดิ์,57+791,1434,443,30,17,15,192,39,29,10,7,2216,5.258,4,738,กาญจนบุรี,กาญจนบุรี
3199,103,โป่งปัด - ศรีสวัสดิ์,116+906,365,116,6,0,0,31,10,3,1,2,536,3.198,0,353,กาญจนบุรี,กาญจนบุรี
3199,103,โป่งปัด - ศรีสวัสดิ์,115+691,240,146,10,2,1,72,17,21,3,2,515,9.091,2,284,กาญจนบุรี,กาญจนบุรี
3200,100,ฉะเชิงเทรา - บางน้ำเปรี้ยว,17+000,3480,3088,145,98,98,1434,1347,1212,1182,1077,13162,38.094,41,1742,ฉะเชิงเทรา,ฉะเชิงเทรา
3200,100,ฉะเชิงเทรา - บางน้ำเปรี้ยว,5+500,1874,1504,127,69,72,1245,352,162,115,72,5592,15.053,68,1249,ฉะเชิงเทรา,ฉะเชิงเทรา
3201,100,เนินสันติ - แยกยายรวย,8+000,1480,498,37,0,0,940,363,160,30,0,3507,15.76,41,1452,ชุมพร,ชุมพร
3203,100,ทางเข้าโครงการพระราชประสงค์หุบกะพง,1+500,1838,1532,805,29,23,1107,1165,24,23,19,6564,19.541,17,1653,เพชรบุรี,เพชรบุรี
3204,100,เขาตะเครา - ท่าแลง,3+950,2266,739,47,30,34,2121,315,282,34,17,5885,12.109,106,2315,เพชรบุรี,เพชรบุรี
3206,100,ปากท่อ - ห้วยศาลา,0+600,3161,1257,121,88,78,3358,290,640,1247,286,10526,24.967,39,2875,สมุทรสงคราม,ราชบุรี
3206,200,ห้วยศาลา - จอมบึง,102+106,2220,772,58,64,18,2553,161,94,45,27,6012,6.801,10,1321,ราชบุรี,ราชบุรี
3206,200,ห้วยศาลา - จอมบึง,54+904,1120,959,33,39,19,2265,142,262,180,53,5072,13.691,14,1104,ราชบุรี,ราชบุรี
3206,200,ห้วยศาลา - จอมบึง,36+350,673,376,35,45,7,1209,86,108,86,29,2653,13.56,18,630,ราชบุรี,ราชบุรี
3208,101,เขาวัง - น้ำพุ,3+000,5353,3310,124,88,46,5691,530,810,467,218,16637,12.975,6,3880,ราชบุรี,ราชบุรี
3208,102,น้ำพุ - เหมืองผาปกค้างคาว,51+823,2120,1709,54,99,22,3766,167,69,35,30,8069,5.223,45,2089,ราชบุรี,ราชบุรี
3208,102,น้ำพุ - เหมืองผาปกค้างคาว,19+714,2076,1324,33,65,16,4702,241,305,156,77,8995,9.561,13,1183,ราชบุรี,ราชบุรี
3209,101,ท่ามะกา - กลอนโด,0+500,4681,1822,8,5,8,4621,335,426,315,260,12481,10.807,6,5748,กาญจนบุรี,กาญจนบุรี
3209,102,กลอนโด - กาญจนบุรี,80+484,2916,2224,45,35,19,2209,508,445,375,137,8913,17.055,3,2435,กาญจนบุรี,กาญจนบุรี
3209,102,กลอนโด - กาญจนบุรี,59+450,1436,450,3,42,7,2666,122,101,113,35,4975,8.448,5,1110,กาญจนบุรี,กาญจนบุรี
3209,101,ท่ามะกา - กลอนโด,44+750,1358,444,49,9,8,1729,161,150,123,42,4074,12.111,5,1374,กาญจนบุรี,กาญจนบุรี
3209,101,ท่ามะกา - กลอนโด,29+300,1254,745,18,1,1,2853,161,256,175,58,5522,11.81,3,1630,กาญจนบุรี,กาญจนบุรี
3209,101,ท่ามะกา - กลอนโด,18+000,953,295,43,15,22,1406,162,230,145,81,3351,19.53,6,1175,กาญจนบุรี,กาญจนบุรี
3210,100,พังงอน - จางวาง,0+500,2943,625,0,97,27,1243,154,41,62,33,5225,7.934,26,613,จันทบุรี,จันทบุรี
3211,100,ทางเข้าหันคา - กะบกเตี้ย,0+600,3274,437,8,6,8,638,156,118,174,19,4839,9.936,2,490,ชัยนาท,ชัยนาท
3211,100,ทางเข้าหันคา - กะบกเตี้ย,11+472,1307,46,1,2,2,2626,102,57,35,63,4241,6.168,7,1743,ชัยนาท,ชัยนาท
3211,200,กะบกเตี้ย - แยกหูช้าง,57+172,1143,436,0,0,0,1504,91,62,58,25,3320,7.121,12,1490,อุทัยธานี,อุทัยธานี
3211,100,ทางเข้าหันคา - กะบกเตี้ย,8+378,961,818,0,0,0,1985,267,258,252,227,4768,21.078,10,1698,ชัยนาท,ชัยนาท
3212,100,คุ้งสำเภา - ไร่พัฒนา,2+200,1516,988,23,11,5,2115,442,140,135,89,5464,15.05,2,1086,ชัยนาท,ชัยนาท
3212,200,ไร่พัฒนา - หนองโพ,23+200,1302,472,0,0,0,2043,102,47,87,38,4090,6.674,11,1599,นครสวรรค์ที่ 2 (ตากฟ้า),นครสวรรค์
3213,200,บ้านโคก - แยกเขาตะพาบ,37+000,1096,520,27,32,17,886,423,279,323,300,3904,35.196,25,673,อุทัยธานี,อุทัยธานี
3213,100,วัดสิงห์ - บ้านโคก,5+000,983,1128,1,1,2,962,94,72,67,23,3334,7.777,3,1151,ชัยนาท,ชัยนาท
3214,100,บ้านพร้าว - คลองห้า,0+650,37054,36978,1656,1673,1428,3149,2685,1913,1092,611,88239,10.655,8,2349,ปทุมธานี,ปทุมธานี
3214,100,บ้านพร้าว - คลองห้า,8+300,26263,25387,4677,3349,3316,4760,3254,2953,2450,1822,78229,21.914,7,9236,ปทุมธานี,ปทุมธานี
3215,102,บางบัวทอง - ไทรน้อย,14+705,18701,7417,2063,868,836,14975,3614,2741,2803,3536,57553,25.016,1405,8109,นนทบุรี,นนทบุรี
3217,100,กุยบุรี - ยางชุม,0+500,2256,190,96,71,0,2654,96,61,45,1,5468,4.992,179,3109,ประจวบคีรีขันธ์ (หัวหิน),ประจวบคีรีขันธ์
3218,100,หัวหิน - โป่งแย้,3+000,5021,1914,39,32,19,1466,25,43,19,18,8598,1.833,27,2213,ประจวบคีรีขันธ์ (หัวหิน),ประจวบคีรีขันธ์
3218,100,หัวหิน - โป่งแย้,14+558,4605,1602,22,34,23,1326,25,26,16,19,7699,1.869,19,1913,ประจวบคีรีขันธ์ (หัวหิน),ประจวบคีรีขันธ์
3218,100,หัวหิน - โป่งแย้,26+958,3029,1855,32,51,14,1717,138,74,15,34,6959,4.694,2,1712,ประจวบคีรีขันธ์ (หัวหิน),ประจวบคีรีขันธ์
3218,200,โป่งแย้ - อ่างเก็บน้ำห้วยผาก,31+958,520,585,0,0,0,1237,464,472,0,0,3277,28.547,79,1126,เพชรบุรี,เพชรบุรี
3220,100,แยกสะแกกรัง - เขาพะแวง,3+900,2499,2165,32,6,6,3117,361,192,121,58,8557,8.689,12,2557,อุทัยธานี,อุทัยธานี
3220,200,เขาพะแวง - โกรกพระ,15+500,2413,918,14,0,0,515,578,477,353,243,5512,29.963,0,1753,นครสวรรค์ที่ 1,นครสวรรค์
3221,100,อุทัยธานี - ทัพทัน,4+000,2408,1950,14,18,6,4153,87,65,152,14,8865,3.852,2,2020,อุทัยธานี,อุทัยธานี
3222,200,เขาเพิ่ม - บ้านนา,36+247,5155,5200,1801,404,497,1966,1043,1815,1621,1569,21071,32.977,128,4001,นครนายก,นครนายก
3222,100,แก่งคอย - เขาเพิ่ม,8+247,4940,4723,310,421,388,4488,2008,1619,1956,1213,22067,34.47,266,3509,สระบุรี,สระบุรี
3224,101,บ้านป่า - ท่าคล้อ,4+200,4879,4461,249,242,313,3753,2751,2170,2085,1970,22874,41.672,208,3818,สระบุรี,สระบุรี
3224,102,ท่าคล้อ - แสลงพัน,20+200,2743,2185,120,105,115,2854,231,140,161,126,8780,10.003,119,2256,สระบุรี,สระบุรี
3225,100,ดาวเรือง - ถนนวงแหวนรอบเมืองสระบุรี,0+550,2679,2643,247,267,196,934,605,540,522,442,9076,28.35,114,1160,สระบุรี,สระบุรี
3229,100,หนองบัว - ด่านพุน้ำร้อน,16+087,2554,1615,24,11,11,2402,49,40,24,17,6748,2.268,18,949,กาญจนบุรี,กาญจนบุรี
3229,100,หนองบัว - ด่านพุน้ำร้อน,0+587,2320,1859,30,42,22,1155,45,34,15,13,5533,3.075,0,858,กาญจนบุรี,กาญจนบุรี
3229,100,หนองบัว - ด่านพุน้ำร้อน,18+462,1135,850,21,21,10,1574,30,19,10,0,3670,2.459,0,898,กาญจนบุรี,กาญจนบุรี
3231,100,เด่นมะขาม - บางเลน,1+975,3246,2607,218,324,226,3076,2626,2643,1612,1450,18028,49.262,157,3005,นครปฐม,นครปฐม
3232,100,หนองพงนก - ไผ่เจดีย์,5+200,1967,1852,1472,1269,1286,1606,1699,1831,1803,1482,16268,57.603,200,1614,นครปฐม,นครปฐม
3233,100,นครชัยศรี - ดอนตูม,1+200,7176,4764,563,582,495,12949,3644,3654,1387,1269,36482,30.235,180,4108,นครปฐม,นครปฐม
3234,100,ศีรษะทอง - วัดปรีดาราม,0+500,6041,5762,1247,1178,1357,15097,5476,1199,1146,1000,39503,28.747,17,4594,นครปฐม,นครปฐม
3235,100,นครชัยศรี - เลียบแม่น้ำนครชัยศรี,0+500,7819,7743,713,529,953,3311,1584,589,257,219,23717,17.418,301,6038,สมุทรสาคร,นครปฐม
3238,100,เจ็ดเสมียน - โคกหม้อ,11+570,4266,603,0,0,0,4852,715,999,416,87,11937,18.571,9,4750,ราชบุรี,ราชบุรี
3239,100,นครนายก - เขื่อนขุนด่านปราการชล,1+500,4494,4494,155,148,132,387,369,144,0,0,10325,7.688,270,3577,นครนายก,นครนายก
3240,101,หนองปรือ - สำนักตะแบก,7+150,5806,1717,111,40,31,6583,251,129,45,32,14745,3.579,9,3778,ชลบุรีที่ 2,ชลบุรี
3241,101,ศรีราชา - อ่างเก็บน้ำหนองค้อ,12+750,9178,6687,151,45,164,11028,2084,1520,1096,908,32862,17.704,12,3006,ชลบุรีที่ 2,ชลบุรี
3242,200,บางบอน - โรงพยาบาลบางปะกอก8,15+600,49986,41017,2924,2840,2614,12741,990,223,23,19,113379,5.918,21,9742,ธนบุรี,กรุงเทพมหานคร
3242,100,สมุทรสาคร - บางบอน,4+130,19882,11327,250,217,356,19233,1149,1278,609,2,54303,6.65,113,13552,สมุทรสาคร,สมุทรสาคร
3245,100,อ่างเก็บน้ำหนองปลาไหล - หนองเสือช้าง,16+317,4940,4932,71,33,108,8455,585,519,453,304,20399,9.815,12,3808,ระยอง,ระยอง
3245,201,หนองเสือช้าง - หนองเสือช่อ,32+917,4252,2200,63,47,43,2356,1233,1048,1093,609,12945,31.472,17,1696,ชลบุรีที่ 1,ชลบุรี
3245,201,หนองเสือช้าง - หนองเสือช่อ,50+817,1830,1540,61,54,46,1323,1133,1042,971,1006,9003,47.216,14,1196,ชลบุรีที่ 1,ชลบุรี
3245,202,หนองเสือช่อ - หนองไม้แก่น,58+817,1722,1929,30,29,29,1932,621,576,578,235,7681,26.914,20,1545,ชลบุรีที่ 1,ชลบุรี
3245,300,หนองไม้แก่น - ลาดกระทิง,90+317,1537,1134,0,0,0,1529,949,890,779,682,7500,43.993,39,1116,ฉะเชิงเทรา,ฉะเชิงเทรา
3245,202,หนองเสือช่อ - หนองไม้แก่น,81+117,1005,1396,26,29,29,1793,750,736,555,120,6438,34.451,19,1060,ชลบุรีที่ 1,ชลบุรี
3246,100,พนัสนิคม - เกาะโพธิ์,1+000,5058,5332,1327,33,30,1444,1325,1140,357,284,16331,19.407,22,3142,ชลบุรีที่ 1,ชลบุรี
3247,100,โป่งน้ำร้อน - จางวาง,0+500,297,123,2,1,1,1541,55,19,11,7,2058,4.606,23,857,จันทบุรี,จันทบุรี
3249,100,เขาไร่ยา - แพร่งขาหยั่ง,4+104,3351,2826,55,45,13,10614,78,45,34,31,17089,1.43,0,2701,จันทบุรี,จันทบุรี
3249,100,เขาไร่ยา - แพร่งขาหยั่ง,22+305,1795,662,17,9,3,5013,19,15,16,17,7568,1.056,0,1171,จันทบุรี,จันทบุรี
3249,100,เขาไร่ยา - แพร่งขาหยั่ง,37+958,1542,778,7,1,1,6569,16,15,11,6,8946,0.562,4,1067,จันทบุรี,จันทบุรี
3250,100,หนองคณฑี - สันประดู่,2+500,4518,3489,275,643,286,4366,3039,3061,2462,2056,24195,47.722,158,2886,สระบุรี,สระบุรี
3251,200,คูพัฒนา - ชัณสูตร,17+610,875,637,3,7,0,1287,78,58,18,14,2977,5.869,27,558,สิงห์บุรี,สิงห์บุรี
3252,100,พักทัน - บ้านจ่า,3+000,1182,894,10,8,0,1090,95,46,22,9,3355,5.344,39,893,สิงห์บุรี,สิงห์บุรี
3253,100,บ้านพละ - ปะทิว,42+708,636,227,34,1,2,995,99,59,29,18,2101,9.946,12,839,ชุมพร,ชุมพร
3253,100,บ้านพละ - ปะทิว,1+300,527,75,13,3,2,1736,105,61,55,64,2641,10.986,21,729,ชุมพร,ชุมพร
3256,102,บางพลี - กิ่งแก้ว,19+857,35238,7321,1197,530,1604,16463,3046,1514,3711,0,70624,14.732,8,27522,สมุทรปราการ,สมุทรปราการ
3260,102,สองพี่น้อง - มะขามล้ม,16+037,4327,314,2,22,8,3792,379,283,371,142,9640,12.499,7,2204,สุพรรณบุรีที่ 2 (อู่ทอง),สุพรรณบุรี
3260,101,หนองวัลย์เปรียง - สองพี่น้อง,1+600,2436,1147,5,10,6,5062,492,400,522,273,10352,16.45,3,1269,สุพรรณบุรีที่ 2 (อู่ทอง),สุพรรณบุรี
3260,200,มะขามล้ม - วัดป่าเลไลยก์,40+456,923,411,2,40,5,1647,123,50,13,5,3218,7.31,4,897,สุพรรณบุรีที่ 1,สุพรรณบุรี
3261,100,คลอง10 - หนองเสือ,10+000,3084,2026,42,38,15,1675,302,250,152,75,7659,10.856,22,1508,นครนายก,ปทุมธานี
3261,200,หนองเสือ - ปากคลอง13,32+000,1320,1119,37,34,40,1480,238,279,215,166,4927,19.703,37,1075,สระบุรี,สระบุรี
3263,102,บางบาล - ไผ่กองดิน,11+382,8952,8833,911,433,512,1759,1168,834,723,561,24685,17.137,0,4515,อยุธยา,พระนครศรีอยุธยา
3263,102,บางบาล - ไผ่กองดิน,20+088,4940,5962,1397,1255,1124,2314,1337,988,900,638,20855,29.934,1,2929,อยุธยา,พระนครศรีอยุธยา
3264,100,ดอนเจดีย์ - สระกระโจม,9+600,1310,780,35,10,1,1929,160,146,151,58,4581,11.493,6,1064,สุพรรณบุรีที่ 1,สุพรรณบุรี
3264,100,ดอนเจดีย์ - สระกระโจม,15+200,1168,742,47,8,5,2204,182,220,266,94,4936,15.687,7,1158,สุพรรณบุรีที่ 1,สุพรรณบุรี
3265,100,แยกโคกหม้อ - ท่าซุง,6+489,2201,2250,22,3,7,2669,335,212,130,72,7901,9.613,8,1844,อุทัยธานี,อุทัยธานี
3267,100,อ่างทอง - เจ้าปลุก,4+367,5810,1492,113,17,37,1975,720,933,1211,709,13015,27.861,8,1458,อ่างทอง,พระนครศรีอยุธยา
3267,200,เจ้าปลุก - บางโขมด,7+000,3642,2212,71,85,96,3981,1825,1734,1741,1785,17171,42.308,50,2073,อยุธยา,พระนครศรีอยุธยา
3268,103,บางพลี - บางบ่อ,13+000,20832,8859,898,530,716,8759,2241,1614,893,644,45986,14.435,0,11110,สมุทรปราการ,สมุทรปราการ
3268,101,สำโรง - บางเมือง,2+000,6073,5505,2080,1573,862,5695,1846,46,27,18,23724,18.429,66,6688,สมุทรปราการ,สมุทรปราการ
3271,100,เนินสูง - ด่านชุมพล,3+500,553,209,5,0,0,829,25,26,34,18,1699,6.116,0,633,ตราด,ตราด
3272,100,ทองผาภูมิ - ปิล๊อก,0+750,3173,1217,112,49,43,2935,204,51,24,8,7818,4.865,20,3971,กาญจนบุรี,กาญจนบุรี
3272,100,ทองผาภูมิ - ปิล๊อก,20+607,492,164,53,3,2,514,34,14,9,6,1292,5.305,0,582,กาญจนบุรี,กาญจนบุรี
3272,100,ทองผาภูมิ - ปิล๊อก,38+286,79,3,16,9,0,432,0,0,0,0,539,1.695,0,416,กาญจนบุรี,กาญจนบุรี
3273,100,โคกสูง - หนองเป็ด,8+000,2492,1284,579,338,175,2836,1198,1170,1018,984,12073,40.441,22,3994,ราชบุรี,ราชบุรี
3274,100,หลักสาม - บางโทรัด,5+600,5564,5595,1292,1022,807,5535,5375,1138,786,580,27694,35.054,16,4319,นครปฐม,สมุทรสาคร
3277,100,ขลุง - มะขาม,26+800,2644,2990,0,0,0,5688,453,218,129,143,12265,7.692,22,2106,ตราด,จันทบุรี
3281,100,แยกพระพรหม - คลองรั้ง,1+000,4466,1479,58,48,62,1806,658,512,483,594,10165,23.18,10,2325,ปราจีนบุรี,ปราจีนบุรี
3282,101,บ้านไร่ - ไร่ใหม่,2+700,1313,376,0,15,1,2571,96,46,24,0,4442,4.088,47,2284,อุทัยธานี,อุทัยธานี
3282,102,ไร่ใหม่ - แยกนิคมทับเสลา,47+790,318,119,2,0,3,1325,61,25,45,3,1900,7.212,5,642,อุทัยธานี,อุทัยธานี
3283,100,อินทร์บุรี - ทองเอน,1+500,1980,504,67,5,11,469,114,21,31,14,3216,6.072,33,2750,สิงห์บุรี,สิงห์บุรี
3284,100,เนินหลังเต่า - หนองเสม็ด,7+000,2038,2210,26,22,27,1485,1388,1307,266,146,8914,35.4,20,1725,ชลบุรีที่ 1,ชลบุรี
3285,100,อินทร์บุรี - หนองสุ่ม,3+300,916,1127,22,16,11,93,73,21,9,7,2294,5.973,7,1747,สิงห์บุรี,สิงห์บุรี
3288,100,ท่าแดง - วังม่วง,2+000,1255,1136,75,54,14,127,162,61,0,0,2884,10.059,122,1080,นครนายก,นครนายก
3289,100,หนองชาก - เนินโมก,1+700,2008,2120,450,485,525,5483,1108,1776,1090,882,15927,36.83,12,3802,ชลบุรีที่ 1,ชลบุรี
3290,100,โคกอุดม - คลองทราย,0+500,6827,108,32,16,33,80,145,116,19,33,7411,4.901,21,3694,ปราจีนบุรี,ปราจีนบุรี
3291,101,เจดีย์หัก - หนองหอย,3+000,8996,7227,107,42,38,8087,259,183,104,56,25100,2.716,18,6113,ราชบุรี,ราชบุรี
3291,101,เจดีย์หัก - หนองหอย,4+920,5511,1123,39,17,13,6230,286,240,75,17,13550,4.779,11,4350,ราชบุรี,ราชบุรี
3291,103,เตาปูน - เบิกไพร,36+207,3968,1594,239,155,177,3777,1072,1103,763,380,13229,27.601,24,3679,ราชบุรี,ราชบุรี
3291,103,เตาปูน - เบิกไพร,32+807,3312,2132,95,89,72,4557,538,380,251,69,11495,12.171,24,3151,ราชบุรี,ราชบุรี
3296,100,ดอนตูม - บางเลน,1+500,4862,4244,681,766,738,7613,3579,3401,2823,2361,31069,43.995,809,5112,นครปฐม,นครปฐม
3297,100,หนองปลาไหล - ดอนตูม,3+000,6246,5929,2096,2147,2009,6853,4705,4386,4046,2772,41189,48.716,224,5419,นครปฐม,นครปฐม
3298,100,สามเรือน - บางปะหัน,0+190,2913,2056,118,0,7,3150,573,988,1429,1141,12375,33.438,0,1128,อ่างทอง,พระนครศรีอยุธยา
3299,100,ช้างทูน - โชคดี,0+500,1107,1059,19,0,0,1577,126,77,16,0,3980,5.481,0,1270,ตราด,ตราด
3302,100,พระพุทธบาท - โคกตูม,2+000,3032,2770,108,90,83,1269,867,827,863,436,10346,30.61,64,1862,ลพบุรีที่ 1,สระบุรี
3303,100,บางระจัน - โพทะเล,2+000,2173,1634,8,6,9,3164,351,247,257,146,7995,12.7,12,2667,สิงห์บุรี,สิงห์บุรี
3303,100,บางระจัน - โพทะเล,9+800,1300,1046,29,8,11,1639,328,384,209,116,5070,20.838,18,922,สิงห์บุรี,สิงห์บุรี
3304,100,บ้านโพธิ์ - แปลงยาว,0+500,4022,2011,200,343,241,1598,1737,1174,1857,2204,15388,49.106,99,1920,ฉะเชิงเทรา,ฉะเชิงเทรา
3304,100,บ้านโพธิ์ - แปลงยาว,3+475,2743,1281,41,45,42,3092,1914,2185,2651,1248,15242,53.042,31,1066,ฉะเชิงเทรา,ฉะเชิงเทรา
3304,100,บ้านโพธิ์ - แปลงยาว,15+613,2587,1374,34,41,42,2734,1856,2073,1968,1070,13779,51.165,20,1159,ฉะเชิงเทรา,ฉะเชิงเทรา
3305,100,ท่าน้ำตื้น - บ้านเก่า,11+847,1773,1262,2,0,14,1920,62,21,10,0,5063,2.098,0,2040,กาญจนบุรี,กาญจนบุรี
3305,100,ท่าน้ำตื้น - บ้านเก่า,0+095,1750,601,23,0,6,2053,124,91,58,47,4753,6.872,5,1919,กาญจนบุรี,กาญจนบุรี
3305,100,ท่าน้ำตื้น - บ้านเก่า,27+637,1439,467,5,0,1,546,47,23,27,1,2556,3.887,2,1237,กาญจนบุรี,กาญจนบุรี
3306,100,หนองปรือ - สระกระโจม,0+100,331,176,9,16,1,1586,106,57,25,8,2316,9.221,0,693,สุพรรณบุรีที่ 2 (อู่ทอง),กาญจนบุรี
3306,100,หนองปรือ - สระกระโจม,42+600,266,95,13,5,0,1199,83,87,33,10,1791,12.181,2,734,สุพรรณบุรีที่ 2 (อู่ทอง),กาญจนบุรี
3308,100,โคกเพร็ก - แสง์,3+000,811,579,313,226,0,1267,393,360,241,202,4391,32.38,170,1013,สระแก้ว (วัฒนานคร),สระแก้ว
3309,201,บางกระสั้น - ศูนย์ศิลปาชีพบางไทร,15+000,8284,8607,7949,7304,7882,8137,7863,8024,7699,7906,79655,58.6,801,4303,ปทุมธานี,พระนครศรีอยุธยา
3309,202,ศูนย์ศิลปาชีพบางไทร - บางพูน,38+500,7352,7399,4898,3889,2236,5024,4612,3938,3128,1848,44324,44.335,0,4942,ปทุมธานี,ปทุมธานี
3309,100,บางปะอิน - บางกระสั้น,3+000,4172,1496,1245,1119,576,4781,1442,1215,892,713,17651,33.75,173,3591,อยุธยา,พระนครศรีอยุธยา
3310,100,กระทุ่มล้ม - พุทธมณฑล,2+500,31796,12272,665,99,433,30845,1406,1172,752,351,79789,5.279,86,11446,สมุทรสาคร,นครปฐม
3312,200,ลำลูกกา - คลอง16,14+300,30897,5377,295,463,488,18646,1777,1208,500,489,60140,8.189,213,9017,นครนายก,ปทุมธานี
3312,100,สนามกีฬาธูปเตมีย์ - ลำลูกกา,2+061,20937,5554,89,307,379,13424,1910,970,676,499,44745,10.595,18,8942,กรุงเทพ,ปทุมธานี
3313,100,เขาอ่างแก้ว - วังกุ่ม,0+892,750,329,0,0,0,794,393,204,0,0,2470,24.179,65,685,เพชรบุรี,เพชรบุรี
3314,101,ท่าช้าง - ป๊อกแป๊ก,2+700,2404,1420,363,175,151,3036,1032,1721,2035,769,13106,44.889,105,2562,สระบุรี,สระบุรี
3316,100,ไร่ขิง - ทรงคนอง,2+500,12336,12134,3190,3268,2691,2299,1472,1012,341,244,38987,23.157,647,7528,สมุทรสาคร,นครปฐม
3318,100,สุพรรณบุรี - มะขามล้ม,5+000,5781,402,38,82,14,299,135,56,47,7,6861,4.961,25,2541,สุพรรณบุรีที่ 1,สุพรรณบุรี
3318,100,สุพรรณบุรี - มะขามล้ม,15+000,3731,3833,0,2,0,1356,677,328,50,0,9977,10.6,0,2224,สุพรรณบุรีที่ 1,สุพรรณบุรี
3318,200,มะขามล้ม - ดอนแจง,29+000,498,194,0,0,0,1407,136,80,69,30,2413,13.015,3,1062,สุพรรณบุรีที่ 2 (อู่ทอง),สุพรรณบุรี
3319,102,เนินกว้าว - บันไดสามขั้น,7+000,3490,1993,58,0,67,731,371,227,128,119,7185,12.701,25,2432,นครสวรรค์ที่ 1,นครสวรรค์
3319,200,บันไดสามขั้น - ทัพทัน,19+567,890,472,1,6,23,1203,121,111,94,80,2999,14.471,8,603,อุทัยธานี,อุทัยธานี
3322,100,เนินสูง - ห้วยสะท้อน,0+500,1723,572,7,0,5,3880,447,101,53,40,6826,9.436,4,1406,จันทบุรี,จันทบุรี
3322,100,เนินสูง - ห้วยสะท้อน,29+000,1517,392,9,0,9,4128,275,30,17,11,6388,5.364,8,1585,จันทบุรี,จันทบุรี
3326,102,สระโบสถ์ - ยางโทน,30+000,3515,1540,138,77,67,729,658,447,424,172,7766,23.75,163,1979,ลพบุรีที่ 1,ลพบุรี
3326,101,วังเพลิง - สระโบสถ์,7+700,2856,2641,43,41,23,1736,730,305,122,82,8579,15.189,4,2309,ลพบุรีที่ 1,ลพบุรี
3327,100,เนินมะกอก - นิคมเขาบ่อแก้ว,6+000,1371,1365,0,0,0,2364,169,169,353,155,5946,14.234,0,1852,นครสวรรค์ที่ 1,นครสวรรค์
3327,200,นิคมเขาบ่อแก้ว - โค้งวิจารณ์,16+000,453,244,0,0,0,661,135,318,361,107,2280,40.381,10,513,นครสวรรค์ที่ 2 (ตากฟ้า),นครสวรรค์
3329,100,ตาคลี - หนองหลวง,1+000,660,190,0,0,0,1661,112,81,23,16,2742,8.455,7,1080,นครสวรรค์ที่ 2 (ตากฟ้า),นครสวรรค์
3329,100,ตาคลี - หนองหลวง,23+500,216,31,7,0,0,754,35,30,25,14,1111,9.353,14,553,นครสวรรค์ที่ 2 (ตากฟ้า),นครสวรรค์
3330,100,สุขสำราญ - สำโรงชัย,8+450,306,31,24,0,0,1232,56,70,29,2,1750,8.943,5,545,นครสวรรค์ที่ 2 (ตากฟ้า),นครสวรรค์
3331,100,หนองพิกุล - ใหม่สามัคคี,13+000,442,95,0,0,0,890,80,75,35,5,1622,12.042,9,549,นครสวรรค์ที่ 2 (ตากฟ้า),นครสวรรค์
3331,100,หนองพิกุล - ใหม่สามัคคี,3+000,351,89,0,0,0,725,29,27,35,6,1262,7.692,21,452,นครสวรรค์ที่ 2 (ตากฟ้า),นครสวรรค์
3333,101,โคกตูม - แยกมะนาวหวาน,2+000,4654,2180,280,119,102,1036,1285,828,472,338,11293,27.832,25,2120,ลพบุรีที่ 1,ลพบุรี
3334,100,ธารเกษม - สถานีรถไฟเขาสูง,13+000,4787,2474,31,34,22,1975,851,740,493,485,11892,22.08,15,2183,ลพบุรีที่ 1,ลพบุรี
3335,100,บ้านสิงห์ - บ้านแพ้ว,21+703,4154,1060,511,493,22,6340,2400,2023,2294,884,20180,40.217,254,3471,สมุทรสงคราม,ราชบุรี
3335,100,บ้านสิงห์ - บ้านแพ้ว,9+453,3038,1170,822,566,0,4476,1111,916,905,830,13834,31.289,233,3455,สมุทรสงคราม,ราชบุรี
3335,100,บ้านสิงห์ - บ้านแพ้ว,4+000,2987,2338,1135,1167,1067,1496,2160,2280,1187,417,16233,50.989,302,3919,สมุทรสงคราม,ราชบุรี
3336,100,โคกวัด - บ้านไร่,0+500,4349,1015,472,222,17,4078,979,894,674,18,12718,22.046,257,3642,สมุทรสงคราม,ราชบุรี
3337,100,ห้วยชินสีห์ - หินสี,0+900,4034,443,33,57,33,4809,669,729,773,218,11799,21.014,60,4133,สมุทรสงคราม,ราชบุรี
3337,100,ห้วยชินสีห์ - หินสี,11+500,1207,238,37,38,31,1991,222,252,198,62,4274,18.76,49,1532,สมุทรสงคราม,ราชบุรี
3339,100,ห้วยชินสีห์ - ราชบุรี,10+695,4699,3041,39,32,24,4148,267,118,71,21,12459,4.272,53,4210,สมุทรสงคราม,ราชบุรี
3339,100,ห้วยชินสีห์ - ราชบุรี,1+100,991,1770,73,33,0,4475,228,88,33,18,7710,5.199,38,4863,สมุทรสงคราม,ราชบุรี
3340,100,หนองเสม็ด - บ่อทอง,2+000,2216,2598,29,31,38,1575,1412,1209,400,175,9682,33.715,26,1405,ชลบุรีที่ 1,ชลบุรี
3342,100,วังขอน - บ่อพลอย,20+500,690,304,0,5,2,2373,112,153,231,115,3985,15.506,2,391,สุพรรณบุรีที่ 2 (อู่ทอง),กาญจนบุรี
3343,100,แยกวังโพธิ์ - โรงพยาบาลไทรโยค,2+359,1222,814,65,63,23,710,45,19,3,0,2965,5.162,22,1005,กาญจนบุรี,กาญจนบุรี
3344,100,อุดมสุข - สมุทรปราการ,13+078,25883,15762,1117,683,799,19950,1783,1229,1353,787,69347,9.567,0,14141,สมุทรปราการ,สมุทรปราการ
3348,100,หนองขอน - จันทนิมิต,10+900,11630,3571,204,51,33,14041,153,121,26,21,29852,1.358,30,9939,จันทบุรี,จันทบุรี
3349,100,หนองควง - หนองหญ้าปล้อง,0+500,1843,581,74,38,35,771,337,102,35,31,3848,15.019,68,1518,เพชรบุรี,เพชรบุรี
3350,100,ท่าช้าง - สระบัวก่ำ,3+000,1396,804,24,8,3,2290,176,121,215,85,5121,11.864,2,1649,สุพรรณบุรีที่ 1,สุพรรณบุรี
3351,200,บางแม่หม้าย - บางน้อยใน,32+750,2658,94,21,7,1,1032,158,174,87,30,4260,10.697,7,1358,สุพรรณบุรีที่ 2 (อู่ทอง),สุพรรณบุรี
3351,300,บางน้อยใน - บางหลวง,38+196,1990,2140,654,748,568,2678,2112,2131,1801,1418,16241,54.051,173,1711,นครปฐม,นครปฐม
3351,100,เก้าห้อง - บางแม่หม้าย,1+000,1673,145,41,43,27,2581,199,114,121,22,4967,10.6,26,3302,สุพรรณบุรีที่ 1,สุพรรณบุรี
3353,100,วงษ์สว่าง - ป่ารัง,0+570,1544,851,9,14,14,522,370,279,127,53,3781,22.622,8,1271,ลพบุรีที่ 1,ลพบุรี
3354,100,หนองกระเบียน - ชอนม่วง,0+500,322,233,8,2,14,762,30,332,58,6,1767,25.016,26,596,ลพบุรีที่ 1,ลพบุรี
3356,100,ทุ่งคอก - พระแท่นดงรัง,17+800,989,433,2,0,0,2882,198,288,325,160,5277,18.398,11,2127,สุพรรณบุรีที่ 2 (อู่ทอง),สุพรรณบุรี
3358,100,ทุ่งคอก - เบญพาด,17+695,528,160,1,0,0,1492,61,93,91,72,2497,12.672,2,603,สุพรรณบุรีที่ 2 (อู่ทอง),กาญจนบุรี
3363,100,ดอนแสลบ - ช่องด่าน,0+500,519,178,0,0,0,961,164,86,30,37,1974,16.03,22,650,สุพรรณบุรีที่ 2 (อู่ทอง),กาญจนบุรี
3365,100,สามชุก - หนองอีพัง,1+800,3359,1503,104,63,55,3706,174,163,216,151,9493,8.65,14,3054,สุพรรณบุรีที่ 1,สุพรรณบุรี
3366,100,ท่าข้าม - โนนสาวเอ้,8+762,1621,555,42,31,26,2316,698,624,247,200,6359,28.7,314,1911,สระแก้ว (วัฒนานคร),สระแก้ว
3366,100,ท่าข้าม - โนนสาวเอ้,2+000,1272,481,75,54,43,1761,660,624,298,185,5454,34.178,215,1514,สระแก้ว (วัฒนานคร),สระแก้ว
3366,100,ท่าข้าม - โนนสาวเอ้,15+680,1212,156,30,24,22,2033,461,448,217,143,4745,27.702,8,2036,สระแก้ว (วัฒนานคร),สระแก้ว
3369,100,วัดอำภาศิริวงศ์ - คลอง16,1+000,1484,1344,21,18,7,1943,319,295,27,17,5474,12.477,92,906,นครนายก,นครนายก
3372,102,สามโก้ - สีบัวทอง,27+000,868,190,71,54,62,1352,91,72,65,56,2880,13.878,39,1195,อ่างทอง,อ่างทอง
3372,101,นาคู - สามโก้,12+000,226,153,0,0,1,480,186,101,42,22,1211,29.057,6,429,อ่างทอง,อ่างทอง
3373,100,สามโก้ - คลองลี่,2+200,1664,937,80,82,79,5656,841,720,576,500,11133,25.123,40,2667,อ่างทอง,อ่างทอง
3374,100,บางสะพาน - หนองหัดไท,2+300,4898,934,39,29,6,1686,156,75,30,46,7899,4.323,50,3747,ประจวบคีรีขันธ์ (หัวหิน),ประจวบคีรีขันธ์
3374,200,หนองหัดไท - ดอนยาง,29+862,330,43,1,1,5,1184,42,24,26,3,1661,6.121,15,730,ชุมพร,ชุมพร
3376,100,บ้านฉาง - ถนนซอย13ของนิคมสร้างตนเองจังหวัดระยอง,2+000,6138,3181,61,54,25,9314,267,256,34,30,19359,3.44,27,7983,ระยอง,ระยอง
3378,100,บางคล้า - พนมสารคาม,3+900,1584,1204,167,0,152,1472,833,263,202,243,6119,27.66,22,1324,ฉะเชิงเทรา,ฉะเชิงเทรา
3384,100,โนนสาวเอ้ - ไทรเดี่ยว,14+000,1037,862,45,49,16,621,443,419,327,182,4001,35.884,49,823,สระแก้ว (วัฒนานคร),สระแก้ว
3385,100,หน้าพระลาน - หนองจาน,2+000,3770,3294,476,507,528,3603,2437,3433,3035,3076,24159,53.874,154,3192,สระบุรี,สระบุรี
3387,100,หนองวัลย์เปรียง - ทับกระดาน,5+550,633,238,6,0,0,1510,81,171,185,91,2915,18.143,5,593,สุพรรณบุรีที่ 2 (อู่ทอง),สุพรรณบุรี
3388,100,บ้านโป่ง - บ่อไร่,14+500,611,295,0,0,0,1119,35,25,24,6,2115,4.266,0,744,ตราด,ตราด
3390,100,หนองรี - บ่อยาง,0+500,260,96,1,1,0,1463,93,45,63,27,2049,11.148,29,833,สุพรรณบุรีที่ 2 (อู่ทอง),กาญจนบุรี
3394,200,หนองตะเลา - รางพิกุล,8+200,2755,2511,1430,1303,1406,2346,2523,2425,2337,2141,21177,57.302,196,2300,นครปฐม,ราชบุรี
3394,100,ลูกแก - หนองตะเลา,0+500,1754,161,0,0,9,2635,77,91,87,72,4886,6.872,10,2895,กาญจนบุรี,กาญจนบุรี
3395,202,วัฒนานคร - โคคลาน,62+070,2884,2389,472,480,369,4792,1787,1663,1633,1501,17970,41.363,75,3938,สระแก้ว (วัฒนานคร),สระแก้ว
3395,201,ทับทิมสยาม05 - วัฒนานคร,17+360,2236,2124,0,0,0,1252,1689,1667,1520,1265,11754,52.254,28,2268,สระแก้ว (วัฒนานคร),สระแก้ว
3395,202,วัฒนานคร - โคคลาน,95+257,1807,2006,656,527,378,1721,1705,1551,1458,1339,13147,52.923,58,1179,สระแก้ว (วัฒนานคร),สระแก้ว
3395,201,ทับทิมสยาม05 - วัฒนานคร,27+960,1751,1683,29,0,0,1368,1396,1486,1261,1208,10182,52.552,28,1682,สระแก้ว (วัฒนานคร),สระแก้ว
3395,100,ทุ่งขนาน - ทับทิมสยาม05,1+460,1079,648,0,0,0,3009,219,206,202,97,5460,13.261,0,1367,จันทบุรี,จันทบุรี
3398,100,ท่าพะเนียด - ทุ่งมะสังข์,0+500,1743,570,5,0,7,1743,148,130,61,25,4431,8.376,17,1140,กาญจนบุรี,กาญจนบุรี
3400,100,หนองเอื้อง - ทุ่งขาม,0+500,841,499,0,0,0,1019,675,360,0,0,3393,30.495,50,899,เพชรบุรี,เพชรบุรี
3401,100,เนินโมก - ทับร้าง,3+000,1434,1093,951,986,107,1179,1070,1003,911,797,9532,51.138,23,1099,ชลบุรีที่ 1,ชลบุรี
3403,100,วัดยกกระบัตร - หลักสี่,0+500,5516,5407,1126,1005,804,5567,5516,1062,736,552,27290,35.451,18,4221,นครปฐม,สมุทรสาคร
3404,100,หลักสาม - คลองยกกระบัตร,0+300,5226,5221,1063,823,758,5217,5256,981,716,453,25716,34.953,16,3988,นครปฐม,สมุทรสาคร
3405,100,บ้านแหลม - ทุ่งขนาน,16+500,208,90,5,0,0,1564,188,119,83,55,2312,19.269,13,865,จันทบุรี,จันทบุรี
3409,100,ชากไทย - ทุ่งจันดำ,6+800,755,401,0,0,0,2567,13,9,2,0,3747,0.64,2,1276,จันทบุรี,จันทบุรี
3410,101,เขื่อนเพชร - เขาลูกช้าง,0+500,1691,1424,123,0,0,1858,1256,860,70,0,7283,30.014,40,1544,เพชรบุรี,เพชรบุรี
3410,102,เขาลูกช้าง - ห้วยโสก,30+000,986,718,0,0,0,1425,436,349,22,0,3937,20.511,81,1101,เพชรบุรี,เพชรบุรี
3412,101,อยุธยา - บางบาล,16+500,1666,1415,214,188,164,882,310,587,741,449,6616,36.872,2,1292,อยุธยา,พระนครศรีอยุธยา
3412,101,อยุธยา - บางบาล,1+000,1259,298,250,228,144,995,209,216,206,130,3935,28.795,12,1198,อยุธยา,พระนครศรีอยุธยา
3413,100,ทางเข้าบางบ่อ,1+960,5176,2719,650,590,136,5439,899,780,657,331,17377,19.527,50,3073,สมุทรปราการ,สมุทรปราการ
3414,100,อ้อมน้อย - ศาลายา,1+000,21587,9887,202,305,381,25590,1248,779,330,142,60451,5.269,383,16756,สมุทรสาคร,นครปฐม
3415,100,สามพราน - แม่น้ำนครชัยศรี,1+000,12716,2719,2694,228,187,12045,2789,693,436,246,34754,13.178,160,7027,สมุทรสาคร,นครปฐม
3416,100,โป่งแย้ - หุบเฉลา,0+500,540,432,0,0,0,915,384,352,0,0,2622,28.049,52,752,เพชรบุรี,เพชรบุรี
3416,100,โป่งแย้ - หุบเฉลา,8+000,492,308,0,0,0,1118,240,182,0,0,2340,18.009,62,893,เพชรบุรี,เพชรบุรี
3420,100,ทางเข้าหนองไผ่,0+200,139,49,0,0,0,549,26,21,27,11,823,10.402,1,166,นครสวรรค์ที่ 2 (ตากฟ้า),นครสวรรค์
3422,100,ลาดบัวหลวง - สองพี่น้อง,15+355,5230,247,17,25,17,3779,315,339,994,466,11429,18.867,17,1196,สุพรรณบุรีที่ 2 (อู่ทอง),สุพรรณบุรี
3428,100,เขาชะโงก - ท้ายทอง,1+000,2928,2432,2569,2472,2124,1978,649,246,202,200,15799,37.295,104,1864,นครนายก,นครนายก
3431,101,ไผ่ขวาง - เทศบาลเมืองสุพรรณบุรี,0+200,10253,1457,881,151,95,9075,144,87,58,47,22247,2.613,43,7919,สุพรรณบุรีที่ 1,สุพรรณบุรี
3432,100,หินลาด - เขื่อนแก่งกระจาน,0+500,386,484,0,0,0,1069,321,247,0,0,2507,22.642,36,943,เพชรบุรี,เพชรบุรี
3438,101,หนองฉาง - ดินแดง,6+000,1635,989,49,26,39,1356,506,442,445,385,5873,31.389,21,1341,อุทัยธานี,อุทัยธานี
3438,102,ดินแดง - ไผ่งาม,40+300,344,90,13,0,0,1401,58,72,8,1,1987,7.011,3,1024,อุทัยธานี,อุทัยธานี
3440,100,ดอนพรหม - ตลาดเขต,3+330,184,71,3,0,0,542,24,31,6,5,866,7.52,4,354,สุพรรณบุรีที่ 2 (อู่ทอง),สุพรรณบุรี
3443,101,ตลาดใหม่ - ตลุงเหนือ,7+700,1094,280,0,0,15,1458,164,232,146,110,3499,19.06,18,1011,สุพรรณบุรีที่ 2 (อู่ทอง),กาญจนบุรี
3446,102,ป่าไร่ - ช่องตากิ่ว,30+500,620,547,0,0,0,742,349,336,318,320,3232,40.919,166,812,สระแก้ว (วัฒนานคร),สระแก้ว
3447,101,หนองระหาน - คลองเวฬุ,0+500,1238,1165,0,0,0,2041,353,304,240,188,5529,19.624,20,1572,ตราด,จันทบุรี
3448,100,ทุ่งขนาน - ตาเรือง,10+408,541,413,0,0,0,2700,115,88,88,66,4012,8.91,0,600,จันทบุรี,จันทบุรี
3451,100,โคกโคเฒ่า - ลาดตาล,1+868,593,123,0,0,0,1253,29,30,1,3,2032,3.092,8,931,สุพรรณบุรีที่ 1,สุพรรณบุรี
3452,100,ดงพระราม - ห้วยขื่อ,3+906,4029,2810,73,61,46,3068,1281,730,447,57,12601,20.801,20,2834,ปราจีนบุรี,ปราจีนบุรี
3453,100,ท่าไม้ - ตะคร้ำเอน,0+500,1329,630,0,2,0,1511,116,91,90,47,3818,9.094,14,1914,กาญจนบุรี,กาญจนบุรี
3454,301,ท่าช้าง - วิเศษชัยชาญ,62+293,3395,875,80,46,72,4084,665,443,351,256,10266,17.844,55,4217,อ่างทอง,อ่างทอง
3454,400,หน้าโคก - เสนา,103+584,2691,2819,323,264,333,1446,899,640,556,425,10395,29.982,13,2139,อยุธยา,พระนครศรีอยุธยา
3454,301,ท่าช้าง - วิเศษชัยชาญ,74+093,1937,1249,106,94,101,3579,571,489,217,122,8465,18.821,117,3446,อ่างทอง,อ่างทอง
3454,200,บ้านวังขอน - ท่าช้าง,21+793,1904,1924,31,29,19,1223,258,147,105,66,5707,10.947,5,1238,สิงห์บุรี,สิงห์บุรี
3454,100,แยกเข้าโรงเรียนคุรุประชาสรรค์ - บ้านวังขอน,2+000,1115,304,16,0,8,1624,85,69,89,29,3337,8.35,4,1243,ชัยนาท,ชัยนาท
3455,100,แยกปากกิเลน - บ้านเก่า,0+100,491,416,23,18,17,396,30,29,14,10,1444,8.149,0,177,กาญจนบุรี,กาญจนบุรี
3456,101,หนองกระดี่ - คลองข่อย,39+285,873,267,7,10,5,456,75,75,49,42,1859,13.821,6,745,อุทัยธานี,อุทัยธานี
3456,101,หนองกระดี่ - คลองข่อย,15+000,772,312,7,5,2,572,108,106,64,38,1986,16.274,12,667,อุทัยธานี,อุทัยธานี
3457,100,ไทรโยค - ท่าทุ่งนา,0+500,401,192,35,10,8,387,41,15,31,1,1122,9.47,0,281,กาญจนบุรี,กาญจนบุรี
3459,100,สามแยกบ้านกรูด - ปากคลองบ้านกรูด,8+232,1199,423,6,13,26,1818,120,85,59,40,3788,9.044,13,2318,ประจวบคีรีขันธ์ (หัวหิน),ประจวบคีรีขันธ์
3460,100,สระแก้ว - หนองโดก,0+400,1570,475,1,1,1,2887,247,238,279,18,5717,13.704,13,1252,สุพรรณบุรีที่ 1,สุพรรณบุรี
3461,100,สวนแตง - ดอนคา,3+000,723,476,0,2,6,1600,138,77,128,101,3250,13.879,8,1214,สุพรรณบุรีที่ 2 (อู่ทอง),สุพรรณบุรี
3462,100,สระแก้ว - แซร์ออ,4+277,1181,1152,476,305,126,1311,1356,973,1013,867,8760,52.96,56,916,สระแก้ว (วัฒนานคร),สระแก้ว
3462,100,สระแก้ว - แซร์ออ,51+263,1102,1198,297,308,107,1171,1101,1156,1092,873,8405,55.171,64,958,สระแก้ว (วัฒนานคร),สระแก้ว
3466,100,บ้านเก่า - พานทอง,0+500,6758,4892,712,474,2898,8740,6816,5077,4171,2838,43375,51.351,26,5110,ชลบุรีที่ 1,ชลบุรี
3467,100,นครหลวง - ท่าเรือ,10+650,2854,2069,150,159,131,2619,638,1431,2058,1612,13721,43.94,17,2808,อยุธยา,พระนครศรีอยุธยา
3468,100,จร้าใหม่ - เลาขวัญ,10+000,473,199,3,3,0,1098,153,128,86,58,2201,19.46,5,472,สุพรรณบุรีที่ 2 (อู่ทอง),กาญจนบุรี
3469,100,อยุธยา - บ้านรุน,3+750,1492,1320,119,103,87,852,255,242,171,128,4768,20.671,14,1873,อยุธยา,พระนครศรีอยุธยา
3470,100,ภาชี - ท่าเรือ,4+770,3968,3549,138,186,158,2170,1626,1543,1630,1814,16781,41.455,23,2052,อยุธยา,พระนครศรีอยุธยา
3471,100,บางบุตร - ชุมแสง,0+500,2543,69,17,15,15,2376,128,87,40,26,5315,5.844,29,1959,ระยอง,ระยอง
3472,100,อู่ทอง - ตลุงเหนือ,9+000,412,120,6,7,3,1777,85,217,113,57,2797,17.232,1,658,สุพรรณบุรีที่ 2 (อู่ทอง),กาญจนบุรี
3473,100,หนองจิกรี - ถนนสุด,7+000,2582,2611,17,18,14,2223,709,684,767,630,10256,27.528,17,2461,นครสวรรค์ที่ 1,นครสวรรค์
3473,100,หนองจิกรี - ถนนสุด,29+000,1874,2038,17,14,17,1319,851,868,722,636,8356,37.192,16,2069,นครสวรรค์ที่ 1,นครสวรรค์
3475,100,ทับกฤช - พนมรอก,14+250,416,61,0,0,0,1086,45,48,64,102,1821,14.178,2,721,นครสวรรค์ที่ 2 (ตากฟ้า),นครสวรรค์
3477,102,เกาะเรียน - อยุธยา,13+800,3208,2482,1038,902,962,2915,1278,1183,720,622,15310,37.016,121,2061,อยุธยา,พระนครศรีอยุธยา
3479,100,ทับพริก - เขาตาง๊อก,11+020,461,312,0,0,0,330,232,194,90,64,1683,34.464,11,404,สระแก้ว (วัฒนานคร),สระแก้ว
3480,100,ปลักประดู่ - ถ้ำธารลอด,5+000,1353,343,0,0,0,377,168,80,30,3,2354,11.936,55,1006,สุพรรณบุรีที่ 2 (อู่ทอง),สุพรรณบุรี
3481,100,คลองหลวงแพ่ง - ศาลาแดง,0+500,3578,3869,941,546,673,3025,2384,1618,1557,882,19073,40.156,91,1722,กรุงเทพ,กรุงเทพมหานคร
3481,300,บางขนาก - ปราจีนบุรี,47+970,2749,1544,94,73,17,227,184,127,150,77,5241,11.963,13,1139,ปราจีนบุรี,ปราจีนบุรี
3481,300,บางขนาก - ปราจีนบุรี,35+925,1749,1559,79,57,25,188,571,593,467,652,5940,39.819,24,1055,ปราจีนบุรี,ปราจีนบุรี
3486,102,โคคลาน - ใหม่ไทยถาวร,8+000,5234,2302,80,71,57,1954,616,627,981,991,12914,25.887,13,1299,สระแก้ว (วัฒนานคร),สระแก้ว
3487,100,วัดป่าเลไลยก์ - โพธิ์พระยา,0+500,1924,274,10,0,0,1304,122,21,8,0,3664,4.115,20,1084,สุพรรณบุรีที่ 1,สุพรรณบุรี
3488,100,หนองโสน - หนองมะสังข์,0+400,660,241,6,11,1,3006,265,177,127,59,4554,14.071,4,1318,สุพรรณบุรีที่ 2 (อู่ทอง),กาญจนบุรี
3492,100,ท่าม่วง - หนองตากยา,0+943,3254,1010,19,3,10,3231,283,312,268,122,8513,11.739,5,3298,กาญจนบุรี,กาญจนบุรี
3492,100,ท่าม่วง - หนองตากยา,11+300,1914,193,25,5,1,193,118,167,69,48,2732,14.883,6,535,กาญจนบุรี,กาญจนบุรี
3493,100,คลองทราย - จันทบุรี,0+500,9511,2677,252,187,56,11477,2217,1635,57,47,28117,14.936,26,5564,จันทบุรี,จันทบุรี
3494,100,ท่าประดู่ - ฉางเกลือ,3+800,790,199,3,0,0,1838,65,49,29,17,2990,5.348,0,878,ตราด,ตราด
3496,100,ดอนเจดีย์ - ปากดง,15+000,2059,1245,21,14,0,1444,249,214,387,174,5805,17.863,6,793,สุพรรณบุรีที่ 1,สุพรรณบุรี
3497,100,ช้างแรก - บางสะพานน้อย,7+900,2736,1268,22,6,2,1786,86,62,0,32,5999,3.122,2,2349,ประจวบคีรีขันธ์ (หัวหิน),ประจวบคีรีขันธ์
3499,101,เขื่อนเพชร - วังไคร้,2+050,2316,1923,790,459,553,2285,1642,881,6,0,10856,32.614,49,3514,เพชรบุรี,เพชรบุรี
3500,100,หนองบัว - ลาดหญ้า,1+000,796,355,16,2,5,927,64,63,11,7,2247,6.762,6,820,กาญจนบุรี,กาญจนบุรี
3501,100,อ่างทอง - บางหลวงโดด,12+000,1296,164,18,1,26,547,138,87,86,46,2410,15.924,18,1311,อ่างทอง,อ่างทอง
3502,100,ดอนไร่ - อ่างเก็บน้ำกระเสียว,37+678,4563,1321,19,13,7,4748,249,207,137,101,11364,6.271,9,4345,สุพรรณบุรีที่ 1,สุพรรณบุรี
3502,100,ดอนไร่ - อ่างเก็บน้ำกระเสียว,1+000,612,294,3,1,0,826,65,50,65,57,1974,12.095,12,491,สุพรรณบุรีที่ 1,สุพรรณบุรี
3504,200,ห้วยน้ำดัง - เขาชนกัน,18+412,1610,1632,18,17,14,1126,667,673,650,325,6733,34.843,16,1818,นครสวรรค์ที่ 1,นครสวรรค์
3504,100,คลองข่อย - ห้วยน้ำดัง,0+500,724,335,19,23,19,1012,164,154,143,110,2703,22.687,16,803,อุทัยธานี,อุทัยธานี
3505,100,หางตลาด - ศรีสำราญ,2+500,330,105,9,2,0,804,170,58,55,25,1559,19.927,7,449,สุพรรณบุรีที่ 2 (อู่ทอง),สุพรรณบุรี
3507,100,วัดพระศรีรัตนมหาธาตุ - บ้านกล้วย,0+000,1872,361,14,0,5,1476,87,6,1,0,3820,2.571,24,1151,สุพรรณบุรีที่ 1,สุพรรณบุรี
3508,100,ถนนชุมชนท้องถิ่นเลียบทางรถไฟสายเหนือ,4+100,14612,5289,417,415,437,2410,547,420,323,271,25141,9.599,482,990,ปทุมธานี,ปทุมธานี
3511,100,แสนสุข - จารย์จู,13+200,231,48,0,0,0,1190,339,204,130,120,2263,35.083,408,1071,สระแก้ว (วัฒนานคร),สระแก้ว
3520,100,ไผ่ต่ำ - หนองแค,1+155,1494,1289,34,30,54,1962,70,57,63,51,5104,6.355,26,1241,สระบุรี,สระบุรี
3522,100,เนินฝอยทอง - ทุ่งผักเบี้ย,2+100,4765,533,69,63,63,990,119,131,120,64,6917,8.091,66,6553,นครสวรรค์ที่ 1,นครสวรรค์
3523,100,ทางเข้านครสวรรค์,0+500,17597,11381,513,87,206,2308,1034,779,565,119,34589,8.063,7,12251,นครสวรรค์ที่ 1,นครสวรรค์
3524,100,นครปฐม - ลาดปลาเค้า,0+170,9740,8326,2023,1842,1987,12455,7919,8048,5465,2605,60410,46.13,70,8115,นครปฐม,นครปฐม
3525,100,สามแยกกระจับ - หนองโพ,0+120,5593,4149,717,595,603,8221,1211,1301,577,527,23493,20.486,26,4946,ราชบุรี,ราชบุรี
3527,100,ด่านโง - หนองปืนแตก,0+500,477,522,0,0,0,931,365,268,0,0,2564,24.722,37,937,เพชรบุรี,เพชรบุรี
3531,100,แยกสารพัดช่าง - ถนนวงแหวนรอบเมืองสุพรรณบุรี,0+605,9904,6929,29,29,6,7706,196,43,13,5,24859,1.172,16,6368,สุพรรณบุรีที่ 1,สุพรรณบุรี
3533,100,บางปลาหมอ - ถนนวงแหวนรอบเมืองสุพรรณบุรี,0+050,1162,192,29,0,0,689,23,0,0,0,2093,1.091,21,1630,สุพรรณบุรีที่ 1,สุพรรณบุรี
3546,100,ท่าหลวง - ตลาดมะขาม,0+527,3598,683,6,0,3,6618,283,155,71,69,11486,5.061,3,3410,จันทบุรี,จันทบุรี
3548,101,ท่ามะกา - เทศบาลตำบลท่าม่วง,0+284,3336,1991,45,111,54,2213,110,86,111,90,8145,6.884,10,1857,กาญจนบุรี,กาญจนบุรี
3548,101,ท่ามะกา - เทศบาลตำบลท่าม่วง,11+586,3312,2537,85,32,66,2308,428,233,98,25,9124,9.676,19,2437,กาญจนบุรี,กาญจนบุรี
3549,100,ทางเข้าสังขละบุรี,0+702,2114,126,59,10,9,1638,77,14,10,5,4061,3.065,4,2827,กาญจนบุรี,กาญจนบุรี
3551,100,หนองปลาตะเพียน - หัวสำโรง,6+990,9426,1779,542,0,556,2412,2686,2168,1690,1631,22891,38.143,20,1899,ฉะเชิงเทรา,ฉะเชิงเทรา
3558,100,แยกวัดลาวทอง - วังยาง,2+274,1076,139,40,13,0,1239,14,3,1,0,2525,1.221,8,1201,สุพรรณบุรีที่ 1,สุพรรณบุรี
3562,100,ลพบุรี - ป่าหวาย,3+000,6278,2436,59,53,40,395,332,101,23,34,9751,5.973,21,4672,ลพบุรีที่ 1,ลพบุรี
3564,100,พัฒนานิคม - แก่งเสือเต้น,2+000,1063,998,111,79,41,192,220,195,75,90,3065,22.876,30,801,ลพบุรีที่ 1,ลพบุรี
3566,100,โพนทอง - ขอนชะโงก,0+200,1813,1609,43,37,34,2082,91,113,115,61,5998,7.521,25,1496,สระบุรี,สระบุรี
3569,100,ค่ายสุรสีห์ - กองพลทหารราบที่9,0+100,1761,1136,45,32,32,1542,217,45,27,18,4855,7.645,4,1537,กาญจนบุรี,กาญจนบุรี
3570,100,ท่าพะเนียด - ค่ายสุรสีห์,7+700,1331,1480,27,31,15,145,81,11,1,1,3124,4.497,5,1115,กาญจนบุรี,กาญจนบุรี
3573,100,อนุสาวรีย์ร.6 - สถานีรถไฟแสมสาร,1+200,6621,5376,97,82,103,989,271,77,15,3,13633,4.038,37,2751,ชลบุรีที่ 2,ชลบุรี
3574,203,บ้านค่าย - ระยอง,52+818,11089,3395,693,167,161,11688,562,536,346,252,28889,7.005,135,4980,ระยอง,ระยอง
3574,100,มาบปู - เขาคันทรง,4+418,8352,3628,85,90,328,9012,4881,1763,1672,1240,31053,32.123,16,2288,ชลบุรีที่ 2,ชลบุรี
3574,201,เขาคันทรง - เขาน้อย,33+818,5088,4721,116,89,128,7116,881,672,662,676,20150,15.423,33,2547,ระยอง,ระยอง
3575,100,ทางเข้าบ้านค่าย,1+000,5090,4937,166,130,131,6368,353,361,265,232,18034,8.163,27,4214,ระยอง,ระยอง
3578,100,ทางรอบอ่างเก็บน้ำหนองปลาไหล,0+500,3124,3400,106,33,91,4535,388,281,265,312,12536,10.933,16,2161,ระยอง,ระยอง
3579,100,ทุ่งนานางหรอก - ลาดหญ้า,1+000,590,408,0,0,1,611,116,131,123,46,2027,20.62,0,506,กาญจนบุรี,กาญจนบุรี
3580,100,แสนตอ - เขาช่อง,2+900,1178,264,6,0,0,1299,78,151,103,47,3124,12.102,2,1071,กาญจนบุรี,กาญจนบุรี
3582,100,วังปลาหมู - วังลาน,1+750,1292,419,11,9,1,1739,49,41,37,5,3603,3.93,15,1243,กาญจนบุรี,กาญจนบุรี
3587,100,บ้านถ้ำ - ยางระโหง,3+000,714,386,10,6,2,2444,11,10,9,2,3595,1.144,2,3474,จันทบุรี,จันทบุรี
3590,100,ท่าซุง - ท่าน้ำมโนรมย์,0+500,2482,1848,19,5,10,2701,218,113,175,115,7686,8.276,37,1496,อุทัยธานี,อุทัยธานี
3591,101,เชียงรากน้อย - คลองเชียงรากน้อย,0+300,6279,7504,3286,3148,3306,4437,5506,5668,4542,3142,46818,54.065,0,2977,ปทุมธานี,ปทุมธานี
3592,100,ทางเข้านิมิตรใหม่,1+401,11822,3112,657,241,310,11460,1091,1080,820,1067,31659,14.556,323,5845,นครนายก,ปทุมธานี
3593,100,ท่าดินเหนียว - เสาธง,0+200,1781,1711,7,3,0,1596,54,24,0,1,5176,1.589,15,1473,สุพรรณบุรีที่ 1,สุพรรณบุรี
3595,100,วังโพธิ์ - ลุ่มสุ่ม,0+575,212,122,7,0,0,190,1,0,0,0,532,0.215,0,359,กาญจนบุรี,กาญจนบุรี
3596,100,ทองหลาง - ทรายมูล,1+000,1645,1252,35,31,79,2513,175,146,19,23,5917,7.991,56,1470,นครนายก,นครนายก
3608,100,ทางต่างระดับหนองขาม - ท่าเรือแหลมฉบัง(ทางบริการด้านซ้ายทาง),2+300,4524,1929,75,94,78,4382,1140,995,1408,1474,16099,32.229,4,1066,ชลบุรีที่ 2,ชลบุรี
3611,100,ทางต่างระดับหนองขาม - ท่าเรือแหลมฉบัง(ทางบริการด้านขวาทาง),2+300,4142,2429,66,83,96,4082,946,1155,1593,2012,16605,35.443,7,1198,ชลบุรีที่ 2,ชลบุรี
3648,100,ทางเลี่ยงเมืองแกลง,8+450,8723,2738,0,0,7,11030,1809,1401,806,521,27036,16.809,28,3116,ระยอง,ระยอง
3649,200,คุ้งยอ - ห้วยขื่อ,11+465,6730,5994,198,130,138,4085,2691,1737,1902,1432,25037,32.073,45,3498,ปราจีนบุรี,ปราจีนบุรี
3701,501,ทางต่างระดับคีรี - ทางต่างระดับมาบประชัน(รวมทางต่างระดับมาบประชัน - พัทยา),95+721,5810,3626,62,176,222,3769,2219,2167,1898,2316,22264,40.412,7,1229,ชลบุรีที่ 2,ชลบุรี
3701,501,ทางต่างระดับคีรี - ทางต่างระดับมาบประชัน(รวมทางต่างระดับมาบประชัน - พัทยา),107+394,4785,2533,39,330,90,3691,1481,1273,1236,2595,18054,38.803,10,866,ชลบุรีที่ 2,ชลบุรี
3701,501,ทางต่างระดับคีรี - ทางต่างระดับมาบประชัน(รวมทางต่างระดับมาบประชัน - พัทยา),2+300,4378,1627,179,34,58,2093,268,347,206,19,9211,10.13,6,1285,ชลบุรีที่ 2,ชลบุรี
3702,501,ทางต่างระดับคีรี - ทางต่างระดับมาบประชัน(รวมทางต่างระดับมาบประชัน - พัทยา),95+721,6022,3674,81,191,299,4210,2741,2304,2541,3008,25071,44.21,7,1188,ชลบุรีที่ 2,ชลบุรี
3702,501,ทางต่างระดับคีรี - ทางต่างระดับมาบประชัน(รวมทางต่างระดับมาบประชัน - พัทยา),107+394,4306,1697,30,144,43,2859,1469,649,313,514,12023,26.047,10,2024,ชลบุรีที่ 2,ชลบุรี
3702,501,ทางต่างระดับคีรี - ทางต่างระดับมาบประชัน(รวมทางต่างระดับมาบประชัน - พัทยา),2+300,4228,1350,138,89,170,2220,563,450,192,25,9426,15.8,6,1868,ชลบุรีที่ 2,ชลบุรี
3901,201,คลองมหาสวัสดิ์ - คลองบางไผ่,39+528,43316,12929,2299,0,2280,17121,2542,2518,0,360,83365,9.237,47,9960,นนทบุรี,นนทบุรี
3901,201,คลองมหาสวัสดิ์ - คลองบางไผ่,35+322,41312,12516,2141,0,1972,16608,2726,2442,0,153,79872,9.131,25,10221,นนทบุรี,นนทบุรี
3901,202,คลองบางไผ่ - คลองบางหลวง,46+472,39478,11159,4136,0,2741,6076,2153,1914,0,0,67657,10.063,21,12503,นนทบุรี,นนทบุรี
3901,102,บางแค - คลองมหาสวัสดิ์,20+430,20520,8976,188,319,178,5749,1408,861,298,153,38651,8.324,0,7819,ธนบุรี,กรุงเทพมหานคร
3901,500,คลองระพีพัฒน์ - บึงคำพร้อย,25+000,7014,6911,1462,1275,1388,3314,2085,1371,145,25,24989,25.165,17,2580,ปทุมธานี,ปทุมธานี
3901,500,คลองระพีพัฒน์ - บึงคำพร้อย,14+300,6439,6448,6,6,9,17,11,9,6,0,12951,0.317,3,827,ปทุมธานี,ปทุมธานี
3901,400,คลองซอย26 - คลองระพีพัฒน์,0+550,1230,1084,283,150,26,838,770,718,691,627,6417,46.467,17,875,อยุธยา,พระนครศรีอยุธยา
3902,201,คลองมหาสวัสดิ์ - คลองบางไผ่,39+528,54664,16217,3099,0,3229,18579,6719,4486,0,455,107446,13.857,66,11436,นนทบุรี,นนทบุรี
3902,201,คลองมหาสวัสดิ์ - คลองบางไผ่,35+322,51469,17084,3978,0,2540,21196,3857,4152,0,137,104412,10.234,29,10370,นนทบุรี,นนทบุรี
3902,202,คลองบางไผ่ - คลองบางหลวง,46+472,50557,18459,5209,0,4477,11001,3655,10866,0,0,104223,18.228,247,17226,นนทบุรี,นนทบุรี
3902,102,บางแค - คลองมหาสวัสดิ์,20+430,15775,7158,162,409,172,5765,579,493,162,166,30841,6.425,0,10920,ธนบุรี,กรุงเทพมหานคร
3902,500,คลองระพีพัฒน์ - บึงคำพร้อย,25+000,6551,6348,1160,21,16,3506,1227,706,16,15,19565,10.221,10,1570,ปทุมธานี,ปทุมธานี
3902,500,คลองระพีพัฒน์ - บึงคำพร้อย,14+300,4009,3667,449,982,953,2355,1545,1233,1504,183,16880,37.916,4,1088,ปทุมธานี,ปทุมธานี
3902,400,คลองซอย26 - คลองระพีพัฒน์,0+550,1375,1285,86,96,23,1048,954,681,457,381,6385,40.583,35,945,อยุธยา,พระนครศรีอยุธยา
4001,100,แยกโพธารส - ท่ายาง,5+500,4775,635,89,6,29,5746,180,254,42,23,11778,4.528,18,3579,ชุมพร,ชุมพร
4002,100,หลังสวน - ปากน้ำหลังสวน,0+533,1937,477,0,1,0,2854,147,39,13,7,5475,3.776,43,2345,ชุมพร,ชุมพร
4003,100,สวี - บ่อคา,3+850,3073,754,47,1,0,3269,215,153,13,0,7524,5.07,15,2123,ชุมพร,ชุมพร
4006,100,ราชกรูด - วังตะกอ,29+000,748,66,14,22,10,3232,130,59,21,18,4321,6.027,4,1077,ระนอง,ชุมพร
4006,100,ราชกรูด - วังตะกอ,2+500,646,129,10,14,15,1334,120,161,59,47,2535,16.396,13,667,ระนอง,ระนอง
4008,100,เทศบาลเมืองท่าข้าม - กิโลศูนย์,1+297,8466,8271,202,184,191,8848,447,396,215,170,27390,5.85,80,5741,สุราษฎร์ธานีที่ 1 ,สุราษฎร์ธานี
4009,201,นาสาร - เวียงสระ,61+000,6919,6580,0,0,159,3392,2663,2408,2079,1744,25943,34.893,0,5168,สุราษฎร์ธานีที่ 3 (เวียงสระ),สุราษฎร์ธานี
4009,202,เวียงสระ - บางสวรรค์,83+175,6118,4803,547,563,427,1710,1165,614,627,444,17018,22.569,0,3590,สุราษฎร์ธานีที่ 3 (เวียงสระ),สุราษฎร์ธานี
4009,101,บางใหญ่ - ซอยสิบ,18+000,4850,1152,146,40,56,6620,401,246,376,271,14157,9.81,21,2188,สุราษฎร์ธานีที่ 2 (กาญจนดิษฐ์),สุราษฎร์ธานี
4009,300,บางหล่อ - อ่าวลึก,131+937,3566,3535,65,61,201,3622,732,810,574,550,13715,21.351,56,2610,พังงา,กระบี่
4009,202,เวียงสระ - บางสวรรค์,93+469,3546,3241,435,327,316,1461,1052,696,569,527,12169,28.644,0,2605,สุราษฎร์ธานีที่ 3 (เวียงสระ),สุราษฎร์ธานี
4009,300,บางหล่อ - อ่าวลึก,143+237,3161,2759,77,56,105,2861,596,668,586,424,11293,21.561,43,2223,พังงา,กระบี่
4010,100,หนองสวน - คำสน,4+000,1438,572,66,0,0,2671,169,105,82,14,5118,7.231,6,1301,สุราษฎร์ธานีที่ 2 (กาญจนดิษฐ์),สุราษฎร์ธานี
4011,100,เชิงสมอ - พุมเรียง,4+800,2250,1277,29,35,1,1036,271,130,30,8,5066,9.378,12,1642,สุราษฎร์ธานีที่ 1 ,สุราษฎร์ธานี
4012,100,หัวไทร - แพรกเมือง,3+000,2538,2301,10,9,1,1557,99,90,13,7,6625,3.31,19,1824,นครศรีธรรมราชที่ 1,นครศรีธรรมราช
4013,101,นครศรีธรรมราช - ปากพนัง,15+000,3753,3156,14,18,19,1034,586,367,215,119,9280,14.265,20,2010,นครศรีธรรมราชที่ 1,นครศรีธรรมราช
4013,101,นครศรีธรรมราช - ปากพนัง,26+782,2762,2448,26,22,15,1481,503,226,78,42,7602,11.644,36,2014,นครศรีธรรมราชที่ 1,นครศรีธรรมราช
4013,102,ปากพนัง - หัวไทร,61+463,1284,1116,27,21,17,2010,175,86,19,0,4755,6.678,4,2032,นครศรีธรรมราชที่ 1,นครศรีธรรมราช
4014,100,คลองเหลง - ขนอม,2+600,1527,1333,18,135,35,640,333,260,148,71,4501,21.847,2,906,นครศรีธรรมราชที่ 1,นครศรีธรรมราช
4015,100,บ้านตาล - เขาธง,0+500,7124,6586,1147,483,107,3491,1969,903,501,182,22495,18.43,44,3959,นครศรีธรรมราชที่ 1,นครศรีธรรมราช
4015,100,บ้านตาล - เขาธง,21+000,5361,4629,1019,40,48,2349,1317,669,336,177,15945,16.224,57,5000,นครศรีธรรมราชที่ 1,นครศรีธรรมราช
4015,300,ห้วยปริก - บ้านส้อง,91+837,3760,3730,0,0,0,3994,427,424,290,292,12917,11.096,0,2879,สุราษฎร์ธานีที่ 3 (เวียงสระ),สุราษฎร์ธานี
4015,201,เขาธง - ฉวาง,38+000,3269,3411,119,105,32,1424,319,246,175,144,9243,11.034,24,2644,นครศรีธรรมราชที่ 2 (ทุ่งสง),นครศรีธรรมราช
4015,202,ฉวาง - ห้วยปริก,61+645,2571,2545,43,49,30,1112,289,231,130,142,7142,12.186,61,2795,นครศรีธรรมราชที่ 2 (ทุ่งสง),นครศรีธรรมราช
4016,101,นครศรีธรรมราช - พรหมคีรี,8+200,9029,7810,4604,110,85,4724,1151,709,606,186,29014,9.813,36,10585,นครศรีธรรมราชที่ 1,นครศรีธรรมราช
4016,101,นครศรีธรรมราช - พรหมคีรี,11+500,6200,5592,453,11,0,3506,990,555,147,95,17551,10.249,29,4176,นครศรีธรรมราชที่ 1,นครศรีธรรมราช
4016,102,พรหมคีรี - นบพิตำ,32+000,2014,1520,67,41,0,1934,501,119,45,37,6277,11.827,2,1661,นครศรีธรรมราชที่ 1,นครศรีธรรมราช
4018,100,ทุ่งโป๊ะ - ไม้เสียบ,4+400,2041,1167,47,21,8,1966,328,315,273,161,6326,17.476,10,1556,นครศรีธรรมราชที่ 2 (ทุ่งสง),นครศรีธรรมราช
4018,100,ทุ่งโป๊ะ - ไม้เสียบ,16+777,2020,1255,29,16,15,2082,312,306,198,134,6366,15.393,10,1582,นครศรีธรรมราชที่ 2 (ทุ่งสง),นครศรีธรรมราช
4018,200,ไม้เสียบ - หัวถนน,29+562,898,914,35,2,0,1506,71,17,1,2,3447,2.717,15,2395,พัทลุง,พัทลุง
4018,200,ไม้เสียบ - หัวถนน,42+272,782,468,18,1,1,437,152,97,7,0,1964,13.14,44,1000,พัทลุง,พัทลุง
4019,100,ทุ่งใหญ่ - ช้างกลาง,6+300,1415,736,41,31,17,587,259,236,160,75,3558,21.894,1,1230,นครศรีธรรมราชที่ 2 (ทุ่งสง),นครศรีธรรมราช
4020,100,เมืองภูเก็ต - กะทู้,1+112,14419,1589,371,96,144,7102,300,191,35,13,24259,3.211,12,9835,ภูเก็ต,ภูเก็ต
4021,100,เมืองภูเก็ต - ห้าแยกฉลอง,0+651,9759,6134,95,96,96,5253,104,37,34,11,21619,1.749,60,11010,ภูเก็ต,ภูเก็ต
4022,100,โรงเรียนวิชิตสงคราม - สนามสุรกุล,0+200,3252,236,34,8,3,1945,24,5,0,0,5507,0.726,12,2428,ภูเก็ต,ภูเก็ต
4023,100,เมืองภูเก็ต - แหลมพันวา,6+800,4327,3213,55,51,48,2209,50,26,17,16,10013,2.087,55,3159,ภูเก็ต,ภูเก็ต
4023,100,เมืองภูเก็ต - แหลมพันวา,2+450,2478,2661,75,58,71,2260,54,32,22,16,7727,3.266,57,2594,ภูเก็ต,ภูเก็ต
4024,101,บางคู - ตีนเขา,11+037,25632,582,148,39,30,18199,95,88,37,34,44885,0.718,3,17354,ภูเก็ต,ภูเก็ต
4024,101,บางคู - ตีนเขา,2+000,14454,3247,88,91,64,12694,192,171,96,43,31142,2.112,11,8235,ภูเก็ต,ภูเก็ต
4024,102,ตีนเขา - หาดราไวย์,19+559,3607,3522,77,51,47,2263,34,27,18,11,9658,1.963,45,8523,ภูเก็ต,ภูเก็ต
4025,100,ท่าเรือ - เชิงทะเล,3+160,4839,4257,67,54,46,4632,51,27,13,11,13998,1.444,46,3868,ภูเก็ต,ภูเก็ต
4026,100,ทางเข้าสนามบินภูเก็ต,1+500,8849,1268,144,127,32,3850,102,39,41,16,14467,2.463,14,4073,ภูเก็ต,ภูเก็ต
4027,100,ท่าเรือ - เมืองใหม่,0+500,8622,833,85,75,41,10644,499,187,64,40,21090,4.3,62,8509,ภูเก็ต,ภูเก็ต
4028,100,ห้าแยกฉลอง - กะรน,0+500,4245,3843,58,42,34,3154,30,18,11,8,11445,1.257,36,6003,ภูเก็ต,ภูเก็ต
4029,100,กะทู้ - ป่าตอง,0+000,9718,5945,137,91,46,4549,40,29,15,9,20578,1.116,25,12702,ภูเก็ต,ภูเก็ต
4030,100,ถลาง - หาดราไวย์,24+140,6574,6455,69,47,47,4470,53,37,16,9,17776,1.169,41,6906,ภูเก็ต,ภูเก็ต
4030,100,ถลาง - หาดราไวย์,1+000,2879,2244,78,48,38,2097,46,32,18,13,7492,2.591,43,5281,ภูเก็ต,ภูเก็ต
4030,100,ถลาง - หาดราไวย์,13+950,2775,1444,77,43,43,2188,37,22,9,3,6641,2.373,38,3993,ภูเก็ต,ภูเก็ต
4031,100,มุดดอกขาว - สนามบินภูเก็ต,1+200,3435,1156,111,47,51,2835,120,58,42,15,7870,4.237,12,3193,ภูเก็ต,ภูเก็ต
4031,100,มุดดอกขาว - สนามบินภูเก็ต,10+722,2501,1578,0,0,0,1522,24,22,0,0,5648,0.809,0,1715,ภูเก็ต,ภูเก็ต
4032,101,บางไทร - ตำตัว,1+000,946,302,31,21,14,2023,91,24,8,0,3458,4.557,1,2376,ภูเก็ต,พังงา
4033,100,ในช่อง - ในไร่,3+000,1980,436,209,11,10,1341,86,72,66,22,4234,6.312,5,1108,กระบี่,กระบี่
4034,100,ปากน้ำกระบี่ - เขาทอง,11+400,3952,971,796,26,18,3046,129,94,35,8,9075,3.423,8,3607,กระบี่,กระบี่
4037,100,เหนือคลอง - สองแพรก,23+000,3746,2805,72,74,21,1928,316,289,421,217,9889,13.535,7,1968,กระบี่,กระบี่
4037,200,สองแพรก - ควนสว่าง,46+800,3206,3091,351,283,378,1077,603,320,323,214,9845,21.543,0,3247,สุราษฎร์ธานีที่ 3 (เวียงสระ),สุราษฎร์ธานี
4038,200,ทุ่งใหญ่ - วัดขนาน,55+683,1519,528,0,0,0,387,137,182,349,39,3141,22.509,18,1015,นครศรีธรรมราชที่ 2 (ทุ่งสง),นครศรีธรรมราช
4038,100,คลองท่อม - ทุ่งใหญ่,5+000,1383,991,62,94,38,1682,164,155,144,98,4812,14.408,5,1353,กระบี่,กระบี่
4038,100,คลองท่อม - ทุ่งใหญ่,48+000,1304,1111,32,26,16,1725,172,167,153,104,4811,13.272,8,1159,กระบี่,นครศรีธรรมราช
4041,100,บางผึ้ง - โคกยาง,2+000,789,448,54,5,0,1066,87,57,23,7,2534,7.03,24,1252,กระบี่,กระบี่
4045,100,บางรัก - ควนขัน,2+665,6732,4210,94,86,80,8626,310,219,99,54,20509,4.132,12,8260,ตรัง,ตรัง
4046,101,ตรัง - สิเกา,9+479,5541,4984,0,0,0,7216,905,718,627,548,20540,13.623,344,4862,ตรัง,ตรัง
4046,102,ถนนเลี่ยงเมืองสิเกา,32+879,3445,3025,0,0,0,3773,649,535,469,417,12313,16.807,304,2572,ตรัง,ตรัง
4046,200,สิเกา - ควนกุน,41+865,2281,401,34,1,1,853,150,183,187,101,4192,14.85,0,1262,กระบี่,ตรัง
4047,100,ลำปำ - พัทลุง,4+560,3795,3648,55,101,27,2623,89,70,7,2,10417,2.84,15,2923,พัทลุง,พัทลุง
4048,100,สี่แยกช่องโก - ทุ่งข่า,2+100,5000,4992,63,22,0,3957,54,40,7,1,14136,0.873,16,5441,พัทลุง,พัทลุง
4049,100,ห้วยทราย - ปากพะยูน,18+200,942,171,14,1,0,2072,482,154,110,7,3953,19.07,8,1960,พัทลุง,พัทลุง
4051,100,นาลาน - เจ๊ะบิลัง,1+000,3218,3491,40,40,1,2964,248,142,42,9,10196,4.727,46,3660,สตูล,สตูล
4052,100,เขาขาว - ท่าเรือปากบารา,3+663,4144,4426,77,90,23,3296,316,178,72,11,12633,5.47,83,4412,สตูล,สตูล
4053,100,ควนเนียง - ปากบาง,2+300,1027,1142,51,42,15,225,96,49,24,15,2686,8.971,3,1549,สตูล,สงขลา
4054,100,สะเดา - มาเลเซีย(เขตแดนไทย/มาเลเซีย),6+000,2501,1470,105,169,14,3161,195,295,270,632,8811,17.861,4,2393,สงขลาที่ 2 (นาหม่อม),สงขลา
4055,101,นราธิวาส - มะนังตายอ,4+892,2248,2016,19,7,8,1848,13,13,11,8,6190,0.959,64,2137,นราธิวาส,นราธิวาส
4055,102,มะนังตายอ - จือมอ,23+736,2159,1773,29,0,0,1927,310,305,25,23,6549,10.115,14,4811,นราธิวาส,นราธิวาส
4055,102,มะนังตายอ - จือมอ,34+536,1681,1477,17,0,0,1833,316,315,7,6,5652,11.396,13,4212,นราธิวาส,นราธิวาส
4055,103,จือมอ - สุคิริน,64+436,1473,1359,0,0,0,1825,0,0,0,0,4657,0,0,1497,นราธิวาส,นราธิวาส
4056,103,บ้านโคก - สุไหงโก - ลก,52+880,9623,4868,17,0,0,5315,29,26,30,15,19923,0.499,21,15073,นราธิวาส,นราธิวาส
4056,102,โคกสุมุ - บ้านโคก,6+633,5374,3375,15,0,0,2558,289,289,17,26,11943,5.202,10,4581,นราธิวาส,นราธิวาส
4056,103,บ้านโคก - สุไหงโก - ลก,42+400,3206,3192,0,0,0,3081,42,40,34,10,9606,1.32,21,5294,นราธิวาส,นราธิวาส
4057,100,สุไหงโก - ลก - บูเก๊ะตา(เขตแดนไทย/มาเลเซีย),16+377,2562,2621,0,0,0,2628,19,0,0,0,7830,0.248,20,4720,นราธิวาส,นราธิวาส
4057,100,สุไหงโก - ลก - บูเก๊ะตา(เขตแดนไทย/มาเลเซีย),1+677,2459,2427,0,0,0,2631,6,21,0,0,7544,0.348,22,4954,นราธิวาส,นราธิวาส
4058,101,ยี่งอ - มะรือโบ,4+011,2046,2104,72,0,0,1331,192,252,101,0,6097,8.936,52,1734,นราธิวาส,นราธิวาส
4058,102,มะรือโบ - รือเสาะ,27+546,1217,926,0,0,1,561,9,11,6,3,2735,1.127,16,1497,นราธิวาส,นราธิวาส
4060,200,กะรุบี - ตะโล๊ะหะลอ,25+400,2232,865,17,0,3,412,50,24,8,6,3617,2.526,2,2360,ยะลา,ยะลา
4060,300,ตะโล๊ะหะลอ - ศรีสาคร,34+050,1455,958,2,0,0,305,13,13,3,2,2751,1.121,17,1545,นราธิวาส,นราธิวาส
4060,100,สายบุรี - กะรุบี,2+000,1071,926,34,14,0,305,318,185,27,23,2903,19.512,12,924,ปัตตานี,ปัตตานี
4061,101,ยะรัง - สะกำ,3+200,1417,1366,17,19,7,49,35,26,15,0,2952,3.482,13,1841,ปัตตานี,ปัตตานี
4063,100,ปารามีแต - โกตาบารู,6+400,5375,5391,31,33,0,2422,1269,605,249,62,15437,14.368,44,4543,ยะลา,ยะลา
4065,100,บ้านเนียง - ยะหา,3+200,7121,1005,64,22,6,2601,267,258,103,97,11543,6.52,23,5175,ยะลา,ยะลา
4066,100,โกตาบารู - บือเล็งใต้,5+472,3668,1745,40,0,3,1365,224,155,55,35,7291,6.485,3,3035,ยะลา,ยะลา
4066,100,โกตาบารู - บือเล็งใต้,11+486,1693,1273,0,0,0,757,316,199,101,51,4390,15.193,0,1954,ยะลา,ยะลา
4067,100,โกตาบารู - แบหอ,0+400,1561,1280,18,30,0,428,217,130,81,34,3780,13.021,14,2915,ยะลา,ยะลา
4068,100,ลำใหม่ - ลำพะยา,4+500,368,51,0,0,0,441,51,81,11,7,1011,14.915,8,1047,ยะลา,ยะลา
4070,100,ยะหา - บาละ,2+054,2723,1530,26,24,5,2164,270,191,104,132,7169,10.116,3,3792,ยะลา,ยะลา
4071,200,วังพญา - พิเทน,21+000,1308,1353,26,16,23,30,11,13,2,2,2784,2.42,16,1437,ปัตตานี,ปัตตานี
4071,100,โกตาบารู - วังพญา,5+000,917,763,14,2,8,527,182,57,30,13,2511,11.596,37,1393,ยะลา,ยะลา
4074,100,กะลาพอ - ปากู,2+000,833,576,77,0,0,706,128,132,18,8,2477,11.572,28,995,ปัตตานี,ปัตตานี
4075,100,ตอหลัง - บ้านนอก,5+800,426,200,21,10,10,69,35,19,2,2,795,10.057,13,613,ปัตตานี,ปัตตานี
4077,101,ยะหา - บาจุ,4+500,2671,1889,0,0,0,1003,91,98,48,9,5810,4.246,84,3013,ยะลา,ยะลา
4081,100,ท่านางพรหม - จงเก,12+500,1836,737,194,48,11,529,140,156,42,16,3711,11.173,28,1205,พัทลุง,พัทลุง
4081,100,ท่านางพรหม - จงเก,2+582,1599,1018,11,3,7,1950,114,45,41,6,4793,4.503,0,1589,พัทลุง,พัทลุง
4082,100,ยะลา - โต๊ะปะเก๊ะ,1+335,5912,942,112,16,2,2087,258,77,17,19,9442,4.125,14,5448,ยะลา,ยะลา
4083,100,ทางเข้าระโนด,1+000,2651,1134,49,169,13,6087,226,87,32,8,10456,5.112,11,6026,สงขลาที่ 1,สงขลา
4084,102,นราธิวาส - สะปอม,9+955,2486,1776,42,11,2,2514,43,42,29,22,6968,2.147,81,3721,นราธิวาส,นราธิวาส
4085,100,ปากน้ำเทพา - ธารคีรี,8+105,2028,1233,35,8,1,3286,392,335,127,196,7642,13.854,33,2658,สงขลาที่ 2 (นาหม่อม),สงขลา
4085,100,ปากน้ำเทพา - ธารคีรี,19+950,943,536,0,0,0,2265,175,146,146,34,4245,11.811,4,1374,สงขลาที่ 2 (นาหม่อม),สงขลา
4085,100,ปากน้ำเทพา - ธารคีรี,45+100,780,630,1,5,1,1288,73,43,48,54,2924,7.656,7,1498,สงขลาที่ 2 (นาหม่อม),สงขลา
4089,100,เตาปูน - ท่าสาป,0+209,2665,308,0,0,0,1011,154,168,104,74,4484,11.156,51,2099,ยะลา,ยะลา
4090,100,นบปริง - นิคม,1+520,1680,987,296,116,53,3577,177,142,198,39,7264,9.969,14,1192,พังงา,พังงา
4090,200,นิคม - หินดาน,30+600,1074,409,19,23,13,1936,96,85,90,45,3788,9.255,5,871,ภูเก็ต,พังงา
4091,102,เขาค่าย - เขาปีบ,59+373,4348,199,6,27,14,1537,226,73,53,31,6513,6.505,14,1649,ระนอง,ชุมพร
4091,101,บางสีกิ้ม - เขาค่าย,43+173,1024,164,0,0,0,959,148,25,8,3,2333,7.93,5,782,ระนอง,ระนอง
4091,101,บางสีกิ้ม - เขาค่าย,2+500,491,168,2,0,0,598,55,22,5,0,1341,6.048,11,748,ระนอง,ระนอง
4091,101,บางสีกิ้ม - เขาค่าย,19+088,354,73,10,2,0,394,35,0,2,0,871,4.587,68,314,ระนอง,ระนอง
4092,200,จะรังตาดง - มายอ,30+000,1056,1067,24,15,13,30,34,18,17,6,2280,4.509,14,1490,ปัตตานี,ปัตตานี
4092,100,รามัน - จะรังตาดง,14+300,325,190,1,0,0,324,43,51,16,2,954,11.856,27,689,ยะลา,ยะลา
4094,101,บ่อล้อ - เชียรใหญ่,2+000,2715,2300,104,57,37,1349,191,158,80,51,7041,8.143,18,2170,นครศรีธรรมราชที่ 1,นครศรีธรรมราช
4094,102,เชียรใหญ่ - ปากพนัง,29+550,1868,1453,59,19,3,393,104,66,18,18,4003,5.735,34,2172,นครศรีธรรมราชที่ 1,นครศรีธรรมราช
4095,100,สะบ้าย้อย - เขาแดง,1+050,965,426,18,5,3,2526,94,54,43,13,4147,5.095,0,2733,สงขลาที่ 2 (นาหม่อม),สงขลา
4098,100,เขามัทรี - หาดทรายรี,2+600,1064,335,71,13,17,1520,25,75,18,21,3159,5.351,9,1383,ชุมพร,ชุมพร
4099,100,เขาม่วง - วัดแหลมทราย,5+500,708,65,7,8,0,807,114,37,2,3,1752,9.387,33,865,ชุมพร,ชุมพร
4100,100,ทำเนียบ - คีรีรัฐนิคม,0+500,1454,1038,14,1,0,1131,112,61,46,9,3865,5.91,16,951,สุราษฎร์ธานีที่ 1 ,สุราษฎร์ธานี
4103,102,เบญจม - จังหูน,23+500,9011,2886,96,14,27,7175,916,432,247,161,20964,8.569,17,3474,นครศรีธรรมราชที่ 1,นครศรีธรรมราช
4103,101,ปากพูน - เบญจม,9+000,6920,6234,239,107,79,4688,605,318,180,120,19490,7.231,40,4003,นครศรีธรรมราชที่ 1,นครศรีธรรมราช
4103,102,เบญจม - จังหูน,30+799,2790,569,18,5,5,2644,479,153,132,97,6891,12.628,5,1304,นครศรีธรรมราชที่ 1,นครศรีธรรมราช
4107,100,มะรือโบ - ตันหยงมัส,5+500,2255,1971,0,0,0,1551,351,346,0,0,6473,10.762,13,1995,นราธิวาส,นราธิวาส
4110,200,บางรูป - พระแสง,84+733,2470,3110,196,230,0,943,531,246,216,176,8118,17.22,0,2292,สุราษฎร์ธานีที่ 3 (เวียงสระ),สุราษฎร์ธานี
4110,101,ทุ่งสง - ทุ่งใหญ่,42+870,1174,223,30,8,6,345,75,86,42,14,2002,11.523,8,961,นครศรีธรรมราชที่ 2 (ทุ่งสง),นครศรีธรรมราช
4110,102,ทุ่งใหญ่ - บางรูป,53+733,1018,818,19,3,5,377,363,415,264,113,3394,34.253,30,941,นครศรีธรรมราชที่ 2 (ทุ่งสง),นครศรีธรรมราช
4112,100,สี่แยกละแม - สวนแตง,0+222,1956,670,88,101,63,2211,138,112,75,73,5488,10.239,5,1424,ชุมพร,ชุมพร
4112,202,ไชยา - พุนพิน,89+572,1568,1621,56,33,22,1191,264,254,48,37,5093,12.895,25,1006,สุราษฎร์ธานีที่ 1 ,สุราษฎร์ธานี
4112,201,สวนแตง - ไชยา,42+718,1331,661,54,11,2,1526,224,140,70,24,4043,11.667,11,1329,สุราษฎร์ธานีที่ 1 ,สุราษฎร์ธานี
4112,201,สวนแตง - ไชยา,22+972,1158,1343,2,14,0,805,161,56,21,1,3561,7.088,15,1300,สุราษฎร์ธานีที่ 1 ,สุราษฎร์ธานี
4113,100,ประกอบ - บ้านวัด,0+400,383,357,0,13,0,357,16,0,0,2,1128,2.733,0,1658,สงขลาที่ 2 (นาหม่อม),สงขลา
4114,100,สมอทอง - ชายทะเล,3+000,3996,851,90,49,2,669,308,160,75,27,6229,9.993,14,2259,สุราษฎร์ธานีที่ 1 ,สุราษฎร์ธานี
4115,102,กรือซอ - แว้ง,12+580,2490,2083,0,0,0,2322,0,0,0,0,6895,0,17,3899,นราธิวาส,นราธิวาส
4116,100,โคกบก - บ่อน้ำร้อน,2+950,5186,1671,64,31,0,1421,512,198,166,55,9302,10.325,2,2153,นครศรีธรรมราชที่ 2 (ทุ่งสง),นครศรีธรรมราช
4118,100,บางเหรียง - พนม,3+000,1450,354,16,216,10,468,179,101,34,5,2834,19.226,9,994,พังงา,พังงา
4118,100,บางเหรียง - พนม,40+000,1316,113,2,39,10,1230,174,88,29,1,3001,11.339,1,923,พังงา,สุราษฎร์ธานี
4119,100,ปากคลอง - ปากน้ำชุมพร,0+565,4105,368,58,7,32,5492,359,188,53,3,10665,6.018,38,4239,ชุมพร,ชุมพร
4121,100,แม่ขรี - โหล๊ะจังกระ,1+550,1420,841,2,0,0,2404,380,116,19,13,5195,10.178,7,2792,พัทลุง,พัทลุง
4122,102,โหล๊ะจังกระ - บ้านนา,63+450,1557,190,48,2,2,1511,91,26,9,5,3441,3.95,3,1165,พัทลุง,พัทลุง
4122,101,ป่าบอนเหนือ - โหล๊ะจังกระ,1+500,558,217,0,1,0,1648,61,23,27,22,2557,5.226,2,1966,พัทลุง,พัทลุง
4123,100,บ้านโพธิ์ - ห้วยยอด,0+950,2670,741,23,6,1,2049,87,23,0,1,5601,2.1,6,3921,ตรัง,ตรัง
4124,100,นาโยงเหนือ - ย่านตาขาว,8+650,1309,376,3,3,0,3319,198,88,39,16,5351,6.425,25,3879,ตรัง,ตรัง
4125,100,ท่าพญา - ทุ่งยาว,5+000,2243,1,18,1,8,222,153,166,183,3,2998,17.143,352,2066,สตูล,ตรัง
4133,102,ควนสามัคคี - พระแสง,45+000,3556,1589,266,211,0,1182,537,249,216,200,8006,17.646,0,2819,สุราษฎร์ธานีที่ 3 (เวียงสระ),สุราษฎร์ธานี
4133,101,ท่าโรงช้าง - ควนสามัคคี,16+700,1977,138,31,5,2,2382,101,111,54,19,4820,6.043,3,2371,สุราษฎร์ธานีที่ 3 (เวียงสระ),สุราษฎร์ธานี
4134,100,หลังสวน - ละแม,7+500,485,136,2,1,0,1557,136,32,29,6,2384,8.529,9,962,ชุมพร,ชุมพร
4135,100,ทางเข้าสนามบินหาดใหญ่,1+900,13948,8779,193,248,83,10534,359,315,190,174,34823,3.929,48,5495,สงขลาที่ 1,สงขลา
4135,100,ทางเข้าสนามบินหาดใหญ่,5+300,12849,8858,241,198,105,13536,609,463,162,160,37180,4.562,49,6042,สงขลาที่ 1,สงขลา
4136,101,นราธิวาส - ปาเซปูเต๊ะ,2+000,2097,1819,18,9,5,1674,10,8,5,3,5649,0.708,66,2547,นราธิวาส,นราธิวาส
4137,100,ทุ่งตำเสา - สวนเทศ,1+000,2298,1525,77,88,26,2014,244,228,108,128,6736,12.224,16,1942,สตูล,สตูล
4138,100,โคกสัก - หาดไข่เต่า,3+700,951,262,0,0,0,1695,80,64,8,1,3061,5,1,803,พัทลุง,พัทลุง
4140,100,ท่าศาลา - นบพิตำ,1+100,2300,1469,25,7,0,2678,495,405,203,126,7708,16.032,10,2277,นครศรีธรรมราชที่ 1,นครศรีธรรมราช
4141,100,หน้าทับ - ทอนหงส์,6+700,1618,1104,18,8,0,1663,434,278,10,0,5134,14.216,30,2304,นครศรีธรรมราชที่ 1,นครศรีธรรมราช
4142,100,บ้านใน - บ้านโฉ,19+500,3266,2845,78,65,69,2928,352,200,129,64,9996,8.787,6,2613,สุราษฎร์ธานีที่ 2 (กาญจนดิษฐ์),สุราษฎร์ธานี
4142,100,บ้านใน - บ้านโฉ,30+300,1830,1514,81,71,53,2189,105,86,67,35,6031,6.912,7,1552,สุราษฎร์ธานีที่ 2 (กาญจนดิษฐ์),สุราษฎร์ธานี
4143,100,ซอยสิบ - บ้านกรูด,1+000,899,693,153,59,45,1099,440,461,399,136,4383,35.122,44,828,สุราษฎร์ธานีที่ 2 (กาญจนดิษฐ์),สุราษฎร์ธานี
4144,100,ภูงา - อ่าวพังงา,0+050,634,106,51,0,14,948,19,7,0,0,1779,2.246,2,980,พังงา,พังงา
4145,100,คลองแงะ - บาโรย,1+800,1456,444,30,74,1,2661,226,116,90,280,5379,14.65,6,1600,สงขลาที่ 2 (นาหม่อม),สงขลา
4147,100,ลำแก่น - ทับละมุ,1+250,1854,1852,405,40,22,683,112,102,2,0,5072,5.472,4,2082,ภูเก็ต,พังงา
4150,100,หัวไทร - ปากเหมือง,2+000,1198,938,41,15,9,680,274,153,59,24,3391,15.763,16,1243,นครศรีธรรมราชที่ 1,นครศรีธรรมราช
4151,300,น้ำตก - กะปาง,60+693,2998,622,99,72,99,3439,686,316,37,0,8369,14.465,125,2735,ตรัง,ตรัง
4151,100,บ่อล้อ - กุมแป,2+600,2723,789,27,19,19,280,407,274,262,232,5032,24.103,3,997,นครศรีธรรมราชที่ 1,นครศรีธรรมราช
4151,201,กุมแป - ควนหนองหงส์,14+800,2007,1465,21,7,13,2141,705,757,641,586,8342,32.462,18,1641,นครศรีธรรมราชที่ 2 (ทุ่งสง),นครศรีธรรมราช
4151,202,ควนหนองหงส์ - น้ำตก,28+300,1766,1315,14,0,0,1784,464,512,240,155,6248,21.934,20,1412,นครศรีธรรมราชที่ 2 (ทุ่งสง),นครศรีธรรมราช
4151,203,กะปาง - บางขัน,72+543,1474,346,1,19,3,1501,400,164,232,83,4225,21.357,0,878,นครศรีธรรมราชที่ 2 (ทุ่งสง),นครศรีธรรมราช
4151,400,บางขัน - ลำทับ,85+400,1391,747,93,67,21,1612,315,297,464,179,5185,25.903,5,1192,กระบี่,นครศรีธรรมราช
4152,100,บางชุมโถ - วัดประดู่,0+100,1368,614,195,41,0,1321,190,128,51,2,3912,10.54,43,1426,สุราษฎร์ธานีที่ 1 ,สุราษฎร์ธานี
4153,100,หนองขรี - เทศบาลเมืองท่าข้าม,4+000,6033,5701,202,246,240,12961,1060,946,402,217,28007,11.104,53,2926,สุราษฎร์ธานีที่ 1 ,สุราษฎร์ธานี
4154,100,ทางเข้าคันธุลี,3+500,718,548,21,2,5,665,183,82,66,13,2302,15.228,5,935,สุราษฎร์ธานีที่ 1 ,สุราษฎร์ธานี
4155,100,บาเจาะ - บ้านทอน,0+800,1296,1171,8,0,0,1058,8,6,2,1,3550,0.483,49,1808,นราธิวาส,นราธิวาส
4156,100,เขาพนม - ทุ่งใหญ่,5+000,1657,849,112,13,7,3568,249,158,266,97,6975,11.315,6,1966,กระบี่,กระบี่
4156,100,เขาพนม - ทุ่งใหญ่,36+200,814,428,90,6,6,3282,145,97,154,71,5094,9.395,3,1888,กระบี่,นครศรีธรรมราช
4157,101,ละหาร - บางเก่า,7+535,929,927,34,13,0,214,212,88,43,41,2501,15.89,11,822,ปัตตานี,ปัตตานี
4157,101,ละหาร - บางเก่า,1+200,836,781,19,2,0,379,81,1,0,0,2100,4.024,6,876,ปัตตานี,ปัตตานี
4158,100,คลองเต็ง - เขาวิเศษ,4+100,3471,2066,0,0,0,7325,531,619,540,489,15041,14.487,279,4326,ตรัง,ตรัง
4159,100,นาวง - ต้นชด,2+800,2786,970,9,7,7,4952,410,310,287,183,9919,12.124,254,2764,ตรัง,ตรัง
4161,100,สิชล - จอมทอง,4+500,846,757,1,0,0,582,37,35,8,0,2267,3.526,9,1058,นครศรีธรรมราชที่ 1,นครศรีธรรมราช
4162,100,ต้นมะม่วง - ปากเมง,2+800,3223,1150,0,0,0,4968,365,247,250,185,10389,10.081,274,3752,ตรัง,ตรัง
4163,102,เขาปู่ - ป่าพะยอม,45+175,1108,594,2,2,3,255,63,22,7,2,2058,4.828,5,1575,พัทลุง,พัทลุง
4163,102,เขาปู่ - ป่าพะยอม,50+000,756,572,9,0,0,1383,77,35,5,1,2838,4.145,2,1701,พัทลุง,พัทลุง
4163,101,ควนดินสอ - เขาปู่,26+700,429,182,16,5,0,496,55,10,7,2,1201,6.559,16,700,พัทลุง,พัทลุง
4164,100,สี่แยกโพธิ์ทอง - เขาปู่,3+170,2059,1102,27,8,14,1140,155,90,45,13,4653,6.971,6,1737,พัทลุง,พัทลุง
4165,100,ชะอวด - บ้านตูล,7+500,1765,1367,40,8,13,2130,479,444,305,234,6784,21.852,25,1371,นครศรีธรรมราชที่ 2 (ทุ่งสง),นครศรีธรรมราช
4167,100,ป่าไหม้ - ไทรทอง,7+000,645,531,21,0,0,139,127,63,0,0,1526,12.425,13,495,ปัตตานี,ปัตตานี
4168,100,ต้นไทร - ปะลุกาสาเมาะ,2+500,1937,1598,0,0,0,1259,903,304,170,0,6171,22.321,53,2052,นราธิวาส,นราธิวาส
4169,100,ทางรอบเกาะสมุย,3+500,9201,3941,147,26,10,4043,361,272,39,10,18051,3.98,73,6547,สุราษฎร์ธานีที่ 2 (กาญจนดิษฐ์),สุราษฎร์ธานี
4170,100,สระเกศ - หัวถนน,6+000,1422,863,69,14,5,460,71,29,6,0,2937,4.199,23,1585,สุราษฎร์ธานีที่ 2 (กาญจนดิษฐ์),สุราษฎร์ธานี
4174,100,ลิปะน้อย - แหลมโจรคร่ำ,1+500,1666,915,26,16,2,815,156,148,79,13,3837,10.804,23,1852,สุราษฎร์ธานีที่ 2 (กาญจนดิษฐ์),สุราษฎร์ธานี
4176,100,ปะแต - บาละ,0+500,937,289,0,0,0,463,40,1,0,0,1729,2.378,0,1990,ยะลา,ยะลา
4177,100,เขาหมอน - บ้านพ่วง,4+000,1464,640,2,0,0,1755,143,129,101,0,4234,8.794,0,1285,สุราษฎร์ธานีที่ 2 (กาญจนดิษฐ์),สุราษฎร์ธานี
4178,100,น้ำเกลี้ยง - หนองดุก,10+000,1211,1044,0,0,0,1551,257,271,198,122,4653,18.213,0,1127,สุราษฎร์ธานีที่ 2 (กาญจนดิษฐ์),สุราษฎร์ธานี
4181,100,โคกทราย - ปากพะยูน,23+500,1352,1193,123,135,1,1823,381,168,31,3,5211,13.807,21,1352,พัทลุง,พัทลุง
4184,100,ควนสตอ - ด่านชายแดนวังประจัน(เขตแดนไทย/มาเลเซีย),3+500,1323,542,185,79,43,1116,61,32,11,2,3394,6.729,33,1836,สตูล,สตูล
4185,100,คชาธาร - วัดมูลเหล็ก,1+000,2410,1006,8,1,0,660,270,249,96,22,4721,13.498,6,1530,สุราษฎร์ธานีที่ 1 ,สุราษฎร์ธานี
4186,100,โรงเหล็ก - ห้วยพาน,0+500,1301,1008,49,21,3,2057,345,419,124,25,5353,17.517,41,1868,นครศรีธรรมราชที่ 1,นครศรีธรรมราช
4187,101,สี่แยกโพธิ์ทอง - ควนขนุน,1+443,2138,1979,30,0,0,1915,69,86,1,2,6220,2.534,20,1500,พัทลุง,พัทลุง
4188,100,ห้วยพาน - น้ำตกกรุงชิง,1+000,536,397,37,5,5,854,93,21,2,1,1950,6.444,2,1012,นครศรีธรรมราชที่ 1,นครศรีธรรมราช
4189,100,ท่าพุด - ยอดเหลือง,0+500,889,94,31,17,11,273,160,79,39,30,1622,20.704,30,849,นครศรีธรรมราชที่ 1,นครศรีธรรมราช
4191,100,ไชยา - เขาหลัก,6+182,2196,2031,22,15,11,1198,240,128,74,49,5964,8.675,14,1136,สุราษฎร์ธานีที่ 1 ,สุราษฎร์ธานี
4191,100,ไชยา - เขาหลัก,22+149,1715,1683,33,29,1,1750,191,188,79,22,5691,8.95,11,1299,สุราษฎร์ธานีที่ 1 ,สุราษฎร์ธานี
4192,100,เกาะมุกข์ - โมถ่าย,6+500,1721,1655,38,0,0,1662,433,302,71,49,5930,14.407,2,1173,สุราษฎร์ธานีที่ 1 ,สุราษฎร์ธานี
4193,100,สุไหงปาดี - บือเลาะ,4+000,2193,2304,0,0,0,2444,0,0,0,0,6941,0,21,3989,นราธิวาส,นราธิวาส
4194,100,ควนสงสาร - กระทูน,1+700,1356,1790,30,0,0,254,198,37,9,5,3676,6.741,16,1469,นครศรีธรรมราชที่ 2 (ทุ่งสง),นครศรีธรรมราช
4194,100,ควนสงสาร - กระทูน,25+607,1096,935,65,26,26,642,360,126,45,30,3351,18.269,125,1358,นครศรีธรรมราชที่ 2 (ทุ่งสง),นครศรีธรรมราช
4195,100,ควนลำภู - จันดี,0+500,2043,589,81,17,2,806,226,107,72,82,4027,12.592,2,868,นครศรีธรรมราชที่ 2 (ทุ่งสง),นครศรีธรรมราช
4195,100,ควนลำภู - จันดี,13+698,1721,646,45,98,19,458,153,81,50,31,3303,13.105,19,1261,นครศรีธรรมราชที่ 2 (ทุ่งสง),นครศรีธรรมราช
4197,100,เขาต่อ - ปลายพระยา,11+000,2694,2651,55,66,78,2888,587,725,555,521,10820,23.401,38,2379,พังงา,กระบี่
4198,100,เขาสวนทุเรียน - อ่าวมะม่วง,0+500,517,349,0,0,0,2127,15,11,7,0,3027,1.094,16,1565,ชุมพร,ชุมพร
4199,100,บ่อพระ - ควนสามัคคี,3+000,3168,2870,573,218,104,621,552,204,182,158,8650,16.385,0,2636,สุราษฎร์ธานีที่ 3 (เวียงสระ),สุราษฎร์ธานี
4201,100,ช่องพลี - อ่าวพระนาง,2+000,2305,1510,137,64,13,2066,66,2,2,0,6165,2.39,3,3057,กระบี่,กระบี่
4202,100,ช่องพลี - หาดนพรัตน์ธารา,4+000,3363,2147,556,32,17,2861,142,8,0,2,9129,2.202,11,5056,กระบี่,กระบี่
4203,100,อ่าวน้ำเมา - หาดนพรัตน์ธารา,4+000,4700,345,1342,30,45,2541,136,2,0,0,9140,2.324,35,5708,กระบี่,กระบี่
4204,100,ไสไทย - สุสานหอย75ล้านปี,3+000,2475,552,246,33,21,2057,208,29,1,2,5623,5.22,9,2253,กระบี่,กระบี่
4206,100,ห้วยน้ำขาว - เกาะกลาง,3+000,1599,1398,252,22,3,3241,235,127,71,15,6963,6.79,9,1369,กระบี่,กระบี่
4207,100,สุคิริน - โต๊ะโม๊ะ,1+900,1648,1307,0,0,0,1805,0,0,0,0,4759,0,0,1818,นราธิวาส,นราธิวาส
4208,100,ทางเข้าสถานีรถไฟบางกล่ำ,3+000,1797,871,32,21,22,166,150,136,135,115,3443,16.783,166,1107,สงขลาที่ 1,สงขลา
4211,100,แก้วแสน - นาบอน,0+500,713,321,5,0,0,160,71,31,25,21,1345,10.951,14,527,นครศรีธรรมราชที่ 2 (ทุ่งสง),นครศรีธรรมราช
4213,100,บางอิฐ - บางเทพ,0+050,4470,2932,104,73,62,1634,1163,2816,1929,1112,16295,43.909,40,1021,สุราษฎร์ธานีที่ 1 ,สุราษฎร์ธานี
4214,100,เขาขาว - บางขัน,0+500,632,299,5,6,7,364,65,23,17,10,1428,8.96,11,766,นครศรีธรรมราชที่ 2 (ทุ่งสง),นครศรีธรรมราช
4217,100,ดุซงญอ - ไอร์ตากอ,1+000,2049,2034,0,0,0,1803,335,325,9,0,6556,10.209,10,1945,นราธิวาส,นราธิวาส
4219,100,ปลายหลิก - ทับใหม่,8+000,2828,249,75,1,2,596,89,41,35,7,3924,4.482,4,1540,สุราษฎร์ธานีที่ 3 (เวียงสระ),สุราษฎร์ธานี
4223,100,ห้วยพุน - พุมเรียง,5+700,1063,420,24,11,0,666,225,89,32,2,2533,14.202,17,995,สุราษฎร์ธานีที่ 1 ,สุราษฎร์ธานี
4225,100,สวนปาล์ม - คลองชี,1+300,410,102,0,0,0,618,116,108,72,46,1472,23.274,0,815,กระบี่,กระบี่
4225,100,สวนปาล์ม - คลองชี,31+500,218,66,0,0,0,1013,78,72,11,0,1458,11.042,5,957,กระบี่,ตรัง
4225,100,สวนปาล์ม - คลองชี,17+700,196,65,0,0,0,854,116,71,31,1,1335,16.424,0,866,กระบี่,นครศรีธรรมราช
4227,100,สำนักขัน - เหนือคลอง,1+700,565,613,2,0,0,361,45,15,7,1,1609,4.187,10,1000,นครศรีธรรมราชที่ 2 (ทุ่งสง),นครศรีธรรมราช
4228,100,ถ้ำพรรณรา - ทานพอ,3+000,2623,388,2,0,0,198,98,51,130,37,3528,8.967,0,1626,นครศรีธรรมราชที่ 2 (ทุ่งสง),นครศรีธรรมราช
4229,100,ช่องช้าง - นาสาร,17+000,3572,3561,0,0,0,3601,199,184,0,0,11117,3.442,0,2883,สุราษฎร์ธานีที่ 3 (เวียงสระ),สุราษฎร์ธานี
4230,100,ควนไม้แดง - มะนาวหวาน,10+307,2350,251,47,17,8,185,185,116,95,75,3330,14.918,36,1432,นครศรีธรรมราชที่ 2 (ทุ่งสง),นครศรีธรรมราช
4232,100,ขนอม - ในเพลา,2+000,885,689,10,15,3,554,86,48,5,1,2296,6.866,30,861,นครศรีธรรมราชที่ 1,นครศรีธรรมราช
4234,100,บนเนิน - ท่าเทียบเรือประมงปากพนัง,0+500,2237,2053,0,0,0,511,129,56,16,0,5002,4.018,12,1919,นครศรีธรรมราชที่ 1,นครศรีธรรมราช
4235,100,บ้านนา - ปากปรน - บกหัก,1+300,2527,2429,413,195,182,4115,364,278,176,134,10813,12.283,160,3333,ตรัง,ตรัง
4235,100,บ้านนา - ปากปรน - บกหัก,30+288,426,238,0,0,0,1032,121,75,23,23,1938,12.493,45,1416,ตรัง,ตรัง
4236,100,ถนนแพรก - ลำนาว,1+400,628,425,5,0,0,1102,216,140,54,23,2593,16.696,3,1026,กระบี่,ตรัง
4236,100,ถนนแพรก - ลำนาว,37+380,156,80,16,0,0,914,94,62,11,3,1336,12.735,3,854,กระบี่,นครศรีธรรมราช
4237,100,แม่ขรี - ตะโหมด,2+400,1572,677,8,7,0,329,132,19,5,2,2751,6.019,11,1552,พัทลุง,พัทลุง
4238,100,ไม้หลา - ลานสกา,1+737,3005,2826,116,9,2,2107,1079,461,49,31,9686,16.849,9,2508,นครศรีธรรมราชที่ 1,นครศรีธรรมราช
4240,100,ทุ่งมะพร้าว - สามแยกนิคม,1+200,1670,1600,33,11,7,1310,126,96,61,46,4959,6.978,1,1874,ภูเก็ต,พังงา
4241,100,สุคิริน - ไอร์ตากอ,1+275,1895,1453,0,0,0,2109,0,0,0,0,5457,0,0,1998,นราธิวาส,นราธิวาส
4243,100,สะเดา - สะท้อน,3+536,1036,750,31,21,2,1092,14,1,3,0,2950,1.394,0,1096,สงขลาที่ 2 (นาหม่อม),สงขลา
4243,100,สะเดา - สะท้อน,32+360,198,268,6,3,6,101,37,3,0,0,621,7.904,7,707,สงขลาที่ 2 (นาหม่อม),สงขลา
4244,100,เบตง - ซาโห่,1+000,215,155,0,0,0,137,70,0,0,0,577,12.079,0,610,ยะลา,ยะลา
4246,100,เขาวง - หน้าเขา,3+000,1077,147,0,1,0,930,46,35,19,5,2260,4.699,4,775,สุราษฎร์ธานีที่ 3 (เวียงสระ),สุราษฎร์ธานี
4247,100,หนองไทร - ยวนสาว,13+000,2213,1679,32,10,1,1207,347,208,62,13,5772,11.1,17,1162,สุราษฎร์ธานีที่ 1 ,สุราษฎร์ธานี
4248,100,ท่าเรือใต้ - เขาหัวควาย,4+000,1052,640,33,93,15,1552,105,98,42,48,3678,10.901,25,1182,สุราษฎร์ธานีที่ 2 (กาญจนดิษฐ์),สุราษฎร์ธานี
4251,100,ห้วยไผ่ - น้ำดำ,1+700,1802,1737,29,10,0,1243,115,64,13,1,5014,4.055,2,1107,สุราษฎร์ธานีที่ 1 ,สุราษฎร์ธานี
4252,100,ทุ่งใหญ่ - ควนปริง,1+000,603,399,112,77,14,396,155,108,22,11,1897,20.409,19,708,กระบี่,นครศรีธรรมราช
4253,100,บ่อน้ำร้อน - บ่อกรัง,4+000,484,226,2,0,0,579,281,174,178,67,1992,35.149,3,474,สุราษฎร์ธานีที่ 2 (กาญจนดิษฐ์),สุราษฎร์ธานี
4254,100,หนองไทร - ยางงาม,3+000,983,1080,0,0,0,1048,169,83,42,23,3430,9.257,2,894,สุราษฎร์ธานีที่ 1 ,สุราษฎร์ธานี
4256,100,ต้นปาบ - วิภาวดี,4+000,3077,979,8,2,0,1015,246,240,99,77,5742,11.555,5,1019,สุราษฎร์ธานีที่ 1 ,สุราษฎร์ธานี
4258,100,ห้วยนาง - บ้านซา,2+200,463,166,0,1,3,851,62,32,26,6,1609,8.091,3,1374,ตรัง,ตรัง
4258,200,บ้านซา - ควนชัน,11+000,102,62,0,0,0,664,35,17,0,0,879,5.974,0,868,กระบี่,ตรัง
4259,102,ห้วยสลิง - น้ำดำ,45+000,1122,1180,22,11,0,1155,80,49,22,2,3642,4.516,24,1090,สุราษฎร์ธานีที่ 1 ,สุราษฎร์ธานี
4259,101,ทุ่งตาเพชร - ห้วยสลิง,22+000,950,1078,1,0,0,634,139,98,42,23,2966,10.204,5,842,สุราษฎร์ธานีที่ 1 ,สุราษฎร์ธานี
4260,100,ทุ่งโพธิ์ - บางใหญ่,3+500,1359,813,63,0,0,1528,163,142,77,48,4193,10.242,33,1094,สุราษฎร์ธานีที่ 1 ,สุราษฎร์ธานี
4261,100,ป่าเตียว - ทุ่งค่าย,6+100,866,488,9,0,10,2352,212,206,67,34,4244,12.487,38,1968,ตรัง,ตรัง
4262,100,บางน้ำจืด - ตะกุกเหนือ,8+500,3350,1530,19,10,1,862,514,379,166,72,6904,16.543,17,1229,สุราษฎร์ธานีที่ 1 ,สุราษฎร์ธานี
4263,100,หาดผก - บางอ้อ,5+550,332,249,0,2,0,218,94,45,2,0,942,15.152,1,573,สุราษฎร์ธานีที่ 2 (กาญจนดิษฐ์),สุราษฎร์ธานี
4264,100,บ้านช่อง - หาดเลา,9+200,778,151,0,0,1,2071,75,66,22,7,3170,5.403,22,1814,ตรัง,ตรัง
4265,100,หนองนิล - คลองสงค์,5+195,1485,1284,50,6,3,1038,271,164,69,23,4393,12.194,18,1333,สุราษฎร์ธานีที่ 1 ,สุราษฎร์ธานี
4267,100,ห้วยนาง - หนองบัว,3+950,1591,630,55,5,1,3046,678,167,15,8,6196,14.101,6,2587,ตรัง,ตรัง
4268,100,ควนตอ - บ้านควน,6+614,1359,682,95,81,96,2437,262,142,128,110,5391,15.169,158,2526,ตรัง,ตรัง
4269,102,คลองมวน - คลองโกง,14+530,5099,744,0,2,57,4885,633,83,74,43,11621,7.686,138,4697,ตรัง,ตรัง
4269,101,ห้วยยอด - คลองมวน,3+400,946,262,5,2,0,2235,72,89,18,8,3636,5.214,14,1892,ตรัง,ตรัง
4270,102,ท่างิ้ว - ทุ่งชุมพล,30+900,2333,381,10,3,15,2181,393,24,5,0,5346,8.225,67,2201,ตรัง,นครศรีธรรมราช
4270,300,ลานข่อย - ไม้เสียบ,49+900,1871,1414,7,0,0,1823,453,439,224,158,6388,19.936,32,1489,นครศรีธรรมราชที่ 2 (ทุ่งสง),นครศรีธรรมราช
4270,101,ห้วยยอด - ท่างิ้ว,5+000,585,254,9,1,1,1592,43,33,6,2,2526,3.436,0,1650,ตรัง,ตรัง
4272,100,ยือนัง - คลองชิง,13+750,982,2080,0,0,0,626,107,70,16,0,3881,4.974,50,2354,ยะลา,ยะลา
4273,200,สันกาหลง - ศรีสาคร,32+625,863,665,0,0,0,369,9,9,5,2,1922,1.307,10,1099,นราธิวาส,นราธิวาส
4273,100,ตะบิงติงงี - สันกาหลง,1+600,670,729,0,1,1,636,146,70,0,0,2253,9.681,162,1166,ยะลา,ยะลา
4276,100,ท่าประดู่ - สวนหมาก,2+000,11,9,0,0,0,373,3,0,0,0,397,0.862,0,887,กระบี่,ตรัง
4277,100,ท่านุ่น - ในหยง,1+800,513,63,51,77,6,905,70,83,135,65,1967,22.125,3,1082,ภูเก็ต,พังงา
4278,100,ทอนแจ้ - อ่าวตง,2+000,88,73,3,0,0,417,21,3,0,0,605,3.962,8,634,กระบี่,ตรัง
4282,100,ทางเข้าทุ่งมะพร้าว,3+800,789,834,13,1,1,1132,73,38,37,7,2924,5.352,0,1468,ภูเก็ต,พังงา
4283,100,ทางเข้ากะไหล,1+501,453,131,49,32,23,262,111,110,124,35,1331,32.704,19,612,พังงา,พังงา
4287,101,ท่าชะมวง - ควนลัง,23+924,5924,1485,509,312,182,649,466,501,351,272,10650,19.56,359,2898,สงขลาที่ 1,สงขลา
4289,100,สามแยกทางรถไฟ - วังสมบูรณ์,0+200,287,112,0,0,0,657,114,24,5,9,1207,12.583,1,1344,ตรัง,ตรัง
4291,100,ทางเข้าสหกรณ์สุราษฎร์ธานี,0+300,1580,1441,5,0,23,1200,238,148,80,53,4767,11.356,0,1038,สุราษฎร์ธานีที่ 1 ,สุราษฎร์ธานี
4300,100,ทางเข้ายี่งอ,1+755,1974,2017,0,0,0,1653,489,474,105,106,6817,17.222,48,2145,นราธิวาส,นราธิวาส
4302,100,หาดทรายแก้ว - ท่านุ่น,2+000,1138,1180,142,142,168,5505,425,348,138,231,9415,15.417,26,974,ภูเก็ต,ภูเก็ต
4303,100,ต้นแซะ - ทุ่งโพธิ์,2+200,1956,821,47,124,215,2119,822,1044,461,386,7996,38.18,8,1156,ภูเก็ต,พังงา
4304,100,ท่านุ่น - สามแยกสะพานสารสิน,0+300,304,118,1,10,0,541,19,8,0,1,1003,3.872,15,911,ภูเก็ต,พังงา
4305,100,ทุ่งสง - จำปา,9+000,2635,2465,143,131,66,781,162,63,34,23,6503,7.376,2,1630,นครศรีธรรมราชที่ 2 (ทุ่งสง),นครศรีธรรมราช
4309,100,สามแยกทุ่งหวัง - สงขลา,6+679,4342,1455,209,110,50,2173,386,102,35,13,8875,7.837,92,3585,สงขลาที่ 1,สงขลา
4311,100,พังงา - ทับปุด,13+900,5018,2549,654,160,138,4379,608,601,520,616,15242,17.331,12,1502,พังงา,พังงา
4315,100,บางรัก - ควนปริง,0+335,2720,2149,62,25,17,2823,395,347,217,139,8896,12.826,63,3330,ตรัง,ตรัง
4319,100,ร่อนพิบูลย์ - ควนเกย,1+500,2649,1855,85,48,33,2322,318,170,77,50,7605,9.146,2,3477,นครศรีธรรมราชที่ 2 (ทุ่งสง),นครศรีธรรมราช
4319,100,ร่อนพิบูลย์ - ควนเกย,5+859,1015,50,0,0,0,809,119,56,35,29,2113,11.297,0,739,นครศรีธรรมราชที่ 2 (ทุ่งสง),นครศรีธรรมราช
4326,100,เบตง - บ้านกม.17,1+000,2931,2046,63,0,15,2571,1907,1351,131,103,11117,31.549,41,10360,ยะลา,ยะลา
4326,100,เบตง - บ้านกม.17,17+475,341,203,0,0,0,163,73,61,0,0,842,15.875,0,1021,ยะลา,ยะลา
4327,100,สามแยกตากใบ - ตาบา,5+460,2341,2053,114,43,0,2306,254,94,63,40,7308,6.751,191,4953,นราธิวาส,นราธิวาส
4329,100,ทางเข้าสหกรณ์ทุ่งสง,1+398,296,136,0,0,6,431,50,34,1,3,957,9.905,12,417,นครศรีธรรมราชที่ 2 (ทุ่งสง),นครศรีธรรมราช
4330,100,ดอนใหญ่ - ทุ่งอ่าว,0+100,1021,927,0,0,0,633,97,25,6,1,2710,4.762,7,956,สุราษฎร์ธานีที่ 1 ,สุราษฎร์ธานี
4331,100,ห้วยกรวด - มะลวน,1+000,1042,945,11,11,2,627,211,224,139,32,3245,19.113,14,664,สุราษฎร์ธานีที่ 1 ,สุราษฎร์ธานี
4332,100,บางน้ำจืด - เขากลอย,0+180,827,122,0,0,0,710,62,0,0,0,1721,3.583,0,1221,สุราษฎร์ธานีที่ 2 (กาญจนดิษฐ์),สุราษฎร์ธานี
4338,100,วัดไทร - ปากน้ำกะแดะ,1+480,1847,867,6,0,0,1819,70,0,0,0,4608,1.512,0,1773,สุราษฎร์ธานีที่ 2 (กาญจนดิษฐ์),สุราษฎร์ธานี
4339,100,ดอนเนาว์ - บ้านพอด,1+000,806,101,0,0,0,1023,43,6,0,0,1979,2.481,0,826,สุราษฎร์ธานีที่ 2 (กาญจนดิษฐ์),สุราษฎร์ธานี
4340,100,ไสยวน - ควนขนุน,0+570,2613,2281,79,34,31,1955,91,56,24,18,7183,3.546,47,2189,พัทลุง,พัทลุง
4341,100,จอมทอง - เขาพลายดำ,1+050,2658,2595,0,0,7,265,137,107,105,21,5894,6.394,3,2189,นครศรีธรรมราชที่ 1,นครศรีธรรมราช
4345,100,ควนกุน - หนองชุมแสง,2+000,429,14,0,0,1,240,26,25,22,7,764,10.613,22,417,กระบี่,ตรัง
4347,100,ตลาดฉุ้น - บ้านซา,0+400,491,73,2,2,0,577,3,0,0,0,1149,0.497,2,935,ตรัง,ตรัง
4348,100,ห้วยเจ - ควนอารีย์,1+500,142,54,6,0,0,862,25,34,6,0,1128,5.769,1,1088,กระบี่,ตรัง
4349,100,เขาดิน - บางปอ,1+000,845,468,0,0,0,1181,251,193,59,32,3030,17.678,40,815,สุราษฎร์ธานีที่ 1 ,สุราษฎร์ธานี
4350,100,แหลมยาง - หาดผก,0+100,417,193,2,0,1,384,116,66,2,0,1182,15.749,2,443,สุราษฎร์ธานีที่ 2 (กาญจนดิษฐ์),สุราษฎร์ธานี
4353,100,ท่าฉัตรไชย - หมวดถลาง,0+600,202,48,5,13,0,348,17,8,2,2,645,6.549,8,1190,ภูเก็ต,ภูเก็ต
4363,100,ฆอแย - กาโต,5+860,56,34,2,0,1,74,48,38,9,7,270,38.136,13,247,ยะลา,ยะลา
